oid,expid,hjd,mjd,mag,magerr,catflags,filtercode,ra,dec,chi,sharp,filefracday,field,ccdid,qid,limitmag,magzp,magzprms,clrcoeff,clrcounc,exptime,airmass,programid
686103400034440,45051390,2458205.0120740077,58204.513900500002,17.7238064,0.0294359885,0,zg,298.00252119999999,29.871491800000001,0.47299999,-0.00400000019,20180327513854,686,0x3,0x4,20.5799999,26.3803444,0.0242190044,-0.109299645,1.11619411e-05,30,1.26100004,1
686103400034440,45151402,2458206.0122555234,58205.514027800004,17.6604195,0.0288231708,0,zg,298.00255520000002,29.8714631,1.023,-0.063000001,20180328514028,686,0x3,0x4,20.9699993,26.3073921,0.0181296617,-0.0608760379,6.216374e-06,30,1.24699998,1
686103400034440,45251668,2458207.0149724586,58206.516689800002,17.6593704,0.0288133025,0,zg,298.00253579999998,29.871452699999999,1.45299995,-0.104000002,20180329516678,686,0x3,0x4,20.3899994,26.1092834,0.0185825173,-0.0604691431,6.48099331e-06,30,1.222,1
686103400034440,45252553,2458207.0238155504,58206.525532400003,17.6480503,0.0287073627,0,zg,298.00255550000003,29.871469699999999,1.398,-0.0560000017,20180329525509,686,0x3,0x4,20.7399998,26.3339043,0.0170598999,-0.0617540851,5.56808345e-06,30,1.18599999,1
686103400034440,45350884,2458208.0071801585,58207.5088426,17.6328793,0.0285669547,0,zg,298.00255120000003,29.871460599999999,1.07200003,-0.0909999982,20180330508831,686,0x3,0x4,20.1700001,26.3356953,0.0223842319,-0.0483804531,9.25939094e-06,30,1.24600005,1
686103400034440,45451219,2458209.0105927321,58208.512199099998,17.4889946,0.0273210183,32768,zg,298.00253450000002,29.871478799999998,1.01900005,0.0460000001,20180331512130,686,0x3,0x4,19.2600002,26.0362988,0.033958964,-0.00788610708,2.00402919e-05,30,1.21800005,1
686103400034440,45550700,2458210.0054520415,58209.507002300001,17.4782944,0.02723426,32768,zg,298.00254289999998,29.8714771,0.864000022,-0.0469999984,20180401506979,686,0x3,0x4,19.3099995,26.0876122,0.0592275821,0.00449845148,6.06643334e-05,30,1.22899997,1
686103400034440,45651276,2458211.0112731908,58210.512766200001,17.6138439,0.0283933189,0,zg,298.00255040000002,29.8714713,1.64699996,-0.215000004,20180402512755,686,0x3,0x4,20.0900002,26.3368111,0.0227516629,-0.0409596488,9.14270277e-06,30,1.19299996,1
686103400034440,45749212,2458211.9906927953,58211.492129600003,17.5330124,0.0276862681,0,zg,298.00259779999999,29.871491500000001,0.819000006,-0.0170000009,20180403492118,686,0x3,0x4,19.3999996,26.2824745,0.0312936977,-0.0339557901,1.70531421e-05,30,1.27400005,1
686103400034440,47448528,2458228.9848869629,58228.4852894,17.5539989,0.0278652385,0,zg,298.0025253,29.871479300000001,0.98299998,-0.0299999993,20180420485185,686,0x3,0x4,20.5300007,26.3395576,0.0233543385,-0.0277588163,9.87686326e-06,30,1.11800003,1
686103400034440,47549579,2458229.9954601065,58229.495798600001,17.7562065,0.0297621246,0,zg,298.00252499999999,29.8714549,0.370999992,0.00600000005,20180421495799,686,0x3,0x4,20.7700005,26.4016991,0.0235758182,-0.108068667,1.04742103e-05,30,1.08399999,1
686103400034440,47649401,2458230.9937410094,58230.494016199998,17.6698551,0.0289123282,0,zg,298.00251209999999,29.871471700000001,1.09200001,0.074000001,20180422493993,686,0x3,0x4,20.7600002,26.0830021,0.0207985751,-0.0781837478,8.01522765e-06,30,1.08099997,1
686103400034440,47745247,2458231.9522625785,58231.452476899998,17.6267128,0.0285104085,0,zg,298.00255900000002,29.871457100000001,1.40499997,-0.0710000023,20180423452442,686,0x3,0x4,20.8500004,26.3396454,0.0257674772,-0.053701371,1.23480513e-05,30,1.20500004,1
686103400034440,47748641,2458231.9861998609,58231.486411999998,17.5611458,0.0279269088,0,zg,298.00252510000001,29.871472600000001,1.00699997,-0.0769999996,20180423486343,686,0x3,0x4,21.0599995,26.3387508,0.0186501499,-0.0403177105,6.47479192e-06,30,1.09300005,1
686103400034440,47849681,2458232.9966692724,58232.4968171,17.6077328,0.028338166,0,zg,298.0025407,29.871464799999998,1.352,-0.0599999987,20180424496701,686,0x3,0x4,21.0599995,26.3516636,0.0188246947,-0.0409038998,6.55834265e-06,30,1.06400001,1
686103400034440,48046408,2458234.9640632002,58234.464085599997,17.5963402,0.0282360967,0,zg,298.00256039999999,29.871479399999998,0.998000026,-0.0700000003,20180426464062,686,0x3,0x4,20.5499992,26.1691914,0.0208990201,-0.0289392658,7.84635631e-06,30,1.13300002,1
686103400034440,48048571,2458234.9856965947,58234.4857176,17.5802498,0.0280936044,32768,zg,298.00254539999997,29.871469300000001,2.4460001,-0.214000002,20180426485694,686,0x3,0x4,20.4200001,25.7680035,0.0255151168,-0.0273266491,1.16712317e-05,30,1.07599998,1
686103400034440,48143321,2458235.9332570611,58235.433217600003,17.5925541,0.0282023922,0,zg,298.00256180000002,29.871480999999999,1.21200001,-0.064000003,20180427433194,686,0x3,0x4,19.7999992,26.312458,0.0240294673,-0.0378130376,1.04120654e-05,30,1.24199998,1
686103400034440,48146243,2458235.962471948,58235.462430599997,17.598547,0.0282557886,0,zg,298.00254439999998,29.871507399999999,0.734000027,-0.00300000003,20180427462361,686,0x3,0x4,19.8400002,26.3385029,0.0265297703,-0.0351802148,1.27040184e-05,30,1.13,1
686103400034440,48242740,2458236.9275103742,58236.427407399999,17.571949,0.0280208383,0,zg,298.00257210000001,29.871450800000002,0.649999976,-0.00999999978,20180428427396,686,0x3,0x4,19.6200008,26.256794,0.0264786817,-0.0333527625,1.26800524e-05,30,1.25699997,1
686103400034440,48249811,2458236.9982209369,58236.498113399997,17.5344601,0.0276985075,32768,zg,298.0025306,29.871486699999998,1.19700003,-0.0610000007,20180428498090,686,0x3,0x4,19.8999996,26.3011055,0.0232273173,-0.0157323852,9.6510712e-06,30,1.04200006,1
686103400034440,48340028,2458237.9004545272,58237.4002894,17.6383419,0.0286173113,0,zg,298.00256209999998,29.8714558,0.94599998,-0.0659999996,20180429400278,686,0x3,0x4,19.4699993,26.2524853,0.0274801254,-0.0343077406,1.38611176e-05,30,1.39900005,1
686103400034440,48348521,2458237.9853905146,58237.485219900002,17.5545502,0.0278699771,0,zg,298.00253620000001,29.871486900000001,1.64699996,-0.0979999974,20180429485197,686,0x3,0x4,19.7299995,26.3142853,0.0294553451,-0.0161556341,1.59610408e-05,30,1.05999994,1
686103400034440,49045439,2458244.9550131513,58244.454398100002,17.6213264,0.028461244,0,zg,298.002546,29.8714598,1.37600005,-0.129999995,20180506454375,686,0x3,0x4,20.6399994,26.3383312,0.0193386357,-0.0442956127,6.76540458e-06,30,1.08500004,1
686103400034440,49246921,2458246.9699557167,58246.469212999997,17.6020489,0.0282871202,0,zg,298.00253529999998,29.871468799999999,1.35500002,-0.158999994,20180508469201,686,0x3,0x4,20.7700005,26.3499489,0.0188935325,-0.0298505761,6.59164061e-06,30,1.04400003,1
686103400034440,49339185,2458247.8926528208,58247.3918519,17.6230965,0.0284773763,0,zg,298.00255420000002,29.871473000000002,1.11199999,-0.0430000015,20180509391840,686,0x3,0x4,21.4200001,26.3341751,0.0170842949,-0.0521336533,5.40183555e-06,30,1.28499997,1
686103400034440,49844133,2458252.9424477341,58252.441331000002,17.5947037,0.0282215122,0,zg,298.00253350000003,29.871466999999999,0.836000025,-0.0320000015,20180514441308,686,0x3,0x4,21.4300003,26.3884888,0.0196289681,-0.0593810752,7.262297e-06,30,1.06500006,1
686103400034440,50043608,2458254.9373277095,58254.436088000002,17.6042709,0.0283070467,0,zg,298.0025397,29.871460299999999,1.01999998,-0.0820000023,20180516436042,686,0x3,0x4,21.4300003,26.3601551,0.0170636252,-0.0540580265,5.35722302e-06,30,1.06500006,1
686103400034440,50142606,2458255.9273650888,58255.426064799998,17.5805779,0.0280964915,0,zg,298.00255420000002,29.8714707,0.651000023,-0.050999999,20180517426053,686,0x3,0x4,21.1000004,26.3492413,0.0177279226,-0.043887075,5.74631667e-06,30,1.08099997,1
686103400034440,50447596,2458258.9774454641,58258.475960600001,17.5625572,0.0279391333,32768,zg,298.00249430000002,29.871458199999999,2.91799998,-0.174999997,20180520475949,686,0x3,0x4,20.7399998,26.3391781,0.0291658808,-0.00893999264,1.56449969e-05,30,1.00399995,1
686103400034440,50540302,2458259.9045610549,58259.403020799997,17.5697975,0.0280020703,32768,zg,298.00250569999997,29.871481800000002,1.09599996,-0.0560000017,20180521402963,686,0x3,0x4,19.75,25.1434097,0.032571394,-0.0160229038,1.87592632e-05,30,1.11199999,1
686103400034440,50746827,2458261.9699380156,58261.468275500003,17.5327415,0.0276839826,32768,zg,298.002184,29.871453500000001,3.13700008,0.157000005,20180523468264,686,0x3,0x4,20.2900009,26.4022141,0.0521455854,-0.00970820524,0.000701632409,30,1.00300002,1
686103400034440,50844197,2458262.9436986553,58262.441979199997,17.7049923,0.029250659,32768,zg,298.00284699999997,29.871495299999999,1.78400004,0.0890000015,20180524441979,686,0x3,0x4,20.3999996,26.8562832,0.121050499,-0.0478466563,0.00126697926,30,1.02199996,1
686103400034440,50944469,2458263.9464768441,58263.4446991,17.5168839,0.0275508575,32768,zg,298.00237129999999,29.871444,2.17000008,-0.074000001,20180525444699,686,0x3,0x4,20.4500008,26.6273689,0.0821518153,0.0286128707,0.000130753891,30,1.01600003,1
686103400034440,51246517,2458266.9671239578,58266.465173600001,17.566227,0.027970979,32768,zg,298.0025382,29.871470500000001,1.88800001,-0.147,20180528465069,686,0x3,0x4,19.7999992,26.3140049,0.0303014442,-0.0111894272,1.68900078e-05,30,1,1
686103400034440,51447898,2458268.981044427,58268.478981499997,17.5712681,0.0280148927,32768,zg,298.0024851,29.871465199999999,0.867999971,-0.0979999974,20180530478924,686,0x3,0x4,19.5900002,26.3340359,0.0292418357,-0.0125073763,1.538586e-05,30,1.00300002,1
686103400034440,51746285,2458271.9650845043,58271.462858799998,17.791481,0.030127475,0,zg,298.00250369999998,29.871542999999999,0.916999996,0.0270000007,20180602462859,686,0x3,0x4,20.0499992,26.4113579,0.0239768941,-0.125239983,1.13789865e-05,30,1.00100005,1
686103400034440,51840006,2458272.9023451856,58272.400069399999,17.6137543,0.0283925086,0,zg,298.00253850000001,29.871455900000001,1.38399994,-0.0610000007,20180603400046,686,0x3,0x4,20.5200005,26.3219948,0.018577531,-0.0371440835,6.55632857e-06,30,1.04100001,1
686103400034440,51946101,2458273.9633503696,58273.461018499998,17.58535,0.0281385593,0,zg,298.00252069999999,29.871471499999998,1.00199997,-0.0610000007,20180604461007,686,0x3,0x4,20.6599998,26.3604336,0.0196807217,-0.0370631553,7.46882733e-06,30,1.00100005,1
686103400034440,52040097,2458274.9033531714,58274.400972199997,17.6438599,0.0286684055,0,zg,298.00253650000002,29.871470299999999,1.63199997,-0.0689999983,20180605400972,686,0x3,0x4,20.9899998,26.3692665,0.0177321099,-0.0590610579,6.03734816e-06,30,1.03199995,1
686103400034440,52144144,2458275.9438815028,58275.441446800003,17.66716,0.0288867857,0,zg,298.00251750000001,29.871466900000001,0.771000028,-0.0329999998,20180606441435,686,0x3,0x4,20.9099998,26.39501,0.0180009622,-0.07614775,6.65991729e-06,30,1,1
686103400034440,52237160,2458276.8740909281,58276.3716088,17.6665611,0.0288811233,0,zg,298.0025382,29.871474200000002,0.601000011,0.00300000003,20180607371505,686,0x3,0x4,21.2399998,26.3717499,0.0180381052,-0.0847409293,5.98783981e-06,30,1.074,1
686103400034440,52337072,2458277.8732616641,58277.370729200004,17.6171112,0.0284229275,0,zg,298.00254940000002,29.871467200000001,1.12,0.0489999987,20180608370729,686,0x3,0x4,21.2800007,26.3181419,0.0173743125,-0.0589581057,5.62826062e-06,30,1.07000005,1
686103400034440,52441239,2458278.9149800511,58278.412395799998,17.6218071,0.0284656193,0,zg,298.00252879999999,29.871472300000001,1.15799999,-0.0909999982,20180609412373,686,0x3,0x4,21.3899994,26.3738174,0.0176345427,-0.0541072637,5.70281236e-06,30,1.00899994,1
686103400034440,52537040,2458279.8730363012,58279.370405100002,17.6105289,0.0283633731,0,zg,298.00253709999998,29.871472000000001,1.12,-0.0549999997,20180610370405,686,0x3,0x4,20.9899998,26.3384686,0.024057962,-0.0595696643,1.08124032e-05,30,1.05999994,1
686103400034440,52640829,2458280.9109799727,58280.408298599999,17.6269875,0.0285129175,0,zg,298.00253750000002,29.871468400000001,0.968999982,-0.0170000009,20180611408125,686,0x3,0x4,21.6000004,26.4159279,0.0181361176,-0.0711571202,6.0833886e-06,30,1.00800002,1
686103400034440,52839344,2458282.8962242617,58282.393449100004,17.5962448,0.0282352455,0,zg,298.00253429999998,29.871474500000001,0.894999981,-0.0469999984,20180613393287,686,0x3,0x4,21.2700005,26.2330742,0.0183655713,-0.0464812815,6.31014018e-06,30,1.01499999,1
686103400034440,52943498,2458283.9378116154,58283.434988399997,17.607254,0.0283338539,0,zg,298.00253700000002,29.871471100000001,1.01199996,-0.0689999983,20180614434931,686,0x3,0x4,21.2299995,26.3731174,0.0161309205,-0.0522474237,4.86540193e-06,30,1.00199997,1
686103400034440,53039289,2458284.8957601842,58284.3928935,17.6252136,0.0284966994,32768,zg,298.00253029999999,29.871465700000002,0.950999975,-0.0160000008,20180615392789,686,0x3,0x4,21.1000004,26.0001335,0.0249519292,-0.0645805597,1.16250812e-05,30,1.01100004,1
686103400034440,53142151,2458285.9244287815,58285.421516199996,17.6534767,0.0287580192,0,zg,298.00253049999998,29.8714771,0.897000015,-0.0410000011,20180616421482,686,0x3,0x4,21.5400009,26.4155083,0.0168581381,-0.0673461482,5.24636107e-06,30,1,1
686103400034440,53242162,2458286.9245768129,58286.421620399997,17.6381512,0.0286155473,0,zg,298.00253229999998,29.871476900000001,1.24600005,-0.0240000002,20180617421493,686,0x3,0x4,21.3799992,26.404171,0.0159349386,-0.0735583231,4.81047982e-06,30,1.00100005,1
686103400034440,53340221,2458287.9052092186,58287.402210599997,17.6115685,0.0283727571,0,zg,298.00253889999999,29.871496499999999,1.17799997,-0.0219999999,20180618402199,686,0x3,0x4,20.5799999,26.3664207,0.0266717244,-0.039909862,1.30069466e-05,30,1.00199997,1
686103400034440,53541184,2458289.9149230001,58289.411840300003,17.6085052,0.0283451229,0,zg,298.00252110000002,29.871453599999999,1.38600004,-0.0769999996,20180620411782,686,0x3,0x4,21.0699997,26.3761425,0.0176999047,-0.0460753143,5.7465345e-06,30,1,1
686103400034440,53643763,2458290.9407632346,58290.437638900003,17.6115055,0.0283721834,0,zg,298.00251960000003,29.871466699999999,1.38399994,-0.0790000036,20180621437616,686,0x3,0x4,21.1700001,26.3574429,0.0214700438,-0.0438438989,8.53581241e-06,30,1.01499999,1
686103400034440,53743638,2458291.939552932,58291.436388900001,17.6270561,0.0285135526,0,zg,298.00252039999998,29.8714689,0.453000009,-0.00400000019,20180622436331,686,0x3,0x4,21.3199997,26.370924,0.0192888714,-0.0471142456,6.62846287e-06,30,1.01699996,1
686103400034440,53843668,2458292.939892747,58292.436689800001,17.6487274,0.0287136696,0,zg,298.00253179999999,29.871466300000002,0.985000014,-0.075000003,20180623436632,686,0x3,0x4,21.4899998,26.3827114,0.0164548792,-0.0510330796,4.87240777e-06,30,1.01999998,1
686103400034440,53942219,2458293.9254395547,58293.422199100001,17.6455765,0.0286843497,0,zg,298.00252619999998,29.871475100000001,0.651000023,-0.00300000003,20180624422187,686,0x3,0x4,20.9200001,26.3826427,0.0213455372,-0.0610209145,8.56120369e-06,30,1.00899994,1
686103400034440,54137826,2458295.8815763094,58295.378263899998,17.4994659,0.0274066832,32768,zg,298.00249489999999,29.871478799999998,1.24199998,-0.0170000009,20180626378079,686,0x3,0x4,19.8799992,26.314846,0.0344192162,-0.00279107317,2.13964686e-05,30,1.00199997,1
686103400034440,54244824,2458296.9515910344,58296.448240700003,17.6087589,0.0283474103,0,zg,298.00252080000001,29.8714634,1.10699999,-0.0829999968,20180627448229,686,0x3,0x4,20.0200005,26.3236523,0.0219446365,-0.0406819358,8.95855464e-06,30,1.05200005,1
686103400034440,54345781,2458297.9611976887,58297.457812499997,17.6025696,0.028291788,0,zg,298.0025392,29.871468100000001,0.985000014,-0.0689999983,20180628457813,686,0x3,0x4,19.5100002,26.2884159,0.0271118563,-0.0332281999,1.35365826e-05,30,1.07700002,1
686103400034440,54447857,2458298.9819958904,58298.478576399997,17.5725555,0.0280261394,0,zg,298.00248620000002,29.871490999999999,1.23800004,-0.0370000005,20180629478565,686,0x3,0x4,19.0699997,26.2442455,0.037158262,-0.0225097127,2.50054927e-05,30,1.14100003,1
686103400034440,54544188,2458299.9453376266,58299.441886599998,17.5841141,0.0281276461,32768,zg,298.00247080000003,29.871466300000002,1.26400006,-0.0350000001,20180630441875,686,0x3,0x4,19.6700001,26.2670689,0.0330800377,0.000978756114,2.05371216e-05,30,1.05499995,1
686103400034440,54647934,2458300.9828242916,58300.4793403,17.6179981,0.0284309778,0,zg,298.00252380000001,29.871465499999999,0.492000014,-0.0399999991,20180701479248,686,0x3,0x4,20.1700001,26.2779236,0.0206278283,-0.0470470861,7.79293259e-06,30,1.16199994,1
686103400034440,54732270,2458301.8262184011,58301.322708300002,17.6393433,0.028626563,0,zg,298.00253070000002,29.871462600000001,0.652999997,-0.0270000007,20180702322697,686,0x3,0x4,20.6499996,26.300354,0.017685784,-0.0502690375,5.58884176e-06,30,1.03900003,1
686103400034440,54843516,2458302.9387054858,58302.435162000002,17.5264549,0.0276309904,32768,zg,298.00247259999998,29.871449399999999,1.98000002,-0.165000007,20180703435150,686,0x3,0x4,20.2600002,26.3000355,0.0256807096,-0.0104415715,1.21910589e-05,30,1.05799997,1
686103400034440,54940520,2458303.9087799527,58303.405208299999,17.6639175,0.0288561359,0,zg,298.0025296,29.871468199999999,1.56799996,-0.00700000022,20180704405197,686,0x3,0x4,21.0400009,26.3210201,0.0197996963,-0.0749519765,7.05512912e-06,30,1.01800001,1
686103400034440,55042895,2458304.9325586888,58304.428958299999,17.6519794,0.0287440177,0,zg,298.00253679999997,29.8714789,0.643000007,0.0340000018,20180705428947,686,0x3,0x4,21.1700001,26.3390961,0.0171800964,-0.0636502281,5.52054917e-06,30,1.05700004,1
686103400034440,55133028,2458305.8339142753,58305.330289400001,17.6620178,0.0288382284,0,zg,298.00252469999998,29.8714613,1.61800003,0.00499999989,20180706330185,686,0x3,0x4,21.4300003,26.3481216,0.0165580008,-0.0737640932,5.03035426e-06,30,1.01600003,1
686103400034440,55234067,2458306.844322667,58306.3406713,17.84799,0.0307359155,32768,zg,298.00245799999999,29.871601699999999,0.338,0.0309999995,20180707340648,686,0x3,0x4,21.0900002,26.3249378,0.0247888118,-0.170677766,1.14476197e-05,30,1.00600004,1
686103400034440,55333738,2458307.8410608377,58307.337384300001,17.595726,0.0282306224,0,zg,298.0025321,29.8714701,0.633000016,-0.0379999988,20180708337373,686,0x3,0x4,21.4300003,26.2384892,0.0197560899,-0.0526964292,7.14415683e-06,30,1.00600004,1
686103400034440,55637518,2458310.8789323419,58310.375185199999,17.5033264,0.0274384636,32768,zg,298.00249839999998,29.871472300000001,2.97300005,-0.166999996,20180711375127,686,0x3,0x4,20.8099995,26.2508602,0.0257175155,-0.00203988119,1.20449486e-05,30,1.00899994,1
686103400034440,55737453,2458311.8783053388,58311.374537000003,17.6248035,0.0284929574,0,zg,298.00247880000001,29.8714677,1.89199996,-0.180999994,20180712374514,686,0x3,0x4,20.9799995,26.0727844,0.0237068105,-0.0266351104,1.02784488e-05,30,1.00999999,1
686103400034440,55836261,2458312.866403996,58312.362615700004,17.5781746,0.0280753653,0,zg,298.00252360000002,29.8714789,2.91599989,-0.217999995,20180713362558,686,0x3,0x4,21.0499992,26.2629547,0.0203827918,-0.0253679529,7.48272805e-06,30,1.005,1
686103400034440,55935922,2458313.8630319131,58313.359224500004,17.6024933,0.0282911044,0,zg,298.00252870000003,29.8714616,1.30299997,-0.105999999,20180714359178,686,0x3,0x4,21.3799992,26.2593536,0.0198642462,-0.0489833839,7.19819309e-06,30,1.00399995,1
686103400034440,56039446,2458314.8982937764,58314.394467600003,17.5341396,0.0276958048,32768,zg,298.00240179999997,29.8714634,2.35100007,-0.0850000009,20180715394410,686,0x3,0x4,20.3600006,26.3126698,0.0429753736,-0.000574895879,3.48394788e-05,30,1.04400003,1
686103400034440,56141570,2458315.9195495951,58315.415706,17.5966167,0.028238561,0,zg,298.00252330000001,29.871477200000001,1.84300005,-0.163000003,20180716415648,686,0x3,0x4,21.0100002,26.1324177,0.01830329,-0.0347756222,6.11569158e-06,30,1.09300005,1
686103400034440,56238010,2458316.8839632757,58316.380104199998,17.575695,0.0280536152,0,zg,298.00251070000002,29.8714738,1.42499995,0.0359999985,20180717380093,686,0x3,0x4,21.1000004,26.2094002,0.0200491082,-0.0244007688,7.40586074e-06,30,1.03100002,1
686103400034440,56339329,2458317.8971728743,58317.3932986,17.5974541,0.0282460377,32768,zg,298.00244750000002,29.871459000000002,2.14899993,-0.148000002,20180718393241,686,0x3,0x4,20.4200001,25.9851551,0.0406674333,-0.0113803763,2.90410935e-05,30,1.05599999,1
686103400034440,56440225,2458318.9061452411,58318.402256900001,17.5927544,0.0282041728,0,zg,298.00250729999999,29.8714707,0.998000026,-0.0909999982,20180719402234,686,0x3,0x4,21.3600006,26.3705463,0.0194158852,-0.0444166549,6.69004248e-06,30,1.08099997,1
686103400034440,56537256,2458319.8764702789,58319.372569400002,17.6340637,0.0285778586,0,zg,298.00251470000001,29.8714789,0.990999997,-0.0390000008,20180720372512,686,0x3,0x4,20.9699993,26.3581429,0.0238464326,-0.0538454577,1.06073721e-05,30,1.03199995,1
686103400034440,56641640,2458320.9203137294,58320.416400499998,17.6450729,0.0286796652,0,zg,298.00252369999998,29.8714643,0.796000004,-0.0390000008,20180721416389,686,0x3,0x4,21.2700005,26.155117,0.0212742891,-0.0559529141,8.25050029e-06,30,1.13399994,1
686103400034440,56740228,2458321.9062039657,58321.402280100003,17.6077614,0.0283384211,0,zg,298.00252699999999,29.8714817,0.791999996,-0.0469999984,20180722402269,686,0x3,0x4,21.4300003,26.3566875,0.0183272008,-0.0527331568,6.2657391e-06,30,1.10099995,1
686103400034440,56842821,2458322.9321514224,58322.428217599998,17.6668167,0.0288835354,32768,zg,298.00252649999999,29.871459099999999,0.173999995,-0.0120000001,20180723428206,686,0x3,0x4,21.3799992,26.3380375,0.0160653461,-0.0596143864,4.70903342e-06,30,1.19700003,1
686103400034440,56940296,2458323.9069052823,58323.402963,17.6626854,0.0288445186,0,zg,298.00253220000002,29.871457899999999,0.476000011,-0.0299999993,20180724402951,686,0x3,0x4,20.7000008,26.3078117,0.0184815973,-0.0490631536,6.35422202e-06,30,1.11899996,1
686103400034440,57042076,2458324.9247139115,58324.420763900001,17.6662407,0.0288780928,0,zg,298.00250670000003,29.8714592,1.97500002,-0.169,20180725420764,686,0x3,0x4,20.2800007,26.2223358,0.0195024144,-0.0551548228,7.25845621e-06,30,1.18900001,1
686103400034440,57140981,2458325.9137712857,58325.409814799998,17.5725384,0.0280259959,32768,zg,298.00249760000003,29.8714914,0.736999989,-0.0460000001,20180726409803,686,0x3,0x4,19.5,26.2401619,0.0293167215,-0.0123010064,1.51425247e-05,30,1.15799999,1
686103400034440,57242965,2458326.9336148552,58326.429652799998,17.6660633,0.0288764089,32768,zg,298.00252940000001,29.871469000000001,0.841000021,-0.119000003,20180727429641,686,0x3,0x4,19.5300007,26.0631866,0.0283774938,-0.0556096025,1.42328909e-05,30,1.25199997,1
686103400034440,57444796,2458328.9519328149,58328.447962999999,17.5826073,0.0281143561,32768,zg,298.00242939999998,29.871495599999999,0.523000002,0.0219999999,20180729447940,686,0x3,0x4,18.4099998,25.5224648,0.0894856378,-0.0394891128,0.000267528056,30,1.38900006,1
686103400034440,57541554,2458329.9195160335,58329.415544000003,17.6707458,0.028920779,0,zg,298.00249989999998,29.8714516,0.933000028,-0.0780000016,20180730415521,686,0x3,0x4,20.1100006,26.2198982,0.0234869719,-0.045888219,1.01647156e-05,30,1.22399998,1
686103400034440,57628902,2458330.7930009956,58330.289027799998,17.6142998,0.0283974502,0,zg,298.00250160000002,29.871464899999999,1.38499999,-0.00100000005,20180731289005,686,0x3,0x4,20.1900005,26.2540684,0.0234237891,-0.0285490621,9.8745395e-06,30,1.00100005,1
686103400034440,57729885,2458331.8028276693,58331.298854200002,17.6855316,0.0290620327,0,zg,298.00254260000003,29.871464700000001,1.63399994,-0.0769999996,20180801298727,686,0x3,0x4,20.75,26.2945805,0.0174448136,-0.0582647137,5.72105409e-06,30,1.00100005,1
686103400034440,57823820,2458332.7421787325,58332.238206000002,17.6644459,0.0288611241,0,zg,298.00254289999998,29.8714598,1.78699994,-0.162,20180802238194,686,0x3,0x4,21.3999996,26.2994137,0.0175278205,-0.0537265278,5.65104529e-06,30,1.03900003,1
686103400034440,58030501,2458334.8089794037,58334.305011600001,17.6395073,0.0286280755,0,zg,298.00253700000002,29.871461499999999,1.22899997,-0.128000006,20180804304965,686,0x3,0x4,21.2700005,26.329361,0.0183679983,-0.0567840971,6.29660781e-06,30,1.00600004,1
686103400034440,58227427,2458336.7782296282,58336.274270800001,17.6157341,0.0284104403,32768,zg,298.00253290000001,29.871467200000001,1.12300003,-0.111000001,20180806274109,686,0x3,0x4,21.4099998,26.3936672,0.0179846454,-0.0519045852,5.94938092e-06,30,1,1
686103400034440,58337024,2458337.8741950933,58337.370243099998,17.6042671,0.0283070151,0,zg,298.00252690000002,29.871472199999999,0.870999992,-0.064000003,20180807370243,686,0x3,0x4,21.25,26.315115,0.0169377234,-0.0427776277,5.29809176e-06,30,1.13600004,1
686103400034440,58437100,2458338.8749515498,58338.371006900001,17.6351776,0.0285881143,0,zg,298.0025162,29.871456800000001,0.998000026,-0.100000001,20180808371007,686,0x3,0x4,21.2800007,26.2962112,0.017688958,-0.0505830534,5.74633714e-06,30,1.14699996,1
686103400034440,58634947,2458340.8534061732,58340.349479199998,17.5527573,0.0278545562,32768,zg,298.00253070000002,29.871468100000001,1.27900004,-0.103,20180810349479,686,0x3,0x4,20.4400005,25.4744034,0.0249955133,-0.0125334365,1.13421765e-05,30,1.09899998,1
686103400034440,58930585,2458343.8097492419,58343.305856500003,17.6387196,0.0286208019,0,zg,298.00253800000002,29.871464199999998,1.37,-0.103,20180813305845,686,0x3,0x4,21.3799992,26.3206997,0.0179608762,-0.0531525612,5.89176489e-06,30,1.02999997,1
686103400034440,59034155,2458344.8454294237,58344.341550899997,17.6285744,0.0285274461,0,zg,298.00252949999998,29.871466099999999,1.25600004,-0.0359999985,20180814341528,686,0x3,0x4,21.4099998,26.2951546,0.018680755,-0.0599754937,6.59661828e-06,30,1.10699999,1
686103400034440,59131142,2458345.8152878089,58345.311423599996,17.6060829,0.0283233244,0,zg,298.00252060000003,29.8714777,1.72500002,-0.0109999999,20180815311400,686,0x3,0x4,21.2399998,26.2739162,0.019544879,-0.0392418914,7.01021418e-06,30,1.04700005,1
686103400034440,59231952,2458346.8233737629,58346.319525500003,17.6096954,0.0283558462,0,zg,298.00251609999998,29.8714701,0.954999983,-0.0590000004,20180816319514,686,0x3,0x4,21.2900009,26.2485504,0.0236937478,-0.0396956876,1.04219171e-05,30,1.06799996,1
686103400034440,59434934,2458348.8531532208,58348.349340300003,17.5918369,0.0281960256,0,zg,298.00251400000002,29.8714683,1.50399995,-0.108000003,20180818349329,686,0x3,0x4,21.2700005,26.2802258,0.0206326395,-0.0394567102,7.84495933e-06,30,1.16700006,1
686103400034440,59536908,2458349.8728791461,58349.369085600003,17.6295967,0.0285368208,0,zg,298.00251969999999,29.871457100000001,0.735000014,-0.0189999994,20180819369062,686,0x3,0x4,21.3999996,26.284071,0.0177688226,-0.0572478101,5.79082462e-06,30,1.26400006,1
686103400034440,59633971,2458350.8434847444,58350.339710599997,17.6420021,0.0286511704,0,zg,298.00252139999998,29.871455699999999,1.34000003,-0.0879999995,20180820339699,686,0x3,0x4,21.3099995,26.3035984,0.0207387879,-0.0468840189,8.10321399e-06,30,1.153,1
686103400034440,59730437,2458351.8081289046,58351.304375,17.5299606,0.0276605058,32768,zg,298.00252039999998,29.871462399999999,2.20700002,-0.0989999995,20180821304375,686,0x3,0x4,20.25,26.31213,0.0373578556,0.00449931249,2.54539755e-05,30,1.06500006,1
686103400034440,59834105,2458352.8447842537,58352.341053199998,17.6360798,0.0285964292,0,zg,298.00252390000003,29.871486699999998,0.529999971,-0.0489999987,20180822341042,686,0x3,0x4,20.2800007,26.2693958,0.0209419876,-0.0288569853,7.91721141e-06,30,1.17700005,1
686103400034440,60616896,2458360.6724940059,58360.168969899998,17.5456123,0.0277933404,0,zg,298.0025291,29.8714671,1.06599998,-0.00499999989,20180830168912,686,0x3,0x4,21.3700008,26.3838406,0.018075496,-0.0504801981,6.09048811e-06,30,1.028,1
686103400034440,60721049,2458361.7139897626,58361.210497699998,17.5389423,0.0277365148,32768,zg,298.00252360000002,29.871466300000002,0.656000018,-0.0240000002,20180831210451,686,0x3,0x4,21.0100002,26.4021606,0.0221028961,-0.0296983607,9.06551395e-06,30,1,1
686103400034440,60822534,2458362.7288070368,58362.225347200001,17.5984383,0.0282548182,0,zg,298.00252410000002,29.871468700000001,1.44400001,-0.131999999,20180901225289,686,0x3,0x4,21.2299995,26.3838825,0.0191022214,-0.0492916703,6.73393197e-06,30,1.00399995,1
686103400034440,60919369,2458363.6971202809,58363.193692100001,17.5515556,0.0278442353,0,zg,298.00253459999999,29.8714665,1.05200005,-0.0450000018,20180902193692,686,0x3,0x4,21.0200005,26.1928253,0.0243299622,-0.0440099798,1.12787284e-05,30,1.00199997,1
686103400034440,61023270,2458364.7361015296,58364.232708299998,17.6050606,0.0283141322,0,zg,298.00253229999998,29.871472799999999,1.74000001,-0.0439999998,20180903232697,686,0x3,0x4,21.4099998,26.3375549,0.0197377447,-0.0473932438,7.20662683e-06,30,1.01300001,1
686103400034440,61127949,2458365.7828476843,58365.279490699999,17.6341782,0.028578911,0,zg,298.00252649999999,29.871460500000001,1.06200004,-0.0320000015,20180904279433,686,0x3,0x4,21.2999992,26.3157387,0.0180245694,-0.0544466302,6.1195733e-06,30,1.09399998,1
686103400034440,61223157,2458366.7348972736,58366.231574099998,17.6593933,0.0288135167,0,zg,298.00253609999999,29.871477899999999,1.87399995,-0.0850000009,20180905231574,686,0x3,0x4,21.3700008,26.3711376,0.0229056533,-0.0495522618,9.8684086e-06,30,1.01699996,1
686103400034440,61325234,2458367.7556354748,58367.252349499999,17.7246857,0.029444715,0,zg,298.0025215,29.871475,1.36300004,0.0460000001,20180906252338,686,0x3,0x4,21.4300003,26.3676453,0.016436968,-0.0821549669,5.03902766e-06,30,1.04799998,1
686103400034440,61425497,2458368.7582254251,58368.254976900003,17.7033825,0.029234942,0,zg,298.00251989999998,29.871461,1.29900002,0.0469999984,20180907254907,686,0x3,0x4,21.4400005,26.38027,0.0161930677,-0.0781622604,4.91099809e-06,30,1.05799997,1
686103400034440,61526898,2458369.7721912269,58369.268981499998,17.6978893,0.0291814581,0,zg,298.0025144,29.871469399999999,1.60300004,-0.0399999991,20180908268982,686,0x3,0x4,21.5200005,26.3587074,0.0165824518,-0.0694318563,5.10549216e-06,30,1.09500003,1
686103400034440,61624633,2458370.7495024907,58370.246331000002,17.6733494,0.0289455224,0,zg,298.00253679999997,29.871466099999999,0.894999981,-0.0320000015,20180909246319,686,0x3,0x4,21.2999992,26.3721657,0.016581377,-0.0702111721,5.14973954e-06,30,1.05200005,1
686103400034440,61726999,2458371.7731305212,58371.269999999997,17.6614304,0.0288326908,0,zg,298.00252030000001,29.871472300000001,0.479000002,-0.0399999991,20180910269942,686,0x3,0x4,21.3600006,26.3810673,0.0171428751,-0.0627198145,5.46329284e-06,30,1.11199999,1
686103400034440,61825846,2458372.7615507245,58372.258460600002,17.6840992,0.0290482771,0,zg,298.00252419999998,29.8714659,1.13900006,0.0340000018,20180911258449,686,0x3,0x4,21.1900005,26.3800182,0.0177363232,-0.065386571,5.79937705e-06,30,1.08899999,1
686103400034440,61925828,2458373.7613354134,58373.258286999997,17.7028313,0.0292295553,0,zg,298.00253229999998,29.871466099999999,0.605000019,-0.00300000003,20180912258275,686,0x3,0x4,21.3799992,26.3977299,0.0218680054,-0.0767501667,9.07824233e-06,30,1.09500003,1
686103400034440,62025190,2458374.7549158363,58374.251909699997,17.6529465,0.028753059,0,zg,298.00252490000003,29.871473300000002,0.966000021,-0.0790000036,20180913251910,686,0x3,0x4,21.2600002,26.3667259,0.016537251,-0.0574148074,4.93356447e-06,30,1.08599997,1
686103400034440,62123259,2458375.7355562192,58375.232592599998,17.7271519,0.0294692498,0,zg,298.00252030000001,29.871488100000001,1.47500002,0.050999999,20180914232581,686,0x3,0x4,21.4599991,26.4201393,0.0187038109,-0.0863707736,6.49248659e-06,30,1.05200005,1
686103400034440,62223251,2458376.7354310607,58376.232511599999,17.7013168,0.0292147975,0,zg,298.0025334,29.871465199999999,1.51400006,-0.0309999995,20180915232500,686,0x3,0x4,21.4200001,26.3971958,0.016134819,-0.0748673975,4.80458993e-06,30,1.05599999,1
686103400034440,62323333,2458377.7362077623,58377.233333299999,17.6923676,0.0291279424,0,zg,298.00252410000002,29.871473399999999,0.836000025,-0.00700000022,20180916233322,686,0x3,0x4,21.2700005,26.3782005,0.0175663624,-0.0791225061,5.78247273e-06,30,1.06299996,1
686103400034440,62430366,2458378.8064944251,58378.303669000001,17.7104073,0.0293037016,0,zg,298.00252560000001,29.8714795,0.702000022,0.00800000038,20180917303669,686,0x3,0x4,21.0799999,26.3511677,0.0168633573,-0.0865429491,5.4283455e-06,30,1.33500004,1
686103400034440,62516932,2458379.6721139261,58379.169328700002,17.6739597,0.028951332,0,zg,298.00253120000002,29.871465300000001,1.35899997,0.00999999978,20180918169259,686,0x3,0x4,21.0100002,26.3987522,0.0173940938,-0.0763710663,5.66293329e-06,30,1.00100005,1
686103400034440,62617501,2458380.6777493376,58380.175011599997,17.7460823,0.0296592545,0,zg,298.00253729999997,29.871448600000001,0.999000013,0.0390000008,20180919174954,686,0x3,0x4,20.7099991,26.4538212,0.0212826841,-0.110695541,8.6382106e-06,30,1.00399995,1
686103400034440,62723162,2458381.7343074149,58381.231620400002,17.7168522,0.0293671396,0,zg,298.0025205,29.871464400000001,1.403,0.0810000002,20180920231609,686,0x3,0x4,20.6299992,26.3426094,0.0172708612,-0.0892370567,5.59717864e-06,30,1.08299994,1
686103400034440,62818945,2458382.6920963647,58382.189456,17.6949158,0.0291526001,0,zg,298.00252999999998,29.871468700000001,0.579999983,-0.0219999999,20180921189444,686,0x3,0x4,20.6700001,26.3485413,0.0171139669,-0.0707976148,5.48794469e-06,30,1.01800001,1
686103400034440,62919109,2458383.6936903605,58383.1910995,17.5802879,0.0280939415,0,zg,298.00251689999999,29.871463299999998,0.917999983,-0.061999999,20180922191053,686,0x3,0x4,20.0400009,26.3013458,0.0235794093,-0.0520913228,1.01052256e-05,30,1.023,1
686103400034440,63024956,2458384.7520979568,58384.249560199998,17.702816,0.0292294156,0,zg,298.00253129999999,29.871460899999999,0.866999984,-0.0869999975,20180923249560,686,0x3,0x4,20.1800003,26.2404461,0.0187725052,-0.0675423592,6.71953148e-06,30,1.15900004,1
686103400034440,63215221,2458386.6546510588,58386.152210599997,17.7136002,0.0293350834,0,zg,298.00251900000001,29.871465000000001,0.904999971,-0.0219999999,20180925152164,686,0x3,0x4,20.3899994,26.3652172,0.0192493238,-0.0863576904,6.8826771e-06,30,1.00100005,1
686103400034440,63317153,2458387.6739267199,58387.171539399998,17.6460037,0.0286883134,0,zg,298.00253370000001,29.871464599999999,0.80400002,-0.0689999983,20180926171528,686,0x3,0x4,20.5499992,26.3403893,0.0186968781,-0.0591005273,6.74154944e-06,30,1.01400006,1
686103400034440,63516388,2458389.666170428,58389.163888900002,17.7085571,0.0292855538,0,zg,298.00250210000002,29.871465600000001,0.801999986,0.0469999984,20180928163843,686,0x3,0x4,21.0300007,26.3800201,0.0182557087,-0.0841062963,6.24328095e-06,30,1.01199996,1
686103400034440,63615282,2458390.6550522004,58390.152824099998,17.7203102,0.0294013266,0,zg,298.00253739999999,29.8714616,1.13999999,-0.0719999969,20180929152292,686,0x3,0x4,21.6200008,26.4168415,0.0162198637,-0.083387889,5.00838405e-06,30,1.00600004,1
686103400034440,67116114,2458425.6612220276,58425.161145799997,17.7860184,0.0300701875,32768,zg,298.00245260000003,29.871479600000001,0.685000002,0.0130000003,20181103161134,686,0x3,0x4,19.7900009,25.4637775,0.0475326404,-0.0978024974,4.17433366e-05,30,1.26199996,1
686103400034440,67216416,2458426.6641778713,58426.1641667,17.7913609,0.0301262122,0,zg,298.00246779999998,29.871467800000001,1.06299996,0.0430000015,20181104164167,686,0x3,0x4,20.5699997,26.0251293,0.0206247848,-0.122263096,7.95850883e-06,30,1.29200006,1
686103400034440,67316000,2458427.6599466335,58427.160000000003,17.7254467,0.0294522867,32768,zg,298.00248959999999,29.871486399999998,0.79400003,-0.00100000005,20181105159988,686,0x3,0x4,19.7399998,25.6659241,0.0507303551,-0.0966239721,4.77767571e-05,30,1.28400004,1
686103400034440,67415386,2458428.6537479884,58428.153865699998,17.6913757,0.0291183572,0,zg,298.00250199999999,29.8714604,0.504999995,0.0219999999,20181106153854,686,0x3,0x4,21.0799999,26.3355923,0.0175629687,-0.0713731423,5.74724891e-06,30,1.26600003,1
686103400034440,67516222,2458429.6620392818,58429.162222200001,17.7071381,0.0292716473,0,zg,298.0025081,29.871457800000002,0.479000002,-0.0280000009,20181107162211,686,0x3,0x4,21.1299992,26.3204288,0.016563205,-0.0712890178,5.06036577e-06,30,1.32700002,1
686103400034440,67613916,2458430.6389207384,58430.139166699999,17.7016582,0.0292181224,0,zg,298.0025263,29.871455399999999,0.925999999,-0.0260000005,20181108139120,686,0x3,0x4,21.3299999,26.3618984,0.0164343975,-0.0797928944,4.89204785e-06,30,1.22300005,1
686103400034440,67709726,2458431.596960838,58431.097268500002,17.7358017,0.0295556914,0,zg,298.00251070000002,29.871470800000001,0.639999986,0.00499999989,20181109097211,686,0x3,0x4,20.3799992,26.348278,0.0270044859,-0.0859088823,1.39322165e-05,30,1.09000003,1
686103400034440,67815276,2458432.6523906579,58432.152766200001,17.6890812,0.0290962085,0,zg,298.00251889999998,29.871476600000001,0.829999983,0.00800000038,20181110152755,686,0x3,0x4,20.3799992,26.3273716,0.0216617808,-0.0938546062,8.83655684e-06,30,1.32000005,1
686103400034440,67914186,2458433.6414244627,58433.1418634,17.6049042,0.0283127297,32768,zg,298.00249580000002,29.8714601,0.824999988,0.00100000005,20181111141817,686,0x3,0x4,19.9599991,25.6507835,0.0259739347,-0.0419629589,1.27571948e-05,30,1.27499998,1
686103400034440,68013652,2458434.6360252998,58434.136527800001,17.6772919,0.0289830957,0,zg,298.00253120000002,29.871442399999999,1.10300004,-0.0130000003,20181112136516,686,0x3,0x4,20.1900005,26.2735844,0.0231503956,-0.0671302006,1.02902277e-05,30,1.26199996,1
686103400034440,68113074,2458435.6301748659,58435.130740699999,17.6401482,0.0286340062,0,zg,298.00248110000001,29.871380599999998,1.57299995,0.0199999996,20181113130741,686,0x3,0x4,19.6000004,26.3331966,0.0370154046,-0.0844265446,2.77803429e-05,30,1.24699998,1
686103400034440,71511949,2458469.6170172892,58469.119490700003,17.6845665,0.0290527642,32768,zg,298.00243929999999,29.871466000000002,0.501999974,0.0130000003,20181217119491,686,0x3,0x4,19.6800003,25.8978462,0.0301127695,-0.0629272684,1.62205833e-05,30,2.01399994,1
686103400034440,81445478,2458568.9528833088,58568.454780100001,17.6585026,0.028805146,32768,zg,298.00255979999997,29.871436500000002,0.744000018,-0.0790000036,20190326454768,686,0x3,0x4,19.8400002,25.6855679,0.0341587327,-0.0539037287,2.09201844e-05,30,1.76600003,1
686103400034440,82051690,2458575.0153457504,58574.516909700003,17.644558,0.02867488,32768,zg,298.00255650000003,29.871464599999999,0.349999994,-0.0329999998,20190401516910,686,0x3,0x4,19.1900005,24.835434,0.0589639358,-0.0698520616,6.61179656e-05,30,1.19000006,1
686103400034440,82151453,2458576.0130297458,58575.514537000003,17.6681824,0.0288964696,32768,zg,298.00257870000002,29.871392799999999,0.800000012,-0.0860000029,20190402514514,686,0x3,0x4,18.8600006,24.193264,0.0600537546,-0.0489677489,7.41733602e-05,30,1.18799996,1
686103400034440,82749185,2458581.9906941871,58581.491851899998,17.6382446,0.0286164079,0,zg,298.00255650000003,29.8714431,0.846000016,-0.0560000017,20190408491829,686,0x3,0x4,20.6200008,25.8419018,0.0208718255,-0.0707006156,7.88773013e-06,30,1.21399999,1
686103400034440,82849506,2458582.9939718363,58582.4950694,17.6331253,0.0285692271,0,zg,298.00254640000003,29.871457599999999,0.907000005,-0.0729999989,20190409495069,686,0x3,0x4,21.1299992,26.2467365,0.0179711822,-0.0582984835,5.9369454e-06,30,1.19000006,1
686103400034440,83048634,2458584.9853655002,58584.486342600001,17.6777916,0.0289878771,0,zg,298.0025483,29.871457800000002,0.577000022,0.00600000005,20190411486343,686,0x3,0x4,20.7900009,26.2897625,0.0185908452,-0.0882482976,6.11073119e-06,30,1.20299995,1
686103400034440,83246221,2458586.9613543265,58586.462210600002,17.7003937,0.0292058103,0,zg,298.00254640000003,29.871458199999999,1.16900003,0.0430000015,20190413462211,686,0x3,0x4,21.0599995,26.2815189,0.0205410272,-0.0747478679,7.80086793e-06,30,1.29100001,1
686103400034440,83349685,2458587.9960594019,58587.496851900003,17.7555923,0.0297558587,0,zg,298.00252890000002,29.871448900000001,1.38499999,0.0350000001,20190414496840,686,0x3,0x4,20.4500008,25.8878975,0.028267866,-0.125818565,1.49317375e-05,30,1.13499999,1
686103400034440,84634936,2458600.8502493547,58600.349363399997,17.6696472,0.0289103594,0,zg,298.00257149999999,29.871459000000002,0.465000004,0.00100000005,20190427349329,686,0x3,0x4,21.8700008,28.1433239,0.0156453773,-0.07119333,4.52838322e-06,180,2.03500009,2
686103400034440,84649776,2458600.9983145343,58600.497766200002,17.6925755,0.0291299503,0,zg,298.002544,29.871465300000001,0.707000017,-0.0160000008,20190427497639,686,0x3,0x4,21.5799999,27.8365459,0.0159286987,-0.077262044,4.712399e-06,120,1.04799998,2
686103400034440,85149587,2458605.996226646,58605.495879599999,17.6960411,0.0291635096,0,zg,298.0025306,29.871463299999998,1.03100002,-0.00899999961,20190502495845,686,0x3,0x4,20.7399998,26.1916885,0.0177583899,-0.0828732848,5.91341995e-06,30,1.02999997,1
686103400034440,85247328,2458606.9736964614,58606.473287000001,17.6951389,0.0291547701,0,zg,298.00253329999998,29.871466300000002,0.944999993,0.0469999984,20190503473287,686,0x3,0x4,21.6200008,26.3417549,0.0169236585,-0.0893960744,5.24921734e-06,30,1.06299996,1
686103400034440,85445131,2458608.9518549647,58608.451319400003,17.7526188,0.0297255646,0,zg,298.00255019999997,29.8714631,0.779999971,0.0309999995,20190505451319,686,0x3,0x4,21.1900005,26.1963844,0.0167382881,-0.107744269,5.34211085e-06,30,1.10099995,1
686103400034440,86345664,2458617.9577457746,58617.456643500002,17.6897411,0.0291025769,0,zg,298.00254100000001,29.8714631,1.05200005,-0.0670000017,20190514456632,686,0x3,0x4,21.6200008,26.2911587,0.0167019218,-0.0689277798,5.06687138e-06,30,1.03900003,1
686103400034440,87348218,2458627.9838945717,58627.482187499998,17.7491341,0.0296901669,0,zg,298.00253179999999,29.871467500000001,0.853999972,-0.057,20190524482106,686,0x3,0x4,20.7000008,26.3222485,0.01678803,-0.0829275995,5.00712713e-06,30,1,1
686103400034440,87843671,2458632.9387039528,58632.436713000003,17.6284599,0.0285263956,0,zg,298.00253170000002,29.871460800000001,1.023,-0.0869999975,20190529436713,686,0x3,0x4,21.3099995,26.2888145,0.0149426218,-0.0656884834,4.15839304e-06,30,1.01400006,1
686103400034440,87944493,2458633.9469778449,58633.444930600002,17.7297897,0.0294955466,0,zg,298.00253350000003,29.871450100000001,1.19400001,0.0890000015,20190530444873,686,0x3,0x4,21.4200001,26.3075752,0.0166497044,-0.0959995016,5.28677492e-06,30,1.00600004,1
686103400034440,88044930,2458634.9514083839,58634.449305599999,17.6972446,0.0291751958,0,zg,298.0025248,29.871464400000001,0.574999988,-0.0329999998,20190531449306,686,0x3,0x4,21.7199993,26.3168163,0.0181261003,-0.0876238197,6.32565207e-06,30,1.00300002,1
686103400034440,88147799,2458635.9801567933,58635.4779977,17.6864586,0.0290709492,0,zg,298.00253409999999,29.8714601,1.47399998,0.0299999993,20190601477940,686,0x3,0x4,20.8899994,26.3030357,0.0187392663,-0.0868048742,6.48530477e-06,30,1.00399995,1
686103400034440,88544170,2458639.9440717208,58639.441701399999,17.7174873,0.0293734167,0,zg,298.0025377,29.871457199999998,1.27699995,0.023,20190605441644,686,0x3,0x4,21.6399994,26.3488274,0.0169503987,-0.093064487,5.27235852e-06,30,1.00100005,1
686103400034440,88637059,2458640.8730087099,58640.370590300001,17.6707535,0.0289208591,0,zg,298.00254860000001,29.8714589,0.791000009,-0.0149999997,20190606370590,686,0x3,0x4,21.5,26.2877769,0.0166013669,-0.0650621727,5.16304044e-06,30,1.08399999,1
686103400034440,88742109,2458641.9235716676,58641.421099500003,17.7489777,0.0296885837,0,zg,298.0025536,29.8714589,1.13900006,0.0680000037,20190607421100,686,0x3,0x4,21.5599995,26.3645,0.019154761,-0.0983273163,6.93612583e-06,30,1.00699997,1
686103400034440,88840291,2458642.9054384325,58642.402916699997,17.84412,0.0306933206,32768,zg,298.00258209999998,29.871482,1.54200006,0.0549999997,20190608402917,686,0x3,0x4,21.3899994,26.4311771,0.0186069869,-0.145298809,6.51940945e-06,30,1.01999998,1
686103400034440,89042481,2458644.9274365744,58644.424814799997,17.6921272,0.0291256141,0,zg,298.00253659999998,29.871468,0.779999971,-0.0379999988,20190610424815,686,0x3,0x4,21.4200001,26.3282852,0.0181624666,-0.0744252726,6.24194809e-06,30,1.00199997,1
686103400034440,89144668,2458645.9493610556,58645.446689800003,17.7611332,0.0298125017,0,zg,298.00253470000001,29.8714546,1.64999998,0.0460000001,20190611446620,686,0x3,0x4,21.2999992,26.3465939,0.0182013065,-0.109649278,6.25343773e-06,30,1.00300002,1
686103400034440,89240792,2458646.9106453243,58646.407928200002,17.6105843,0.0283638667,32768,zg,298.0025349,29.8714516,0.712000012,0.0120000001,20190612407917,686,0x3,0x4,20.9300003,25.8583679,0.0220911354,-0.0615944415,9.20499588e-06,30,1.00699997,1
686103400034440,89337937,2458647.8821377954,58647.379374999997,17.7250519,0.0294483546,0,zg,298.00256830000001,29.871469600000001,0.273000002,-0.00700000022,20190613379363,686,0x3,0x4,20.6700001,26.3517857,0.0182058606,-0.100453354,6.20426317e-06,30,1.03199995,1
686103400034440,89646208,2458650.9649864351,58650.462083300001,17.7018814,0.0292203054,0,zg,298.00253600000002,29.8714643,0.455000013,0.0140000004,20190616462072,686,0x3,0x4,20.3899994,26.3052082,0.0194959305,-0.0781187937,7.06419132e-06,30,1.02600002,1
686103400034440,89847927,2458652.9822618342,58652.479270800002,17.7323475,0.0295210928,0,zg,298.00254580000001,29.871462699999999,0.425000012,-0.0199999996,20190618479259,686,0x3,0x4,20.0300007,26.269783,0.0228715409,-0.077601634,9.97741063e-06,30,1.06200004,1
686103400034440,89936238,2458653.8654128225,58653.362384300002,17.6810551,0.0290190801,0,zg,298.00253120000002,29.8714558,0.709999979,0.0309999995,20190619362373,686,0x3,0x4,20.1599998,26.2842941,0.0202574637,-0.0855258778,7.68098198e-06,30,1.03299999,1
686103400034440,90031585,2458654.818924766,58654.315856499998,17.6803741,0.0290125627,0,zg,298.00254569999998,29.8714595,1.08800006,0.0560000017,20190620315845,686,0x3,0x4,20.2999992,26.2636738,0.0201802216,-0.0840816125,7.83147516e-06,30,1.12899995,1
686103400034440,90129158,2458655.794693782,58655.291585600004,17.6263809,0.0285073668,0,zg,298.00254640000003,29.871463800000001,0.978999972,-0.0130000003,20190621291574,686,0x3,0x4,19.9400005,26.2880898,0.0222682972,-0.0691370293,9.66387233e-06,30,1.20700002,1
686103400034440,90445494,2458658.9581743344,58658.454942099997,17.6722679,0.0289352424,0,zg,298.0025253,29.8714583,0.73299998,0.0780000016,20190624454931,686,0x3,0x4,21.0900002,26.3374386,0.0189073943,-0.0795993879,6.93564925e-06,30,1.04799998,1
686103400034440,90635015,2458660.8534529512,58660.350150500002,17.7167511,0.029366143,0,zg,298.00253950000001,29.871456800000001,1.23399997,0.0920000002,20190626350116,686,0x3,0x4,21.6900005,26.3589821,0.0192569532,-0.0852538943,7.11829807e-06,30,1.02400005,1
686103400034440,90745390,2458661.9572423813,58661.453900499997,17.6428223,0.0286587719,0,zg,298.0025435,29.8714583,0.922999978,-0.0309999995,20190627453889,686,0x3,0x4,21.0200005,26.3269062,0.0192507915,-0.0701877028,7.16435261e-06,30,1.06099999,1
686103400034440,90843180,2458662.9351815246,58662.431805599997,17.7196236,0.0293945316,32768,zg,298.00253609999999,29.871449800000001,1.41999996,-0.0540000014,20190628431794,686,0x3,0x4,21.1200008,26.5818844,0.0402141102,-0.0974152982,3.06562179e-05,30,1.02900004,1
686103400034440,90945517,2458663.9585842057,58663.455173599999,17.6976089,0.0291787367,0,zg,298.00252879999999,29.8714741,0.612999976,-0.0340000018,20190629455162,686,0x3,0x4,20.9599991,26.0851002,0.0174349267,-0.0818807855,5.98924453e-06,30,1.07500005,1
686103400034440,91124451,2458665.7479828191,58665.244513899997,17.6775684,0.0289857388,0,zg,298.0025455,29.8714689,0.745000005,0.0209999997,20190701244502,686,0x3,0x4,21.3500004,26.3084221,0.0163375046,-0.0832615867,5.16867249e-06,30,1.30200005,1
686103400034440,91246623,2458666.9697454828,58666.466238399997,17.7205467,0.0294036623,0,zg,298.00252,29.871457700000001,0.550000012,-0.0240000002,20190702466169,686,0x3,0x4,21.2399998,26.3267956,0.0159711875,-0.0880068392,4.87826128e-06,30,1.125,1
686103400034440,91342418,2458667.9277258147,58667.424189799996,17.7710648,0.0299146939,0,zg,298.0025263,29.871479900000001,1.05799997,0.0579999983,20190703424178,686,0x3,0x4,21.4200001,26.4038944,0.0174905192,-0.110660471,5.76363936e-06,30,1.03799999,1
686103400034440,91430370,2458668.8072654875,58668.303703700003,17.7724419,0.0299289282,0,zg,298.00252790000002,29.871465400000002,0.654999971,0.00700000022,20190704303681,686,0x3,0x4,21.2099991,26.386282,0.0202106256,-0.122099966,7.64833203e-06,30,1.06299996,1
686103400034440,91544587,2458669.9494737466,58669.445879600004,17.7107582,0.0293071456,0,zg,298.00253509999999,29.8714634,1.20500004,-0,20190705445868,686,0x3,0x4,21.4099998,26.3384876,0.0173534639,-0.0889011398,5.48150228e-06,30,1.09099996,1
686103400034440,91642212,2458670.9257504186,58670.422129600003,17.7157249,0.0293560158,0,zg,298.00253429999998,29.8714622,1.08200002,0.0250000004,20190706422118,686,0x3,0x4,21.4599991,26.317421,0.0193910245,-0.0729437321,6.99985412e-06,30,1.04799998,1
686103400034440,91833943,2458672.8431033776,58672.3394329,17.8028259,0.0302473139,0,zg,298.00253670000001,29.871478,2.33200002,0.153999999,20190708339352,686,0x3,0x4,21.4799995,26.3697662,0.0174591523,-0.118513308,5.76011917e-06,30,1.005,1
686103400034440,92043212,2458674.9358501048,58674.432129599998,17.6738586,0.028950369,0,zg,298.00251900000001,29.871462399999999,1.12399995,0.0390000008,20190710432130,686,0x3,0x4,21.4699993,26.3332481,0.0167440213,-0.0785325617,5.22586515e-06,30,1.09099996,1
686103400034440,92534278,2458679.8466101061,58679.342789399998,17.6844501,0.0290516391,0,zg,298.00253620000001,29.871459999999999,1.26300001,0.063000001,20190715342755,686,0x3,0x4,20.3600006,26.3448448,0.019325627,-0.0900328979,7.20422486e-06,30,1,1
686103400034440,92644959,2458680.9534347574,58680.449594899997,17.7386551,0.0295843482,0,zg,298.00251489999999,29.871455900000001,0.815999985,0.0149999997,20190716449595,686,0x3,0x4,19.7299995,26.2973461,0.0272040199,-0.0884579644,1.40634693e-05,30,1.20099998,1
686103400034440,92722518,2458681.7290377598,58681.225185199997,17.6802711,0.029011583,0,zg,298.00254169999999,29.871471199999998,0.513999999,0.0160000008,20190717225174,686,0x3,0x4,19.8799992,26.3045597,0.0229213871,-0.0810182691,9.95722257e-06,30,1.18799996,1
686103400034440,92822317,2458682.7270392901,58682.2231713,17.6914272,0.0291188527,0,zg,298.00253789999999,29.8714668,0.769999981,0.0390000008,20190718223171,686,0x3,0x4,20.3799992,26.2878494,0.018871244,-0.0717170313,6.65183688e-06,30,1.18499994,1
686103400034440,92928915,2458683.7930384665,58683.289155099999,17.7261658,0.0294594374,32768,zg,298.00252979999999,29.871451100000002,0.569000006,-0.0560000017,20190719289039,686,0x3,0x4,19.5400009,25.7738419,0.0730677024,-0.0882840306,9.90483895e-05,30,1.02199996,1
686103400034440,93027893,2458684.782831742,58684.278935200004,17.9122963,0.031464532,32768,zg,298.00249359999998,29.8715473,0.828000009,0.00899999961,20190720278831,686,0x3,0x4,19.9899998,26.4168396,0.0348813049,-0.182538733,2.39297424e-05,30,1.03199995,1
686103400034440,93137660,2458685.8805187698,58685.376608799997,17.7503986,0.0297030043,0,zg,298.00251400000002,29.871486000000001,1.28799999,0.0780000016,20190721376551,686,0x3,0x4,20.5799999,26.3811626,0.021060545,-0.120596111,8.55765575e-06,30,1.03999996,1
686103400034440,93630085,2458690.8048110637,58690.300856499998,17.7481041,0.0296797249,0,zg,298.0025455,29.871465600000001,1.84500003,0.0970000029,20190726300833,686,0x3,0x4,21.3700008,26.3328457,0.0194690302,-0.124281742,7.16706609e-06,30,1.00100005,1
686103400034440,93731583,2458691.8197938455,58691.315833300003,17.700983,0.0292115454,0,zg,298.00251309999999,29.871450599999999,0.646000028,0.0160000008,20190727315810,686,0x3,0x4,21.5400009,26.299572,0.018505333,-0.0842196494,6.60258092e-06,30,1.00100005,1
686103400034440,93930601,2458693.8099875641,58693.306018499999,17.7071266,0.0292715393,0,zg,298.00253479999998,29.871465700000002,0.458999991,-0.00800000038,20190729305984,686,0x3,0x4,21.2900009,26.3377609,0.017810408,-0.0920493454,5.97274584e-06,30,1,1
686103400034440,94031827,2458694.8222472589,58694.318275500002,17.7100601,0.0293002855,0,zg,298.00251989999998,29.8714701,0.497999996,0.0520000011,20190730318264,686,0x3,0x4,21.6499996,26.353653,0.0172308106,-0.085213013,5.58577085e-06,30,1.005,1
686103400034440,94131962,2458695.8236029381,58695.319629600002,17.698555,0.0291879196,0,zg,298.0025407,29.871461799999999,1.32299995,0.0240000002,20190731319549,686,0x3,0x4,21.3899994,26.3270073,0.018025279,-0.0997811854,6.0301868e-06,30,1.00800002,1
686103400034440,94232078,2458696.8247608314,58696.320786999997,17.7531471,0.0297309384,0,zg,298.00252540000002,29.871469300000001,2.14899993,0.144999996,20190801320706,686,0x3,0x4,21.4400005,26.3798904,0.019251883,-0.111358024,7.33585057e-06,30,1.00999999,1
686103400034440,94336151,2458697.8654893818,58697.361516199999,17.670742,0.0289207436,0,zg,298.00253400000003,29.871460800000001,1.97399998,0.127000004,20190802361458,686,0x3,0x4,21.5,26.3641834,0.0203461703,-0.0976792648,7.73555348e-06,30,1.07299995,3
686103400034440,94336968,2458697.8736606673,58697.369687500002,17.7014771,0.0292163547,0,zg,298.00252419999998,29.871469099999999,0.640999973,-0.0250000004,20190802369641,686,0x3,0x4,21.5200005,26.3240681,0.0191626046,-0.0844373703,6.83266489e-06,30,1.09200001,3
686103400034440,94432271,2458698.8266914701,58698.322719900003,17.7688141,0.0298914574,32768,zg,298.00255120000003,29.871438300000001,1.18799996,0.181999996,20190803322639,686,0x3,0x4,19.1900005,24.2827625,0.0811558217,-0.0926536992,0.000123805497,30,1.01699996,1
686103400034440,94532274,2458699.8267119154,58699.322743099998,17.720459,0.0294028036,0,zg,298.00253989999999,29.871457500000002,2.12700009,0.111000001,20190804322662,686,0x3,0x4,21.3700008,26.3311634,0.0218167473,-0.096049279,9.08831316e-06,30,1.01999998,1
686103400034440,94535640,2458699.8603691906,58699.356400500001,17.6237946,0.0284837503,0,zg,298.0025311,29.871466900000001,1.01699996,0.0780000016,20190804356343,686,0x3,0x4,21.5100002,26.2730179,0.0204350967,-0.0663028359,7.84515032e-06,30,1.074,3
686103400034440,94536458,2458699.8685519593,58699.364583299997,17.6876717,0.0290826298,0,zg,298.00252979999999,29.871461799999999,0.625999987,0.0170000009,20190804364525,686,0x3,0x4,21.4400005,26.2961979,0.0168647338,-0.0824016854,5.40598512e-06,30,1.09300005,3
686103400034440,94631930,2458700.8232705989,58700.319305600002,17.6789913,0.0289993361,0,zg,298.00252870000003,29.8714643,1.148,0.0240000002,20190805319225,686,0x3,0x4,21.6399994,26.3394127,0.0220527966,-0.0745226145,9.26436951e-06,30,1.01900005,1
686103400034440,94635776,2458700.8617310165,58700.357766200003,17.797245,0.0301882159,0,zg,298.00254849999999,29.871448300000001,1.92999995,0.0769999996,20190805357708,686,0x3,0x4,21.2900009,26.3891602,0.0224867277,-0.129089519,9.52829851e-06,30,1.08299994,3
686103400034440,94636592,2458700.8698906745,58700.365925899998,17.7252293,0.0294501185,0,zg,298.00252269999999,29.871462000000001,1.84800005,0.0240000002,20190805365880,686,0x3,0x4,21.5100002,26.3338203,0.0216987412,-0.0961682647,8.90944466e-06,30,1.10300004,3
686103400034440,94732275,2458701.8267146754,58701.322754599998,17.756176,0.029761808,32768,zg,298.00253880000002,29.871449299999998,2.7349999,0.155000001,20190806322685,686,0x3,0x4,21.4099998,26.3270168,0.0261385385,-0.116878204,1.30909484e-05,30,1.02600002,1
686103400034440,94735738,2458701.8613441726,58701.357384299998,17.8352966,0.030596707,32768,zg,298.00258580000002,29.871449800000001,2.4230001,0.128999993,20190806357326,686,0x3,0x4,20.8400002,26.0814629,0.0254038665,-0.139523387,1.22842412e-05,30,1.08899999,3
686103400034440,94736554,2458701.8695038208,58701.365544,17.6932144,0.0291361306,0,zg,298.00252849999998,29.871466300000002,0.973999977,-0,20190806365486,686,0x3,0x4,21.4799995,26.2717457,0.0164001193,-0.0850977525,5.06904189e-06,30,1.11000001,3
686103400034440,94832188,2458702.8258407004,58702.321886600002,17.8347034,0.0305902455,32768,zg,298.00262500000002,29.8714531,2.30599999,0.0500000007,20190807321817,686,0x3,0x4,21,26.3478928,0.0288162306,-0.163854793,1.58507792e-05,30,1.028,1
686103400034440,94836577,2458702.8697292893,58702.365775500002,17.6341248,0.0285784155,0,zg,298.002523,29.8714619,1.05299997,0.0299999993,20190807365718,686,0x3,0x4,21.3700008,26.1443596,0.0219616722,-0.0708369315,9.15248711e-06,30,1.11800003,3
686103400034440,94932226,2458703.8262155401,58703.3222685,17.6502724,0.0287280772,0,zg,298.00252699999999,29.871467299999999,1.48899996,0.0160000008,20190808322199,686,0x3,0x4,21.5400009,26.2956505,0.0201575235,-0.0753947273,7.64762444e-06,30,1.03199995,1
686103400034440,94935774,2458703.8616898549,58703.357743100001,17.7061996,0.0292624645,0,zg,298.00255060000001,29.871465799999999,1.25699997,0.00899999961,20190808357697,686,0x3,0x4,21.2900009,26.2727852,0.0172339492,-0.0877351016,5.53515883e-06,30,1.10300004,3
686103400034440,94936589,2458703.8698378871,58703.365891200003,17.6652145,0.0288683865,0,zg,298.00252599999999,29.871462600000001,1.74800003,0.0960000008,20190808365833,686,0x3,0x4,21.3799992,26.271637,0.0194406398,-0.084551312,6.98177382e-06,30,1.12699997,3
686103400034440,95031777,2458704.8217167584,58704.317777800003,17.6694603,0.0289085843,0,zg,298.00254169999999,29.871459600000001,1.66600001,-0.075000003,20190809317708,686,0x3,0x4,20.9599991,26.2978573,0.0173393991,-0.0743739456,5.75740705e-06,30,1.02999997,1
686103400034440,95035778,2458704.8617279897,58704.357789399997,17.6956215,0.0291594397,0,zg,298.0024894,29.871489799999999,1.03499997,-0.0260000005,20190809357743,686,0x3,0x4,20.5799999,26.3070869,0.0207921807,-0.0816872567,8.2984634e-06,30,1.11099994,3
686103400034440,95036593,2458704.8698760071,58704.365937499999,17.8596535,0.0308651514,32768,zg,298.00238510000003,29.871538999999999,1.27900004,-0.0350000001,20190809365891,686,0x3,0x4,20.6100006,26.389883,0.0286701079,-0.140789449,1.56874867e-05,30,1.13499999,3
686103400034440,95123792,2458705.7418587524,58705.237928199997,17.961895,0.0320541225,32768,zg,298.00276459999998,29.871563800000001,1.14100003,0.181999996,20190810237801,686,0x3,0x4,20.2000008,26.5336342,0.0346381143,-0.2048475,2.55442392e-05,30,1.01300001,1
686103400034440,95137968,2458705.883616637,58705.379687499997,17.6825638,0.0290335417,0,zg,298.00252790000002,29.871465499999999,0.727999985,-0.0140000004,20190810379630,686,0x3,0x4,21.2999992,26.2830448,0.0165128913,-0.0760185644,5.16460113e-06,30,1.19400001,3
686103400034440,95138778,2458705.8917184523,58705.387789400003,17.743206,0.0296301842,0,zg,298.00253249999997,29.871462600000001,1.26900005,0.0250000004,20190810387731,686,0x3,0x4,21.0100002,26.3039875,0.020773707,-0.106139049,8.12828421e-06,30,1.22899997,3
686103400034440,95224092,2458706.7448462606,58706.240925899998,17.7116165,0.0293155741,0,zg,298.00253429999998,29.871463599999998,1.19200003,0.050999999,20190811240799,686,0x3,0x4,20.7600002,26.3311176,0.0176428594,-0.0946916193,5.85894259e-06,30,1.00899994,1
686103400034440,95237692,2458706.8808401558,58706.376921299998,17.7384987,0.029582765,0,zg,298.00251939999998,29.871465000000001,0.834999979,0.0659999996,20190811376875,686,0x3,0x4,20.6700001,26.307085,0.0173216145,-0.0926168263,5.7598977e-06,30,1.19400001,3
686103400034440,95238502,2458706.8889418622,58706.385023100003,17.6666737,0.0288821831,0,zg,298.00252180000001,29.871461400000001,1.55499995,-0.023,20190811384965,686,0x3,0x4,20.7199993,26.289957,0.0172452871,-0.0800645947,5.68187716e-06,30,1.22800004,3
686103400034440,95323781,2458707.7417216706,58707.237812500003,17.9579277,0.0320060477,32768,zg,298.00268310000001,29.8715811,0.958999991,0.0350000001,20190812237685,686,0x3,0x4,19.9300003,26.5165558,0.0341006368,-0.198198736,2.31696122e-05,30,1.00899994,1
686103400034440,95338093,2458707.8848449369,58707.380937499998,17.6835079,0.0290425997,0,zg,298.00252840000002,29.8714485,0.934000015,-0.0680000037,20190812380891,686,0x3,0x4,20.5499992,26.265976,0.0194153264,-0.0680037886,7.19728905e-06,30,1.222,3
686103400034440,95338903,2458707.8929467336,58707.389039399997,17.7944736,0.0301589835,0,zg,298.00255079999999,29.8714659,1.85300004,0.0949999988,20190812388982,686,0x3,0x4,20.4200001,26.3094711,0.0207638573,-0.114375442,8.26115138e-06,30,1.25999999,3
686103400034440,95423916,2458708.7430635802,58708.239166699997,17.7957668,0.0301726107,0,zg,298.00253750000002,29.871457400000001,1.46700001,0.136000007,20190813239039,686,0x3,0x4,20.2800007,26.3267956,0.0197983682,-0.102964662,7.43401324e-06,30,1.00600004,1
686103400034440,95437777,2458708.8816728499,58708.3777778,17.7816277,0.0300243292,0,zg,298.0025425,29.871464,1.04100001,0.0480000004,20190813377731,686,0x3,0x4,20.2000008,26.3164635,0.0200929679,-0.108878434,7.67314032e-06,30,1.22099996,3
686103400034440,95438586,2458708.8897630377,58708.385868099998,17.659647,0.0288159028,0,zg,298.0025053,29.871461,0.441000015,0.0140000004,20190813385822,686,0x3,0x4,20.2099991,26.2419491,0.0208051018,-0.0600305721,8.32337537e-06,30,1.25800002,3
686103400034440,95523885,2458709.7427377598,58709.238854199997,17.9320526,0.0316964276,32768,zg,298.00269520000001,29.8714409,0.68599999,0.0209999997,20190814238738,686,0x3,0x4,19.75,26.4477005,0.0348711535,-0.212822333,2.36260021e-05,30,1.005,1
686103400034440,95537868,2458709.8825621586,58709.378680599999,17.7595901,0.0297966953,0,zg,298.00254630000001,29.871432899999999,0.93599999,0.100000001,20190814378623,686,0x3,0x4,19.9699993,26.2944412,0.023181865,-0.0976713002,1.02826998e-05,30,1.23699999,3
686103400034440,95538677,2458709.8906522435,58709.386770800003,17.8698692,0.0309793986,32768,zg,298.0026608,29.871427499999999,1.15199995,0.050999999,20190814386713,686,0x3,0x4,19.6800003,26.3772545,0.0306878537,-0.169402391,1.81015293e-05,30,1.27600002,3
686103400034440,95619685,2458710.7007216858,58710.1968519,17.6268082,0.0285112839,0,zg,298.00254150000001,29.871457800000002,0.535000026,-0.0350000001,20190815196725,686,0x3,0x4,20.1000004,26.2749367,0.0227589738,-0.0440796912,9.68326458e-06,30,1.04900002,1
686103400034440,95920502,2458713.7088434612,58713.205023100003,17.6978588,0.0291811563,32768,zg,298.00252690000002,29.871450899999999,0.206,0.00999999978,20190818204884,686,0x3,0x4,19.3700008,25.3093796,0.0538006164,-0.0794067383,5.25596661e-05,30,1.02499998,1
686103400034440,96019680,2458714.7006076006,58714.196805599997,17.6370125,0.0286050383,0,zg,298.00252899999998,29.871465300000001,1.15100002,-0.0140000004,20190819196678,686,0x3,0x4,21.0699997,26.2612438,0.020908745,-0.0561822653,8.30964291e-06,30,1.03199995,1
686103400034440,96128148,2458715.7852622624,58715.281481500002,17.6134567,0.0283898246,0,zg,298.0025339,29.871456599999998,1.153,-0.0960000008,20190820280938,686,0x3,0x4,20.7800007,26.2775822,0.0187534094,-0.0519610569,6.60040314e-06,30,1.02199996,1
686103400034440,96135076,2458715.8545432291,58715.350763900002,17.6946716,0.0291502438,0,zg,298.00252699999999,29.871462600000001,0.978999972,0.0549999997,20190820350752,686,0x3,0x4,20.75,26.3022556,0.0190917645,-0.0906312391,6.90783327e-06,30,1.18799996,3
686103400034440,96230192,2458716.805680966,58716.301921300001,17.653389,0.0287571959,0,zg,298.00251919999999,29.871456500000001,0.700999975,-0.0700000003,20190821301412,686,0x3,0x4,20.9200001,26.2806568,0.0194095485,-0.063705802,7.11159146e-06,30,1.05700004,1
686103400034440,96235207,2458716.8558303714,58716.3520718,17.735157,0.0295492243,0,zg,298.0025182,29.871469999999999,0.703999996,0.0160000008,20190821352060,686,0x3,0x4,20.7000008,26.323864,0.0185721852,-0.117143691,6.51132268e-06,30,1.204,3
686103400034440,96328140,2458717.7851389297,58717.281400499996,17.6164799,0.0284172054,32768,zg,298.00253090000001,29.871442500000001,0.31099999,-0.0500000007,20190822280868,686,0x3,0x4,20.8999996,26.2635098,0.0205658264,-0.0479750931,8.12003509e-06,30,1.02900004,1
686103400034440,96335046,2458717.8541998556,58717.350463000002,17.7809162,0.0300169103,0,zg,298.00252749999999,29.871473600000002,1.49300003,0.0500000007,20190822350463,686,0x3,0x4,20.7099991,26.3037834,0.0200810935,-0.119626306,7.55727024e-06,30,1.20899999,3
686103400034440,96430240,2458718.8061226322,58718.302407399999,17.6706676,0.0289200433,0,zg,298.00252519999998,29.871464199999998,0.949000001,-0.0350000001,20190823301921,686,0x3,0x4,21.2600002,26.2770538,0.0184833445,-0.0612957291,6.33318587e-06,30,1.06900001,1
686103400034440,96528206,2458719.7857521973,58719.282060199999,17.6313229,0.0285526607,0,zg,298.00253350000003,29.8714637,0.934000015,-0.0250000004,20190824281516,686,0x3,0x4,20.7900009,26.2445354,0.018761104,-0.0483703017,6.69110841e-06,30,1.03699994,1
686103400034440,96630152,2458720.8051945707,58720.301527800002,17.6492062,0.0287181269,0,zg,298.0025243,29.871462699999999,0.349999994,0.0109999999,20190825301065,686,0x3,0x4,21.4400005,26.2215099,0.0204866547,-0.0684062541,7.84753411e-06,30,1.079,1
686103400034440,96728196,2458721.7856091415,58721.2819676,17.6993465,0.0291956142,32768,zg,298.0025291,29.871468499999999,1.01999998,-0.0430000015,20190826281447,686,0x3,0x4,20.1599998,25.2818756,0.200637862,-0.21010536,0.000740322808,30,1.046,1
686103400034440,96828130,2458722.7849227283,58722.281307899997,17.6318283,0.0285573043,0,zg,298.00251689999999,29.871465000000001,1.44200003,-0.0140000004,20190827280787,686,0x3,0x4,21.3299999,26.228035,0.0180138797,-0.0516808815,6.14946293e-06,30,1.04999995,1
686103400034440,96930440,2458723.8079961417,58723.304409700002,17.686224,0.0290686898,0,zg,298.00252339999997,29.871463800000001,1.06599998,-0.0270000007,20190828304028,686,0x3,0x4,21.5300007,26.2728519,0.0185353793,-0.0633611083,6.21691606e-06,30,1.10699999,1
686103400034440,97030444,2458724.8080021082,58724.304444399997,17.7045746,0.0292465799,0,zg,298.00252369999998,29.871460500000001,0.769999981,-0.00300000003,20190829304086,686,0x3,0x4,21.4200001,26.2731266,0.0166182667,-0.0720048249,5.16055434e-06,30,1.11500001,1
686103400034440,97127969,2458725.7832278581,58725.2796991,17.6906166,0.029111024,0,zg,298.0025296,29.871459099999999,0.588,-0.0179999992,20190830279190,686,0x3,0x4,21.5100002,26.2830868,0.0239629652,-0.0670375749,1.08096001e-05,30,1.06200004,1
686103400034440,97228112,2458726.7846207572,58726.281122699998,17.6147194,0.02840125,0,zg,298.00253379999998,29.8714552,1.23599994,-0.0900000036,20190831280648,686,0x3,0x4,20.9699993,26.2418613,0.0212194305,-0.0341574214,8.39192307e-06,30,1.07000005,1
686103400034440,97330399,2458727.807458791,58727.303993100002,17.6758766,0.0289695971,0,zg,298.00251539999999,29.871455999999998,0.81400001,0.00100000005,20190901303715,686,0x3,0x4,21.3899994,26.2422848,0.0180941205,-0.0667437986,6.16676016e-06,30,1.13800001,1
686103400034440,97417787,2458728.681307693,58728.177870400003,17.6597939,0.0288172811,0,zg,298.00252490000003,29.871462699999999,0.470999986,0.0410000011,20190902177870,686,0x3,0x4,21.4400005,26.2412128,0.0200159606,-0.0701040328,7.50716936e-06,30,1.01100004,2
686103400034440,97628025,2458730.7836205526,58730.280254600002,17.6882515,0.029088214,32768,zg,298.00252949999998,29.871460200000001,1.18700004,-0.0170000009,20190904279838,686,0x3,0x4,20.9799995,26.0626774,0.0222404879,-0.0937752947,9.35575918e-06,30,1.09399998,1
686103400034440,97927833,2458733.7815905418,58733.278333299997,17.6422615,0.0286535751,0,zg,298.00253300000003,29.8714622,1.27100003,-0.0299999993,20190907277963,686,0x3,0x4,20.9099998,26.2544804,0.016454557,-0.0703943297,5.04398122e-06,30,1.11000001,1
686103400034440,98027958,2458734.7828024449,58734.279583299998,17.6690483,0.0289046746,0,zg,298.00252449999999,29.871471199999998,0.876999974,-0.0549999997,20190908279248,686,0x3,0x4,20.6200008,26.2544842,0.0179246254,-0.0673817322,6.1235969e-06,30,1.12199998,1
686103400034440,98127817,2458735.7813515766,58735.2781713,17.7028065,0.0292293243,0,zg,298.00251459999998,29.871467200000001,0.845000029,-0.00300000003,20190909277847,686,0x3,0x4,20.4400005,26.2604122,0.0191081408,-0.0812083557,7.04450758e-06,30,1.12600005,1
686103400034440,98228775,2458736.7908946988,58736.287754600002,17.7374306,0.0295720343,0,zg,298.00253679999997,29.871471,0.474999994,0.00400000019,20190910287546,686,0x3,0x4,20.3299999,26.2861958,0.0195981096,-0.0942743868,7.17643434e-06,30,1.16600001,1
686103400034440,98330064,2458737.8037470081,58737.300648099997,17.6924019,0.0291282777,0,zg,298.00251950000001,29.871482100000001,0.773999989,-0.0710000023,20190911300521,686,0x3,0x4,19.8199997,26.2339859,0.0225210413,-0.0626213998,9.48042452e-06,30,1.23000002,1
686103400034440,98512729,2458739.6303142118,58739.127291700002,17.6732788,0.0289448537,0,zg,298.00252790000002,29.871460299999999,0.386000007,-0.0359999985,20190913127280,686,0x3,0x4,20.3700008,26.2667713,0.0188476164,-0.0737309605,6.56649263e-06,30,1.03400004,1
686103400034440,98813041,2458742.6333076186,58742.130416699998,18.0750294,0.0334947482,32768,zg,298.00260750000001,29.871430100000001,1.32200003,0.00800000038,20190916130405,686,0x3,0x4,19.4200001,25.0423126,0.113816522,-0.164224058,0.000239561021,30,1.01999998,1
686103400034440,99120690,2458745.7096584188,58745.206909699999,17.8230591,0.0304639079,32768,zg,298.0025789,29.871453800000001,1.54200006,0.0329999998,20190919206898,686,0x3,0x4,20.9200001,26.3982086,0.0196317993,-0.136492267,7.2508692e-06,30,1.03199995,1
686103400034440,100026524,2458754.7675331277,58754.265243100002,17.6332645,0.0285705086,0,zg,298.00251689999999,29.871472799999999,0.827000022,-0.00600000005,20190928265243,686,0x3,0x4,20.9899998,26.2155838,0.0207362119,-0.0538027473,8.03690909e-06,30,1.28299999,1
686103400034440,101020785,2458764.7095870441,58764.2078588,17.7305946,0.0295035802,0,zg,298.00251359999999,29.871459999999999,0.395000011,0.00899999961,20191008207847,686,0x3,0x4,20.5699997,26.2654953,0.0233017169,-0.102814026,1.00723246e-05,30,1.15400004,1
686103400034440,101424789,2458768.7493796083,58768.247893500004,17.6904106,0.029109031,0,zg,298.00253120000002,29.871464100000001,0.77700001,0.0379999988,20191012247859,686,0x3,0x4,19.7099991,26.179121,0.0236500837,-0.0820472687,1.06493317e-05,30,1.41199994,1
686103400034440,101711585,2458771.6171669164,58771.115856500001,17.7164879,0.0293635409,0,zg,298.00254580000001,29.871441799999999,1.52999997,0.0719999969,20191015115856,686,0x3,0x4,20.3999996,26.2673836,0.0214246046,-0.104947492,8.52323137e-06,30,1.00999999,1
686103400034440,102112253,2458775.623594977,58775.1225347,17.7265339,0.0294631049,0,zg,298.00253789999999,29.871474899999999,1.41299999,0.147,20191019122407,686,0x3,0x4,20.9699993,26.1235237,0.0197566506,-0.108578801,7.20218623e-06,30,1.028,1
686103400034440,102412364,2458778.624515818,58778.123645799998,17.7509537,0.0297086351,0,zg,298.00252999999998,29.871469399999999,1.55499995,0.0710000023,20191022123530,686,0x3,0x4,21.0699997,26.3251247,0.0193840619,-0.110179208,7.08910056e-06,30,1.04200006,1
686103400034440,102711804,2458781.6187222572,58781.118044000003,17.6959248,0.0291623883,0,zg,298.00252,29.871459399999999,0.768000007,-0.0140000004,20191025117998,686,0x3,0x4,20.4400005,26.3007011,0.0210457295,-0.0735895708,8.17078308e-06,30,1.046,1
686103400034440,103411877,2458788.618998542,58788.118773100003,17.6450157,0.0286791325,0,zg,298.00255140000002,29.871475799999999,1.02900004,-0.00600000005,20191101118762,686,0x3,0x4,20.6399994,26.2936916,0.0188092403,-0.0805600211,6.50943593e-06,30,1.08599997,1
686103400034440,103712887,2458791.6289074551,58791.128877299998,17.636425,0.0285996143,0,zg,298.00251850000001,29.871439200000001,1.54200006,-0.100000001,20191104128877,686,0x3,0x4,20.5499992,26.1999054,0.0224082228,-0.0389821827,9.04600074e-06,30,1.13699996,1
686103400034440,104013083,2458794.6306691454,58794.130833299998,17.7056141,0.0292567387,0,zg,298.00251539999999,29.8714631,0.912999988,0.0759999976,20191107130822,686,0x3,0x4,20.5300007,26.2123432,0.0184086971,-0.0773492083,6.23486312e-06,30,1.17200005,1
686103400034440,104313226,2458797.63191103,58797.132268499998,17.6346588,0.0285833348,0,zg,298.00252499999999,29.871447499999999,0.479999989,-0.023,20191110132257,686,0x3,0x4,20.1499996,26.1921196,0.0216437522,-0.045061361,8.71661177e-06,30,1.21000004,1
686103400034440,105109327,2458805.5924137523,58805.093275500003,17.6328087,0.0285663102,0,zg,298.00247030000003,29.871434499999999,0.856999993,0.225999996,20191118093275,686,0x3,0x4,19.9899998,26.2652454,0.0299347155,-0.0738016143,1.64487356e-05,30,1.14499998,1
686103400034440,105812046,2458812.6191722099,58812.120462999999,17.6822281,0.0290303193,0,zg,298.00250510000001,29.8714513,0.683000028,-0.0289999992,20191125120463,686,0x3,0x4,20.5699997,26.190197,0.0281162746,-0.0747903362,1.42371773e-05,30,1.36300004,1
686103400034440,106614206,2458820.6403072244,58820.1420602,17.8318996,0.0305597093,32768,zg,298.00249780000001,29.871420000000001,1.20899999,-0.0439999998,20191203142060,686,0x3,0x4,19.1000004,25.158535,0.0384717025,-0.0640993565,2.59112894e-05,30,1.75300002,1
686103400034440,108411131,2458838.6086829822,58838.111319399999,17.7149239,0.0293481182,32768,zg,298.00259899999998,29.871354400000001,0.620999992,-0.0909999982,20191221111319,686,0x3,0x4,17.9200001,24.7596931,0.0799082965,0.0180796273,0.000424704194,30,2.023,1
686103400034440,113856767,2458893.0642795153,58892.567673600002,17.6560612,0.0287822261,0,zg,298.00266479999999,29.871435699999999,0.407000005,0.00400000019,20200213567662,686,0x3,0x4,19.2000008,26.2554531,0.0401030779,-0.0789263844,2.94937199e-05,30,1.76199996,1
686103400034440,114655793,2458901.0547105931,58900.557939799997,17.7920971,0.030133957,32768,zg,298.00260100000003,29.871459900000001,0.667999983,0.0219999999,20200221557928,686,0x3,0x4,19.6399994,25.6380196,0.0422725976,-0.0854604915,3.44188411e-05,30,1.62399995,1
686103400034440,115952711,2458914.0242961291,58913.527118099999,17.7843475,0.0300527103,0,zg,298.00251409999998,29.871473300000002,0.93599999,0.0590000004,20200305527106,686,0x3,0x4,20.6599998,25.8982239,0.0210673846,-0.10076762,8.47004594e-06,30,1.57799995,1
686103400034440,118648716,2458940.9856411559,58940.487164400001,17.7540054,0.029739676,0,zg,298.00254469999999,29.871461199999999,1.02499998,0.0489999987,20200401487153,686,0x3,0x4,20.6000004,25.8828716,0.0196457654,-0.0898014009,7.28353507e-06,30,1.324,1
686103400034440,119048679,2458944.9855022752,58944.486793999997,17.739933,0.0295972042,0,zg,298.00255170000003,29.8714607,0.754999995,0.0219999999,20200405486794,686,0x3,0x4,20.3899994,26.339756,0.0198973902,-0.0829994604,7.60027478e-06,30,1.26600003,1
686103400034440,120042976,2458954.9290796625,58954.429768499998,17.7241096,0.0294389967,0,zg,298.00254519999999,29.871440100000001,0.467999995,-0.0160000008,20200415429769,686,0x3,0x4,20.3199997,26.3039207,0.0230691582,-0.0818158984,1.00685183e-05,30,1.45200002,1
686103400034440,120848542,2458962.9852473047,58962.485428200001,17.7453766,0.029652115,0,zg,298.00253939999999,29.871468799999999,0.869000018,0.0329999998,20200423485417,686,0x3,0x4,21.1299992,26.422121,0.0199997928,-0.105956994,7.63623302e-06,30,1.09200001,1
686103400034440,120948244,2458963.9824983473,58963.482442100001,17.7357788,0.0295554623,0,zg,298.00252929999999,29.871461199999999,0.823000014,-0.0299999993,20200424482442,686,0x3,0x4,21.4200001,27.1374035,0.0153981242,-0.0806464702,4.45981641e-06,60,1.09300005,2
686103400034440,121143439,2458965.9344053068,58965.434398099998,17.7618217,0.0298195537,0,zg,298.002565,29.871446200000001,0.83099997,0.0289999992,20200426434387,686,0x3,0x4,21.1399994,26.4033699,0.0183394365,-0.11610309,6.38899564e-06,30,1.24199998,1
686103400034440,121447675,2458968.9769610357,58968.4767593,17.7239838,0.029437745,0,zg,298.00253170000002,29.871463200000001,1.199,0.0900000036,20200429476759,686,0x3,0x4,21.3799992,26.4753761,0.0173530858,-0.100212708,5.69864324e-06,30,1.074,1
686103400034440,121744399,2458971.9443843924,58971.443993100002,17.8276806,0.0305139031,0,zg,298.00258220000001,29.871472499999999,1.05499995,0.0320000015,20200502443993,686,0x3,0x4,21.1499996,26.4596539,0.0176289175,-0.125457361,6.03182525e-06,30,1.13999999,1
686103400034440,122048790,2458974.9884902681,58974.487905100003,17.6880341,0.0290861223,0,zg,298.00254360000002,29.8714595,1.21099997,-0.0439999998,20200505487894,686,0x3,0x4,20.9300003,26.4214039,0.017003037,-0.0727980062,5.48517528e-06,30,1.02699995,2
686103400034440,122048883,2458974.989416224,58974.488831000002,17.7608089,0.0298091806,0,zg,298.00258280000003,29.871461700000001,1.45299995,0.074000001,20200505488831,686,0x3,0x4,20.7099991,26.4905033,0.020510722,-0.12012884,8.09014637e-06,30,1.02600002,1
686103400034440,122130270,2458975.803345039,58975.302708299998,17.6083107,0.028343372,0,zg,298.00258860000002,29.871458199999999,0.43599999,0.00499999989,20200506302639,686,0x3,0x4,19.2299995,26.1048565,0.0302129332,-0.0400417075,1.69035466e-05,30,2.46099997,2
686103400034440,122248369,2458976.9844037923,58976.483692100002,17.6941948,0.0291456245,0,zg,298.00254150000001,29.871448399999998,0.523000002,0.00200000009,20200507483692,686,0x3,0x4,19.8500004,26.2778931,0.0272789747,-0.0784574151,1.42006711e-05,30,1.02499998,2
686103400034440,122338141,2458977.8821803462,58977.381412000002,17.9431381,0.031828247,32768,zg,298.0025612,29.871553800000001,0.481999993,0.0280000009,20200508381412,686,0x3,0x4,18.2999992,25.1594429,0.0654994994,-0.0690382421,0.000184087927,30,1.352,1
686103400034440,122338234,2458977.8831179077,58977.382349500003,17.8030205,0.0302493758,32768,zg,298.00257779999998,29.871481599999999,0.532999992,0.0769999996,20200508382350,686,0x3,0x4,18.5900002,25.3916836,0.0523811243,-0.0989003032,7.58364622e-05,30,1.34599996,2
686103400034440,122440422,2458978.9050573292,58978.404224500002,17.7025681,0.0292269979,0,zg,298.00254910000001,29.871460800000001,0.850000024,0.0289999992,20200509404016,686,0x3,0x4,19.8899994,26.2228889,0.0215999484,-0.0635219961,8.89223884e-06,30,1.21800005,2
686103400034440,122545129,2458979.952194945,58979.451296300002,17.750906,0.0297081489,0,zg,298.00254860000001,29.871462000000001,0.750999987,0.0920000002,20200510451262,686,0x3,0x4,20.4799995,26.3614998,0.0190995932,-0.0916245133,6.97860924e-06,30,1.06400001,2
686103400034440,122643178,2458980.9327424373,58980.431782400003,17.7478771,0.0296774302,0,zg,298.00254539999997,29.871457100000001,1.25199997,0.0500000007,20200511431782,686,0x3,0x4,20.2700005,26.4344578,0.0201561861,-0.107977882,7.80577557e-06,30,1.10399997,2
686103400034440,122643271,2458980.933679997,58980.432719900004,17.8019886,0.0302384347,0,zg,298.00252819999997,29.871480500000001,0.620000005,0.0399999991,20200511432720,686,0x3,0x4,20.1700001,26.4608154,0.022033494,-0.126046002,9.27323163e-06,30,1.10099995,1
686103400034440,122732128,2458981.8223001659,58981.321284700003,17.7413673,0.0296116471,0,zg,298.00255170000003,29.871478499999998,0.799000025,0.0260000005,20200512321285,686,0x3,0x4,19.7099991,26.2591095,0.0298152361,-0.0804176405,1.74100132e-05,30,1.80599999,2
686103400034440,123144335,2458985.9446267211,58985.4433565,17.6944828,0.0291484091,0,zg,298.00254769999998,29.871471700000001,0.818000019,-0.0130000003,20200516443345,686,0x3,0x4,21.2800007,26.4099331,0.0185883399,-0.0688854232,6.67165841e-06,30,1.04900002,2
686103400034440,123242651,2458986.927846422,58986.426516200001,17.7692146,0.0298955906,0,zg,298.00255529999998,29.871464599999999,2.13000011,0.187999994,20200517426516,686,0x3,0x4,21.5,26.4791527,0.017639555,-0.107766934,5.74261321e-06,30,1.07700002,2
686103400034440,123343762,2458987.9390189121,58987.437627300002,17.636797,0.0286030471,0,zg,298.002546,29.871451100000002,1.04999995,-0.0149999997,20200518437419,686,0x3,0x4,21.6200008,26.4290791,0.0168794561,-0.0655395836,5.27885732e-06,30,1.04900002,2
686103400034440,123740864,2458991.9102748781,58991.408645800002,17.7645149,0.0298471935,0,zg,298.0025397,29.871471799999998,1.39199996,0.0820000023,20200522408646,686,0x3,0x4,21.3500004,26.493351,0.0179188494,-0.123887353,6.08859318e-06,30,1.08599997,2
686103400034440,123743046,2458991.9320933749,58991.430462999997,17.6726227,0.0289386176,0,zg,298.00255010000001,29.871463800000001,0.995000005,0.0489999987,20200522430463,686,0x3,0x4,21.6399994,26.4380817,0.017258523,-0.0710823014,5.54522103e-06,30,1.04299998,1
686103400034440,124041821,2458994.9200223456,58994.418217600003,17.7213421,0.0294115376,0,zg,298.00253459999999,29.871455699999999,1.29900002,0.0219999999,20200525418194,686,0x3,0x4,21.4500008,26.4499111,0.01701607,-0.0946852714,5.54435701e-06,30,1.04999995,2
686103400034440,124042717,2458994.9289811645,58994.427175899997,17.6514626,0.028739186,0,zg,298.0025488,29.871459099999999,0.582000017,-0.0240000002,20200525426968,686,0x3,0x4,21.4899998,26.4386921,0.0163026415,-0.0699009895,4.98076361e-06,30,1.03499997,1
686103400034440,124243159,2458996.9335171217,58996.431597199997,17.6933403,0.0291373525,0,zg,298.00254740000003,29.871457599999999,0.790000021,0.0659999996,20200527431597,686,0x3,0x4,21.5200005,26.4537239,0.0167893562,-0.083902441,5.39502753e-06,30,1.02199996,2
686103400034440,124340344,2458997.9054238833,58997.403449099998,17.6820698,0.0290288012,0,zg,298.00255499999997,29.871467899999999,1.03699994,-0.100000001,20200528403449,686,0x3,0x4,21.5499992,26.417347,0.0169611797,-0.0649795607,5.2956666e-06,30,1.06200004,1
686103400034440,124442697,2458998.929011256,58998.426979199998,17.699461,0.029196728,0,zg,298.00253520000001,29.871446299999999,0.921000004,0.00100000005,20200529426979,686,0x3,0x4,21.6299992,26.4389324,0.0168378241,-0.0802376196,5.3547983e-06,30,1.02199996,2
686103400034440,124845222,2459002.954473882,59002.452222200001,17.7132835,0.0293319654,0,zg,298.00254109999997,29.871456500000001,1.07700002,0.101999998,20200602452188,686,0x3,0x4,21.3199997,26.3927536,0.0182416439,-0.0928066373,6.3532807e-06,30,1,2
686103400034440,125047733,2459004.9796966142,59004.477337999997,17.6492634,0.0287186615,0,zg,298.00252010000003,29.8714613,0.910000026,-0.0590000004,20200604477303,686,0x3,0x4,20.6399994,26.4184475,0.0170581732,-0.0641735867,5.57086605e-06,30,1.01100004,2
686103400034440,125047827,2459004.9806341608,59004.478275499998,17.7211723,0.0294098631,0,zg,298.00254790000002,29.8714634,1.23300004,0.0670000017,20200604478275,686,0x3,0x4,20.5400009,26.4336777,0.0193892717,-0.0787421912,7.194114e-06,30,1.01100004,1
686103400034440,125527861,2459009.7812128533,59009.278611100002,17.6781082,0.0289908908,0,zg,298.00255579999998,29.871465700000002,0.542999983,-0.0140000004,20200609278611,686,0x3,0x4,19.9899998,26.381403,0.025090389,-0.0786162019,1.21527864e-05,30,1.46000004,1
686103400034440,125832454,2459012.8272966519,59012.324548600001,17.7658215,0.0298606269,0,zg,298.00256250000001,29.871459900000001,0.805999994,0.0299999993,20200612324549,686,0x3,0x4,21.3799992,26.4915295,0.0159406494,-0.0942177474,4.72805186e-06,30,1.16600001,1
686103400034440,125832548,2459012.8282341966,59012.325486100002,17.7276573,0.0294742845,0,zg,298.00255970000001,29.871458799999999,1.11000001,0.0450000018,20200612325486,686,0x3,0x4,21.4799995,26.4901905,0.017434705,-0.0873789713,5.7008956e-06,30,1.16299999,2
686103400034440,125847465,2459012.9774079169,59012.474652800003,17.8053207,0.0302738249,0,zg,298.00257570000002,29.871453200000001,0.981999993,0.0240000002,20200612474653,686,0x3,0x4,20.7800007,26.5593491,0.020930877,-0.12448813,8.41685596e-06,30,1.03100002,1
686103400034440,126036458,2459014.8674256047,59014.364583299997,17.7261581,0.0294593554,0,zg,298.0025493,29.8714589,1.04700005,-0.0160000008,20200614364572,686,0x3,0x4,21.3099995,26.4908772,0.016424777,-0.088062115,5.11590679e-06,30,1.04799998,2
686103400034440,126236538,2459016.8683135863,59016.365381900003,17.7914467,0.0301271118,0,zg,298.00255970000001,29.871465700000002,1.58299994,0.109999999,20200616365382,686,0x3,0x4,21.25,26.3023167,0.0184529256,-0.118561372,6.49682124e-06,30,1.03799999,2
686103400034440,126437018,2459018.8732033265,59018.370185200001,17.7889175,0.0301005598,0,zg,298.0025253,29.871473300000002,2.1789999,0.111000001,20200618370185,686,0x3,0x4,21.4200001,26.5087757,0.0189798437,-0.122341171,6.9147286e-06,30,1.02400005,1
686103400034440,126437112,2459018.8741408661,59018.371122700002,17.7333908,0.0295315403,0,zg,298.0025392,29.871467800000001,1.33599997,0.0839999989,20200618371111,686,0x3,0x4,21.5799999,26.4980049,0.0162629168,-0.102591753,4.97666088e-06,30,1.023,2
686103400034440,126639547,2459020.8985766703,59020.395474500001,17.7257729,0.0294555239,0,zg,298.0025248,29.871461799999999,1.01999998,0.0780000016,20200620395475,686,0x3,0x4,21.6700001,26.4833832,0.0190633833,-0.0963013172,6.69976225e-06,30,1.00199997,2
686103400034440,126835405,2459022.8572310968,59022.354050900001,17.6778622,0.0289885476,0,zg,298.00255470000002,29.871461199999999,1.12,-0.0520000011,20200622354051,686,0x3,0x4,21.4899998,26.4702358,0.0165183134,-0.0704593509,5.04507216e-06,30,1.03100002,1
686103400034440,126836807,2459022.8712594481,59022.368078699998,17.7002907,0.0292048007,0,zg,298.00254899999999,29.8714619,0.926999986,-0.0350000001,20200622368079,686,0x3,0x4,21.5200005,26.4787636,0.0157537907,-0.0748480856,4.60000683e-06,30,1.01499999,2
686103400034440,127039347,2459024.8967301836,59024.393472199998,17.6847973,0.0290549751,0,zg,298.00253659999998,29.8714634,0.779999971,-0.0219999999,20200624393461,686,0x3,0x4,21.6399994,26.4632053,0.0190531332,-0.0835436285,7.02629268e-06,30,1,2
686103400034440,127132153,2459025.8248315612,59025.3215394,17.6748123,0.0289594494,0,zg,298.00251969999999,29.871477599999999,1.19099998,-0.0540000014,20200625321470,686,0x3,0x4,21.2700005,26.4329453,0.017186746,-0.0654721633,5.42270254e-06,30,1.07299995,1
686103400034440,127238219,2459026.8855294259,59026.3821991,17.7609177,0.0298102908,0,zg,298.00254369999999,29.871467500000001,0.829999983,0.0790000036,20200626382188,686,0x3,0x4,21.4899998,26.4796753,0.0164542515,-0.106936999,5.21046741e-06,30,1.00100005,2
686103400034440,127639285,2459030.896324195,59030.392858799998,17.7901764,0.0301137753,0,zg,298.00253220000002,29.871465700000002,0.568000019,0.0199999996,20200630392859,686,0x3,0x4,21.0599995,26.4222031,0.019837793,-0.115062267,7.37634537e-06,30,1.00300002,2
686103400034440,128022557,2459034.7291591903,59034.225578700003,17.6924248,0.0291284975,0,zg,298.00255129999999,29.871446299999999,0.419999987,-0.0199999996,20200704225567,686,0x3,0x4,19.4799995,26.3077774,0.0456623957,-0.0498137027,3.90910063e-05,30,1.35300004,1
686103400034440,128047800,2459034.9815969118,59034.478009300001,17.6812668,0.0290211122,0,zg,298.00250779999999,29.871462999999999,0.671999991,-0.0599999987,20200704478009,686,0x3,0x4,20.2600002,26.3706512,0.0192080718,-0.0744980648,7.14273301e-06,30,1.19200003,2
686103400034440,128224186,2459036.7454988896,59036.241863399999,17.7612724,0.0298139211,0,zg,298.00255340000001,29.8714467,1.08700001,-0.0480000004,20200706241794,686,0x3,0x4,19.8199997,26.4079418,0.0288050734,-0.117840566,1.57639515e-05,30,1.23599994,2
686103400034440,128324898,2459037.7526429868,59037.248981500001,17.7308674,0.0295063052,0,zg,298.00256760000002,29.871458400000002,0.481000006,-0.0170000009,20200707248981,686,0x3,0x4,19.9699993,26.3844414,0.0241317134,-0.0829201415,1.10383817e-05,30,1.19400001,1
686103400034440,128424821,2459038.7519038958,59038.248217599998,17.7615967,0.0298172422,0,zg,298.00256150000001,29.8714792,0.488999993,0.0130000003,20200708248160,686,0x3,0x4,20.6399994,26.4243431,0.0178680159,-0.108691394,6.07713355e-06,30,1.18599999,2
686103400034440,128626228,2459040.766013423,59040.262280100003,17.7463264,0.0296617243,0,zg,298.00257040000002,29.8714491,1.33800006,0.0900000036,20200710262280,686,0x3,0x4,21.2900009,26.5169315,0.0205684248,-0.117284514,8.15135809e-06,30,1.12,1
686103400034440,128626321,2459040.7669509449,59040.263217599997,17.670433,0.0289178137,0,zg,298.00254430000001,29.871449399999999,1.08399999,-0.0890000015,20200710263218,686,0x3,0x4,21.3500004,26.4536953,0.0165454857,-0.0745242313,5.11664302e-06,30,1.11699998,2
686103400034440,128738343,2459041.8871952645,59041.383437500001,17.6323929,0.0285624843,32768,zg,298.00252640000002,29.8714555,1.22099996,0.0820000023,20200711383426,686,0x3,0x4,20.7099991,26.0965614,0.0397194661,-0.0705277771,3.03922843e-05,30,1.01699996,1
686103400034440,128830971,2459042.8134875856,59042.309710599999,17.7564735,0.0297648497,0,zg,298.00257599999998,29.8714367,1.88800001,-0.0170000009,20200712309711,686,0x3,0x4,21.3600006,26.4321785,0.0178795494,-0.107218914,5.99814939e-06,30,1.01800001,2
686103400034440,128934872,2459043.8525244142,59043.348726900003,17.7383537,0.0295813158,0,zg,298.00255379999999,29.871449399999999,0.460000008,0.0209999997,20200713348727,686,0x3,0x4,21.3099995,26.4929657,0.0175587181,-0.108408198,5.75799595e-06,30,1,1
686103400034440,129035281,2459044.8566288017,59044.352812500001,17.7163162,0.0293618459,0,zg,298.002522,29.8714631,0.623000026,0.0209999997,20200714352801,686,0x3,0x4,21.2000008,26.5098038,0.0181604438,-0.0997349173,6.19148796e-06,30,1.00199997,2
686103400034440,129234210,2459046.8459569649,59046.3421065,17.6960754,0.0291638467,0,zg,298.00255170000003,29.871454799999999,1.61500001,0.0359999985,20200716342095,686,0x3,0x4,21.4400005,26.5085526,0.0168361012,-0.0880273059,5.33215052e-06,30,1.00100005,1
686103400034440,129437094,2459048.8748301673,59048.370949099997,17.6809845,0.0290184077,0,zg,298.00252979999999,29.871457700000001,1.23800004,0.0280000009,20200718370949,686,0x3,0x4,21.5799999,26.5073166,0.0205380227,-0.0779769346,7.80210758e-06,30,1.02400005,2
686103400034440,129533111,2459049.8350051558,59049.3311111,17.7235012,0.0294329617,0,zg,298.00254059999997,29.871458199999999,1.13399994,0.0439999998,20200719331111,686,0x3,0x4,21.5499992,26.5011063,0.016749233,-0.0896105543,5.28967848e-06,30,1,1
686103400034440,129633189,2459050.8358046524,59050.331898099997,17.7315998,0.0295136161,0,zg,298.00254000000001,29.871460800000001,1.71599996,0.0790000036,20200720331898,686,0x3,0x4,21.5,26.5013161,0.0171604324,-0.0950317085,5.65575237e-06,30,1.00100005,1
686103400034440,129638290,2459050.8868122483,59050.382905099999,17.6904831,0.029109735,0,zg,298.00253179999999,29.871469999999999,1.40400004,0.0920000002,20200720382905,686,0x3,0x4,21.5400009,26.4779701,0.017080998,-0.0817296728,5.46316778e-06,30,1.04900002,2
686103400034440,129831715,2459052.8210810027,59052.317152800002,17.6981812,0.0291842949,0,zg,298.00254130000002,29.871457100000001,1.10800004,0.061999999,20200722317153,686,0x3,0x4,21.7700005,26.5246048,0.0186273269,-0.079342939,6.4259807e-06,30,1,2
686103400034440,129832395,2459052.8278865688,59052.323958300003,17.7325802,0.0295234267,0,zg,298.00253739999999,29.871469900000001,0.819999993,-0.023,20200722323738,686,0x3,0x4,21.6700001,26.5262241,0.0179716386,-0.0921835154,5.9835761e-06,30,1,1
686103400034440,130027849,2459054.7824408645,59054.278495400002,17.7484856,0.0296835937,0,zg,298.00254410000002,29.871481500000002,1.20700002,0.0680000037,20200724278495,686,0x3,0x4,21.4899998,26.4922676,0.017764559,-0.0932307094,5.91693015e-06,30,1.01699996,2
686103400034440,130139332,2459055.8972752281,59055.393321800002,17.7214241,0.0294123534,0,zg,298.00252410000002,29.871465799999999,0.64200002,0.0240000002,20200725393322,686,0x3,0x4,21.3199997,26.4340668,0.0175074339,-0.0881128907,5.85959424e-06,30,1.102,1
686103400034440,130240221,2459056.9061700976,59056.402210599997,17.7591248,0.0297919363,0,zg,298.00250560000001,29.871472700000002,1.04400003,0.0270000007,20200726402188,686,0x3,0x4,21.2399998,26.473959,0.0195625536,-0.105914839,7.32685703e-06,30,1.13600004,2
686103400034440,130539179,2459059.8957651071,59059.391794000003,17.7242165,0.0294400621,0,zg,298.00253090000001,29.871464199999998,0.742999971,-0.00200000009,20200729391782,686,0x3,0x4,21.2299995,26.457859,0.0187610406,-0.0832140744,6.63679612e-06,30,1.12899995,1
686103400034440,130631599,2459060.8199681873,59060.3159954,17.7187424,0.0293858182,0,zg,298.00254050000001,29.871462399999999,0.620000005,0.00999999978,20200730315938,686,0x3,0x4,20.5599995,26.4693985,0.0209476594,-0.0785600767,8.31509988e-06,30,1.005,1
686103400034440,130639519,2459060.8991696541,59060.395196799996,17.7394257,0.0295920931,0,zg,298.00252849999998,29.871458400000002,1.24100006,0.0120000001,20200730395197,686,0x3,0x4,21.4300003,26.474102,0.0174973086,-0.0948541015,5.71736882e-06,30,1.148,2
686103400034440,130840981,2459062.9137878991,59062.409814799998,17.6767807,0.0289782267,0,zg,298.00253170000002,29.871466099999999,0.809000015,-0.0390000008,20200801409803,686,0x3,0x4,19.9400005,26.3888626,0.036637675,-0.0734549239,2.52259488e-05,30,1.22599995,2
686103400034440,130841075,2459062.9147253991,59062.410752299998,17.6587868,0.0288078096,0,zg,298.00254180000002,29.8714452,1.26600003,0.0149999997,20200801410741,686,0x3,0x4,20.1299992,26.4067936,0.0258272793,-0.0907789543,1.25877932e-05,30,1.23099995,1
686103400034440,131020777,2459064.7117474903,59064.207777800002,17.6685257,0.0288997255,0,zg,298.00255850000002,29.871471100000001,0.386999995,-0.0350000001,20200803207535,686,0x3,0x4,19.4899998,26.3588219,0.0280640125,-0.0665534586,1.47733463e-05,30,1.09000003,2
686103400034440,131124826,2459065.7522300398,59065.248263900001,17.7468014,0.0296665281,0,zg,298.00257900000003,29.8714768,0.856000006,-0.0689999983,20200804248264,686,0x3,0x4,19.6100006,26.432415,0.0294295084,-0.0874907821,1.64542325e-05,30,1.01699996,1
686103400034440,131232070,2459066.8246672498,59066.320705999999,17.6834297,0.0290418454,0,zg,298.00253099999998,29.871448699999998,0.902999997,-0.0120000001,20200805320694,686,0x3,0x4,20.2000008,26.4549103,0.020227842,-0.0775801465,7.76899287e-06,30,1.023,1
686103400034440,131339333,2459067.8972883862,59067.393333300002,17.7989082,0.0302058049,0,zg,298.00247969999998,29.8714935,0.713999987,0.00899999961,20200806393333,686,0x3,0x4,20.0599995,26.4818172,0.022120323,-0.116855562,9.4252664e-06,30,1.21399999,1
686103400034440,131420474,2459068.7086950722,59068.204745399999,17.7083054,0.0292830784,0,zg,298.002543,29.871468799999999,0.985000014,0.0460000001,20200807204745,686,0x3,0x4,21.2900009,26.4729347,0.0192402601,-0.0791337267,6.98304939e-06,30,1.07200003,2
686103400034440,131421381,2459068.7177690123,59068.2138194,17.7789745,0.029996695,0,zg,298.00254840000002,29.871461700000001,1.37,0.00899999961,20200807213785,686,0x3,0x4,21.0900002,26.5349236,0.0181247648,-0.110920563,6.16482748e-06,30,1.05400002,1
686103400034440,131535991,2459069.8638596977,59069.359919000002,17.7268982,0.0294667203,0,zg,298.00254100000001,29.871445399999999,1.00899994,0.0219999999,20200808359792,686,0x3,0x4,20.8099995,26.4626217,0.0165122561,-0.0772004351,5.08803578e-06,30,1.11500001,1
686103400034440,131724372,2459071.7476499463,59071.2437269,17.6704559,0.0289180297,0,zg,298.00254410000002,29.871454700000001,1.42900002,0.0949999988,20200810243727,686,0x3,0x4,21.5599995,26.4937305,0.0186612643,-0.0792468786,6.60882552e-06,30,1.00699997,1
686103400034440,131823454,2459072.7384608295,59072.234548599998,17.6944618,0.0291482117,0,zg,298.00252469999998,29.871469900000001,1.14699996,0.0939999968,20200811234549,686,0x3,0x4,21.5599995,26.4350357,0.0180906393,-0.0865477547,6.15590125e-06,30,1.01199996,2
686103400034440,132031815,2459074.8220457747,59074.3181597,17.0280647,0.0242075957,32768,zg,298.00255190000001,29.871471700000001,1.17900002,0.0289999992,20200813318160,686,0x3,0x4,19.3099995,24.2895622,0.441786528,0.14399074,0.00407715468,30,1.051,1
686103400034440,132032002,2459074.8239091495,59074.320023100001,17.6541424,0.028764246,32768,zg,298.00253789999999,29.8714461,1.52699995,0.172999993,20200813320023,686,0x3,0x4,21.2099991,26.2104378,0.0446968153,-0.0797557011,3.8167851e-05,30,1.05400002,2
686103400034440,132229930,2459076.8031625552,59076.299305599998,17.6805649,0.02901439,0,zg,298.0025478,29.8714561,1.05599999,0.0179999992,20200815299306,686,0x3,0x4,21.2800007,26.3329601,0.0182485152,-0.0853039548,6.43894873e-06,30,1.02999997,2
686103400034440,132421380,2459078.7176327817,59078.2138079,17.6609497,0.0288281664,0,zg,298.00254610000002,29.871462000000001,0.84799999,0.061999999,20200817213808,686,0x3,0x4,21.5200005,26.3742428,0.0178315975,-0.0687685683,6.08724349e-06,30,1.01600003,2
686103400034440,132621776,2459080.7215533983,59080.217766200003,17.6690807,0.0289049782,0,zg,298.00253249999997,29.871459099999999,0.629999995,-0.0130000003,20200819217766,686,0x3,0x4,21.1900005,26.1053543,0.0188731011,-0.0679780394,6.81439724e-06,30,1.00800002,2
686103400034440,132639394,2459080.8977304134,59080.393946800003,17.6884098,0.0290897414,0,zg,298.00255170000003,29.8714403,1.57799995,0.061999999,20200819393947,686,0x3,0x4,20.8099995,26.0757103,0.0207418669,-0.0747534037,8.19425986e-06,30,1.41600001,1
686103400034440,132827886,2459082.7826097896,59082.278865699998,17.9175262,0.031525556,32768,zg,298.00253520000001,29.871473600000002,1.29700005,-0.00400000019,20200821278866,686,0x3,0x4,20.7700005,26.7597656,0.0739899576,-0.0816000029,0.000104438004,30,1.02499998,2
686103400034440,132832909,2459082.8328401609,59082.329097200003,17.6564865,0.0287862197,32768,zg,298.00252219999999,29.8714677,0.725000024,-0.00600000005,20200821329039,686,0x3,0x4,20.6900005,25.8214436,0.0313871689,-0.0602044314,1.86240723e-05,30,1.12899995,1
686103400034440,133032581,2459084.8295071512,59084.325810200004,17.6991692,0.0291938875,0,zg,298.0025124,29.871467500000001,1.43299997,0.0649999976,20200823325787,686,0x3,0x4,21.2299995,26.263834,0.0159463547,-0.079528302,4.72279089e-06,30,1.13600004,1
686103400034440,133032767,2459084.8313705069,59084.327673599997,17.7313251,0.029510878,0,zg,298.00254430000001,29.871460200000001,1.40999997,-0.0179999992,20200823327674,686,0x3,0x4,21.1900005,26.2741108,0.0168979671,-0.0844021812,5.24561665e-06,30,1.14199996,2
686103400034440,133227752,2459086.7811712148,59086.277523099998,17.6332588,0.0285704546,0,zg,298.00252890000002,29.871451799999999,0.893000007,0.0189999994,20200825277512,686,0x3,0x4,21.5,26.3733177,0.018940283,-0.0588799194,6.77860908e-06,30,1.03799999,2
686103400034440,133230773,2459086.8113788157,59086.307731499997,17.7777328,0.0299837831,0,zg,298.00256250000001,29.871465000000001,1.03199995,0.0309999995,20200825307731,686,0x3,0x4,21.25,26.4544277,0.019521812,-0.117683634,7.10797713e-06,30,1.09899998,1
686103400034440,133332217,2459087.825796281,59087.322175900001,17.7035904,0.0292369649,0,zg,298.00254710000002,29.871453800000001,0.77700001,0.00700000022,20200826322176,686,0x3,0x4,21.1000004,26.2129345,0.0180181861,-0.0812997296,6.25843086e-06,30,1.15100002,1
686103400034440,133426637,2459088.7699717358,59088.266377300002,17.6954689,0.0291579608,0,zg,298.0025306,29.871460299999999,1.222,0.0270000007,20200827266377,686,0x3,0x4,20.5599995,26.218441,0.0187992025,-0.0858558863,7.23327184e-06,30,1.02999997,1
686103400034440,133525913,2459089.7626980906,59089.259131899998,17.7992897,0.0302098431,0,zg,298.00251300000002,29.871466999999999,1.41299999,0.0109999999,20200828259132,686,0x3,0x4,20.2299995,26.3236008,0.0203960817,-0.101954803,8.26381347e-06,30,1.02400005,1
686103400034440,133535567,2459089.8592346357,59089.3556713,17.7049522,0.0292502735,0,zg,298.00251659999998,29.871464400000001,1.33700001,0.00499999989,20200828355602,686,0x3,0x4,20.6200008,26.2145691,0.0190521535,-0.0890555084,7.15528495e-06,30,1.32700002,2
686103400034440,133625668,2459090.7602266478,59090.2566898,17.7010002,0.0292117074,0,zg,298.00252540000002,29.871456500000001,0.727999985,-0.0579999983,20200829256690,686,0x3,0x4,20.3199997,26.3586788,0.0191501286,-0.0822489634,7.23896937e-06,30,1.02400005,1
686103400034440,133641017,2459090.9137057331,59090.410173600001,17.6944809,0.029148398,0,zg,298.00249659999997,29.871454799999999,1.31400001,-0.0209999997,20200829410174,686,0x3,0x4,20.5,26.1619606,0.0206820443,-0.0742213503,8.0693917e-06,30,1.86000001,2
686103400034440,133722400,2459091.7275120844,59091.224004600001,17.7840233,0.030049324,0,zg,298.00251279999998,29.871476900000001,0.880999982,0.0540000014,20200830224005,686,0x3,0x4,20.3199997,26.5191154,0.0201995485,-0.117032126,8.09908488e-06,30,1.00199997,1
686103400034440,133729260,2459091.796109546,59091.292604200004,17.6451797,0.0286806598,0,zg,298.00251909999997,29.871478100000001,0.319000006,0.00800000038,20200830292384,686,0x3,0x4,20.3199997,26.4334469,0.0200182423,-0.0626890883,7.74701584e-06,30,1.09599996,2
686103400034440,133825797,2459092.7614496024,59092.257974499997,17.7154732,0.0293535348,0,zg,298.00255179999999,29.871467899999999,1.22000003,0.00700000022,20200831257847,686,0x3,0x4,20.3600006,26.4282379,0.0195010342,-0.0820913836,7.57381122e-06,30,1.03299999,2
686103400034440,133826274,2459092.7662180518,59092.2627431,17.8003674,0.0302212518,0,zg,298.00258179999997,29.871451199999999,1.03999996,0.0769999996,20200831262708,686,0x3,0x4,20.1000004,26.4934845,0.0252129193,-0.134460494,1.25207634e-05,30,1.03999996,1
686103400034440,133917202,2459093.6754711419,59093.172025499996,17.7063427,0.0292638652,0,zg,298.0025157,29.871464700000001,0.810000002,-0.0149999997,20200901172025,686,0x3,0x4,20.1200008,26.4149303,0.0221751034,-0.0770314634,9.53941526e-06,30,1.01699996,1
686103400034440,133941197,2459093.9154168488,59093.411979199998,17.7593079,0.0297938026,0,zg,298.00248269999997,29.871484299999999,0.606999993,0.0149999997,20200901411968,686,0x3,0x4,18.9699993,26.1459675,0.0564321987,-0.0631844103,5.83659203e-05,30,2.01600003,2
686103400034440,134021439,2459094.7178091933,59094.214398099997,17.7871952,0.0300825052,0,zg,298.00253140000001,29.871445699999999,0.963,0.119999997,20200902214398,686,0x3,0x4,19.7999992,26.300045,0.0224890057,-0.0968095288,9.79668039e-06,30,1.00100005,2
686103400034440,134128106,2459095.7844394655,59095.281064800001,17.7141457,0.0293404609,0,zg,298.0025177,29.871469300000001,0.527999997,0.0280000009,20200903281065,686,0x3,0x4,19.9899998,26.3906937,0.0252972804,-0.0946086049,1.22186757e-05,30,1.09399998,2
686103400034440,134133157,2459095.8349469807,59095.331574099997,17.7252083,0.0294499174,0,zg,298.00250240000003,29.871459900000001,0.723999977,0.0579999983,20200903331528,686,0x3,0x4,19.8700008,26.3277931,0.0234343391,-0.0876330882,1.05132203e-05,30,1.28400004,1
686103400034440,134215478,2459096.6581241861,59096.154780099998,17.7170029,0.0293686222,0,zg,298.00254489999998,29.8714385,2.2349999,0.134000003,20200904154780,686,0x3,0x4,20.9200001,26.4432068,0.0184501391,-0.0982834026,6.6596026e-06,30,1.02699995,1
686103400034440,134217146,2459096.6748133977,59096.1714699,17.7462273,0.0296607241,0,zg,298.0025344,29.8714467,2.20799994,0.180000007,20200904171470,686,0x3,0x4,20.8199997,26.4387188,0.0207046941,-0.0899663791,8.29422879e-06,30,1.00999999,2
686103400034440,134332011,2459097.8234178433,59097.3201157,17.6912804,0.0291174371,0,zg,298.00251830000002,29.871467500000001,0.680999994,-0.00600000005,20200905320116,686,0x3,0x4,20.3400002,26.3293877,0.0198407527,-0.0728950202,7.79088623e-06,30,1.25399995,2
686103400034440,134538309,2459099.8863152196,59099.383090299998,17.6619225,0.0288373251,0,zg,298.00250119999998,29.871444100000001,0.507000029,-0.00899999961,20200907383079,686,0x3,0x4,19.8099995,26.023243,0.024994256,-0.0567179993,1.15754174e-05,30,1.82500005,2
686103400034440,135228829,2459106.7912384747,59106.288298599997,17.6079121,0.0283397753,32768,zg,298.00251780000002,29.871456999999999,0.340000004,0.00300000003,20200914288264,686,0x3,0x4,20.2900009,25.4490471,0.0224829055,-0.0453124344,9.61922524e-06,30,1.22000003,2
686103400034440,135317317,2459107.6760718157,59107.173171299997,17.669857,0.0289123487,32768,zg,298.00253839999999,29.871463800000001,0.920000017,0.0489999987,20200915173148,686,0x3,0x4,20.7600002,25.7152576,0.0183940511,-0.0675333291,6.6040584e-06,30,1,2
686103400034440,135317409,2459107.6769976728,59107.174097199997,17.625452,0.0284988768,32768,zg,298.00252169999999,29.8714662,0.755999982,0.0439999998,20200915174097,686,0x3,0x4,20.7099991,25.7016506,0.0208842643,-0.0580992699,8.42478221e-06,30,1,1
686103400034440,135428244,2459108.7852922846,59108.282442099997,17.666235,0.028878035,32768,zg,298.00251850000001,29.871463500000001,1.14699996,0.114,20200916282431,686,0x3,0x4,20.8299999,25.6216431,0.0193072278,-0.0525978878,7.16973727e-06,30,1.21899998,2
686103400034440,135522353,2459109.7263369039,59109.223530099996,17.7728157,0.0299328025,0,zg,298.00255770000001,29.871447700000001,1.06099999,-0.00499999989,20200917223518,686,0x3,0x4,21.0799999,26.1936264,0.0190976914,-0.0937129036,7.03056139e-06,30,1.05200005,2
686103400034440,135616472,2459110.6674849088,59110.164722200003,17.6802711,0.029011583,0,zg,298.00253780000003,29.871467899999999,0.68599999,-0.00300000003,20200918164676,686,0x3,0x4,21.2199993,26.1886559,0.0172943641,-0.0719235167,5.81991753e-06,30,1,1
686103400034440,135629988,2459110.8026405517,59110.299884300002,17.6372242,0.0286069848,32768,zg,298.0024937,29.871461199999999,0.795000017,-0.064000003,20200918299873,686,0x3,0x4,19.5100002,24.9373589,0.0587275736,-0.0786996037,6.36271288e-05,30,1.33599997,2
686103400034440,135716318,2459111.6658980865,59111.163182900003,17.6765938,0.0289764386,0,zg,298.00254799999999,29.8714595,1.57200003,0.0260000005,20200919163090,686,0x3,0x4,21.3899994,26.2898865,0.0176422689,-0.0734473169,5.90348736e-06,30,1,2
686103400034440,135815180,2459112.6544730011,59112.151805599999,17.7502213,0.0297011994,0,zg,298.00254669999998,29.871459300000001,1.03600001,0.0439999998,20200920151690,686,0x3,0x4,21.5,26.4728355,0.017500516,-0.0893933028,5.94118228e-06,30,1,2
686103400034440,135920146,2459113.704085777,59113.201469899999,17.7154808,0.0293536168,0,zg,298.00253800000002,29.8714643,1.52999997,0.0790000036,20200921201458,686,0x3,0x4,21.2700005,26.3957672,0.0170733817,-0.0938849822,5.65769142e-06,30,1.03400004,2
686103400034440,135920239,2459113.7050116318,59113.202395799999,17.7633324,0.0298350472,0,zg,298.00255199999998,29.8714616,1.98300004,0.180000007,20200921202396,686,0x3,0x4,21.3199997,26.3948364,0.0190345943,-0.10485068,7.06493256e-06,30,1.03600001,1
686103400034440,136022469,2459114.7272639927,59114.224699099999,17.6991844,0.0291940384,0,zg,298.00253720000001,29.871462000000001,0.680999994,0.0120000001,20200922224699,686,0x3,0x4,21.3299999,26.3301506,0.0159005709,-0.0808693543,4.90327557e-06,30,1.08299994,2
686103400034440,136124072,2459115.7432427467,59115.240729199999,17.7101707,0.0293013733,0,zg,298.00254649999999,29.8714701,1.10699999,-0.0189999994,20200923240729,686,0x3,0x4,21.0400009,26.3879604,0.0193286631,-0.0762127638,6.92160802e-06,30,1.13399994,2
686103400034440,136221376,2459116.7162253368,59116.213761600004,17.7168121,0.0293667428,0,zg,298.00253400000003,29.8714637,1.10899997,0.0179999992,20200924213750,686,0x3,0x4,20.9799995,26.3414536,0.0181120969,-0.0809557512,6.05039395e-06,30,1.07099998,2
686103400034440,136322483,2459117.7272492894,59117.224838000002,17.6680183,0.0288949143,0,zg,298.00251370000001,29.871454100000001,0.934000015,0.0439999998,20200925224826,686,0x3,0x4,20.9699993,26.4115429,0.0164436437,-0.076850377,4.88040314e-06,30,1.10399997,1
686103400034440,136322577,2459117.7281867405,59117.225775500003,17.6851883,0.029058734,0,zg,298.00252310000002,29.8714592,0.879000008,0.00200000009,20200925225775,686,0x3,0x4,20.8500004,26.4197807,0.0173206441,-0.0707672611,5.53924701e-06,30,1.10699999,2
686103400034440,136326289,2459117.7653027782,59117.262893500003,17.7125587,0.0293248352,0,zg,298.00253149999998,29.871456899999998,0.656000018,-0.0179999992,20200925262894,686,0x3,0x4,20.8799992,26.3862324,0.0164486971,-0.0748076066,5.09610754e-06,30,1.24100006,1
686103400034440,136419497,2459118.6973372642,59118.194976899998,17.7017765,0.0292192809,0,zg,298.00255179999999,29.871451100000002,1.22599995,0.0199999996,20200926194977,686,0x3,0x4,20.6200008,26.4544315,0.0185538549,-0.0905550644,6.36785717e-06,30,1.046,2
686103400034440,136520788,2459119.7101884284,59119.207881900002,17.6800499,0.0290094614,0,zg,298.00252139999998,29.871468100000001,1.352,-0.0120000001,20200927207882,686,0x3,0x4,20.4400005,26.4225655,0.0186739415,-0.0775005668,6.40286953e-06,30,1.07599998,2
686103400034440,136526859,2459119.7709027403,59119.268599499999,17.6769505,0.0289798398,0,zg,298.00251580000003,29.871468100000001,0.782999992,0.00300000003,20200927268600,686,0x3,0x4,20.4200001,26.3663769,0.0191099085,-0.0731372982,6.91341074e-06,30,1.29799998,1
686103400034440,136621478,2459120.7170324852,59120.214780100003,17.7620392,0.0298217889,0,zg,298.00252560000001,29.871450400000001,0.700999975,0.0160000008,20200928214769,686,0x3,0x4,20.2199993,26.4154682,0.0191770438,-0.0902479142,7.09839287e-06,30,1.09899998,2
686103400034440,136624984,2459120.7520999634,59120.249849500004,17.6813583,0.0290219933,0,zg,298.00250190000003,29.8714622,0.578999996,0.0140000004,20200928249850,686,0x3,0x4,20.0599995,26.369463,0.0204428416,-0.0741812438,7.88283887e-06,30,1.21899998,1
686103400034440,136717276,2459121.6749665244,59121.172766199998,17.7565002,0.0297651161,0,zg,298.00254819999998,29.871451199999999,0.437000006,0.00800000038,20200929172766,686,0x3,0x4,20.3799992,26.4453316,0.0227921084,-0.111542545,9.9270419e-06,30,1.02499998,2
686103400034440,136823495,2459122.7370956093,59122.234953699997,17.7155685,0.0293544754,0,zg,298.00251850000001,29.8714443,1.551,-0.00899999961,20200930234919,686,0x3,0x4,19.9300003,26.3146191,0.02188983,-0.0795774832,9.26065331e-06,30,1.18099999,2
686103400034440,136829344,2459122.795587725,59122.293449099998,17.6524506,0.0287484191,0,zg,298.00250970000002,29.871440400000001,0.48300001,-0.0270000007,20200930293449,686,0x3,0x4,19.7199993,26.2493248,0.0250312705,-0.0756636634,1.18132984e-05,30,1.52900004,1
686103400034440,136912541,2459123.6275092075,59123.125416700001,17.7353249,0.0295509081,0,zg,298.00253320000002,29.871460200000001,1.04799998,0.0900000036,20201001125417,686,0x3,0x4,20.2800007,26.3805866,0.0201060232,-0.0869475454,7.95341111e-06,30,1,1
686103400034440,137118474,2459125.6867218558,59125.184745400002,17.7509499,0.0297085959,0,zg,298.0025235,29.871471499999998,0.989000022,0.0890000015,20201003184745,686,0x3,0x4,20.4099998,26.4192123,0.022503214,-0.0956505314,9.75932744e-06,30,1.06200004,1
686103400034440,137317420,2459127.6760636279,59127.174201399997,17.6847839,0.0290548485,32768,zg,298.00265560000003,29.871457899999999,1.14100003,0.111000001,20201005174201,686,0x3,0x4,18.6700001,24.5062561,0.0533784069,-0.0851238519,9.34473501e-05,30,1.05200005,1
686103400034440,137517590,2459129.6776480698,59129.175902800001,17.8748074,0.0310349707,32768,zg,298.0025301,29.871467500000001,1.03400004,0.103,20201007175903,686,0x3,0x4,19.5,24.7652931,0.153252095,-0.118387997,0.000438903662,30,1.06599998,1
686103400034440,137718563,2459131.687262556,59131.185636599999,17.7361526,0.0295592062,0,zg,298.0025096,29.8714671,1.25100005,0.00200000009,20201009185637,686,0x3,0x4,20.9599991,26.4550781,0.0191917308,-0.114187077,7.04175136e-06,30,1.10099995,1
686103400034440,138122478,2459135.7261610618,59135.224780099998,17.6868973,0.0290751718,0,zg,298.00252,29.871452099999999,1.54700005,-0.0219999999,20201013224757,686,0x3,0x4,21.1200008,26.3650665,0.0176688228,-0.0784429461,6.03717444e-06,30,1.29700005,1
686103400034440,138316181,2459137.6630784408,59137.161817100001,17.6858978,0.0290655605,0,zg,298.00252380000001,29.871462699999999,0.935000002,-0.0149999997,20201015161817,686,0x3,0x4,21.3199997,26.4004135,0.0174859036,-0.071002014,5.73014131e-06,30,1.08299994,1
686103400034440,138519981,2459139.7009488894,59139.199814799998,17.6859512,0.0290660672,0,zg,298.00254000000001,29.871454199999999,0.505999982,-0.00800000038,20201017199815,686,0x3,0x4,21.2600002,26.3293953,0.0168269966,-0.0779473037,5.28110058e-06,30,1.22800004,1
686103400034440,138720379,2459141.7048041131,59141.203796299997,17.6820259,0.0290283877,0,zg,298.00251830000002,29.871455600000001,0.611000001,-0.0549999997,20201019203796,686,0x3,0x4,21.0100002,26.1811352,0.0163323358,-0.0773528516,5.09293204e-06,30,1.273,1
686103400034440,138918079,2459143.681680887,59143.180798599999,17.6936874,0.029140709,0,zg,298.00251850000001,29.8714598,1.19599998,0.0970000029,20201021180799,686,0x3,0x4,21.2199993,26.4254055,0.0177963059,-0.085479036,5.78462686e-06,30,1.19299996,1
686103400034440,139120699,2459145.7077434561,59145.206990699997,17.7055931,0.0292565301,0,zg,298.00250820000002,29.871449399999999,0.933000028,0.0170000009,20201023206991,686,0x3,0x4,20.8899994,26.3924751,0.0169127677,-0.0884333402,5.49328206e-06,30,1.352,1
686103400034440,139614281,2459150.6432472421,59150.142812500002,17.6771774,0.0289820042,0,zg,298.00249889999998,29.871468499999999,0.437000006,-0.0209999997,20201028142812,686,0x3,0x4,20.1499996,26.4659176,0.0221527182,-0.0783073679,9.38665926e-06,30,1.12699997,1
686103400034440,139824444,2459152.7447429379,59152.244444399999,17.6191902,0.0284418073,0,zg,298.00253800000002,29.8714446,0.685000002,-0.0359999985,20201030244444,686,0x3,0x4,19.4799995,26.2786026,0.0305084921,-0.0615354665,1.71794036e-05,30,1.90900004,1
686103400034440,140020090,2459154.7010745169,59154.200902800003,17.7822323,0.0300306305,0,zg,298.00253320000002,29.871461700000001,0.398000002,-0.00300000003,20201101200903,686,0x3,0x4,19.7000008,26.3953991,0.027162835,-0.0781553611,1.39656331e-05,30,1.48399997,1
686103400034440,140212064,2459156.6206953931,59156.120648099997,17.6848869,0.029055845,0,zg,298.002523,29.871458400000002,0.777999997,0.00300000003,20201103120648,686,0x3,0x4,20.9200001,26.452589,0.0161471087,-0.0808447599,4.87946454e-06,30,1.11000001,1
686103400034440,140416150,2459158.6614196687,59158.161504600001,17.7422905,0.0296209492,0,zg,298.0024841,29.871450200000002,0.758000016,0.0130000003,20201105161505,686,0x3,0x4,20.2099991,26.4232559,0.0257395413,-0.0791662261,1.26309551e-05,30,1.29400003,1
686103400034440,141313454,2459167.6338883745,59167.134548599999,17.7642365,0.0298443399,0,zg,298.00251580000003,29.871460299999999,1.16600001,0.0260000005,20201114134525,686,0x3,0x4,20.8199997,26.4814472,0.0200432055,-0.101962581,7.69788858e-06,30,1.28100002,1
686103400034440,141510947,2459169.6086946023,59169.1094792,17.6705704,0.0289191157,0,zg,298.00252560000001,29.871448900000001,0.94599998,-0.0289999992,20201116109479,686,0x3,0x4,20.9099998,26.4612198,0.017018659,-0.0733440071,5.50482173e-06,30,1.19099998,1
686103400034440,142013460,2459174.6335109444,59174.134606500003,17.6660805,0.0288765803,0,zg,298.00250039999997,29.871444700000001,1.04499996,0.0399999991,20201121134606,686,0x3,0x4,20.4500008,26.1259003,0.0184945017,-0.0677784458,6.47739716e-06,30,1.39600003,1
686103400034440,142411737,2459178.6160376831,59178.117372699999,17.7452011,0.0296503399,0,zg,298.0025043,29.871461100000001,1.18200004,0.0240000002,20201125117292,686,0x3,0x4,20.4200001,26.4333,0.0195373073,-0.108837552,7.34132118e-06,30,1.35500002,1
686103400034440,142613891,2459180.6374581791,59180.138912000002,17.8232479,0.0304659419,0,zg,298.00263539999997,29.871426799999998,0.779999971,0.0659999996,20201127138912,686,0x3,0x4,18.8199997,26.3116055,0.0517749637,-0.071830906,5.46977753e-05,30,1.56299996,1
686103400034440,142813329,2459182.6317295907,59182.133298599998,17.6733055,0.0289451033,0,zg,298.00249439999999,29.871459300000001,0.515999973,0.00600000005,20201129133299,686,0x3,0x4,19.6299992,26.3601074,0.0260086544,-0.0657688975,1.30039389e-05,30,1.56099999,1
686103400034440,143015230,2459184.6506197327,59184.152303199997,17.6911201,0.0291158836,0,zg,298.00248809999999,29.871446500000001,0.824000001,-0.0419999994,20201201152292,686,0x3,0x4,19.6000004,26.2909756,0.0246601254,-0.0610985421,1.15557978e-05,30,1.84000003,1
686103400034440,143413997,2459188.6380743794,59188.139976899998,17.6286583,0.0285282191,0,zg,298.00251980000002,29.8714388,0.381000012,0.0419999994,20201205139977,686,0x3,0x4,19.5,26.2852402,0.0336518511,-0.0349779353,2.1407297e-05,30,1.82200003,1
686103400034440,143914218,2459193.6400246215,59193.142187500001,17.7446308,0.0296445694,32768,zg,298.00245089999999,29.8715656,0.624000013,0.164000005,20201210142187,686,0x3,0x4,18.3299999,24.5127316,0.0788047686,-0.0783853158,0.000239081797,30,2.06999993,1
686103400034440,144114223,2459195.639971748,59195.142233799997,17.6015701,0.0282828268,32768,zg,298.00249380000002,29.871419599999999,0.702000022,0.0160000008,20201212142234,686,0x3,0x4,18.2399998,25.1370411,0.099573493,0.00823019538,0.000396166026,30,2.17499995,1
686103400034440,151151358,2459266.0103513831,59265.513588000002,17.5673542,0.0279807877,0,zg,298.00266950000002,29.8714735,0.370999992,0.0309999995,20210220513588,686,0x3,0x4,19.8099995,26.2116089,0.0328619108,-0.0552926995,2.03350864e-05,30,2.3210001,1
686103400034440,152251203,2459277.0091317678,59276.512037,17.6996288,0.0291983634,0,zg,298.00259190000003,29.871463299999998,0.263999999,-0.0189999994,20210303512037,686,0x3,0x4,19.9500008,26.2786598,0.0241830908,-0.0878363624,1.09633511e-05,30,1.81799996,1
686103400034440,154443273,2459298.9308064026,59298.432731499997,17.7574005,0.0297743063,0,zg,298.0025617,29.871454199999999,0.61500001,-0.0209999997,20210325432720,686,0x3,0x4,19.3199997,25.9815254,0.034555424,-0.06876643,2.28978297e-05,30,2.12899995,1
686103400034440,154850237,2459303.0006674645,59302.502372700001,17.7611847,0.0298130289,0,zg,298.0025364,29.8714449,0.624000013,0.0329999998,20210329502373,686,0x3,0x4,20.1100006,26.4041538,0.0213560294,-0.10494063,8.70866188e-06,30,1.28799999,1
686103400034440,155149398,2459305.9924437646,59305.493981500003,17.7210808,0.0294089541,0,zg,298.0025488,29.871449599999998,0.680000007,0.0209999997,20210401493981,686,0x3,0x4,20.2700005,26.3979836,0.0204147752,-0.0868027657,8.10091205e-06,30,1.28900003,1
686103400034440,155349121,2459307.9897919605,59307.491215299997,17.8544044,0.0308068357,0,zg,298.00256080000003,29.871486699999998,0.771000028,0.0350000001,20210403491146,686,0x3,0x4,20.7399998,26.4488621,0.019300282,-0.123916708,7.21948481e-06,30,1.27499998,1
686103400034440,155544834,2459309.9470354728,59309.448344900004,17.7548943,0.0297487378,0,zg,298.00255870000001,29.8714485,0.899999976,0.0500000007,20210405448345,686,0x3,0x4,20.7399998,26.358881,0.0187838357,-0.096964106,6.78830975e-06,30,1.52900004,1
686103400034440,155745710,2459311.9559158054,59311.457106499998,17.7762814,0.0299687125,0,zg,298.00256000000002,29.871468799999999,0.852999985,0.0390000008,20210407457095,686,0x3,0x4,21.0100002,26.4353981,0.0177480206,-0.116917714,5.94859921e-06,30,1.41600001,1
686103400034440,156048712,2459314.9861210738,59314.487129599998,17.780859,0.0300163142,0,zg,298.00258059999999,29.871462000000001,0.50999999,0.00600000005,20210410487130,686,0x3,0x4,20.9300003,26.4459877,0.017544888,-0.120750703,5.93109553e-06,30,1.20500004,1
686103400034440,156239179,2459316.8909015628,59316.391794000003,17.6843987,0.0290511493,0,zg,298.00258200000002,29.871449800000001,0.734000027,0.0439999998,20210412391782,686,0x3,0x4,21.0499992,26.2119846,0.0244143065,-0.0848468989,1.13688229e-05,30,1.98300004,1
686103400034440,156545456,2459319.9538569767,59319.4545602,17.6665134,0.0288806744,0,zg,298.0025387,29.871482199999999,0.504000008,-0.00300000003,20210415454560,686,0x3,0x4,20.4599991,26.3882828,0.0205379818,-0.0789105073,8.07975539e-06,30,1.29499996,1
686103400034440,156844471,2459322.9441943397,59322.444710600001,17.7043514,0.0292444043,0,zg,298.00256250000001,29.8714701,0.753000021,0.0370000005,20210418444711,686,0x3,0x4,20.9500008,26.3951473,0.022496216,-0.0905019492,9.73362785e-06,30,1.30400002,1
686103400034440,157145679,2459325.9564678739,59325.456793999998,17.7166901,0.0293655414,0,zg,298.002566,29.8714659,0.675000012,0.00999999978,20210421456794,686,0x3,0x4,20.9200001,26.4375744,0.0182761494,-0.099821642,6.55835493e-06,30,1.20599997,1
686103400034440,158245396,2459336.9543451043,59336.453969900002,17.7259064,0.029456852,0,zg,298.00254389999998,29.8714622,0.77700001,-0.0410000011,20210502453970,686,0x3,0x4,20.6800003,26.407795,0.0172327179,-0.0845485926,5.61226443e-06,30,1.11199999,2
686103400034440,158245740,2459336.957782825,59336.457407399997,17.7090721,0.0292906016,0,zg,298.00255679999998,29.8714589,1.34200001,0.0109999999,20210502457326,686,0x3,0x4,20.5799999,26.4228802,0.0185500607,-0.0948851779,6.72564784e-06,30,1.10300004,1
686103400034440,158343454,2459337.9349863636,59337.434548600002,17.7956047,0.030170897,0,zg,298.00253700000002,29.871474299999999,0.805000007,-0.00700000022,20210503434525,686,0x3,0x4,20.2600002,26.3818398,0.0231383201,-0.103711329,1.04361698e-05,30,1.16499996,2
686103400034440,158444017,2459338.9406754673,59338.4401736,17.7235203,0.0294331517,0,zg,298.00253229999998,29.8714558,1.21099997,0.0560000017,20210504440174,686,0x3,0x4,21.1399994,26.4224167,0.018780604,-0.0830128565,6.80516587e-06,30,1.13699996,2
686103400034440,158540881,2459339.9093829002,59339.4088194,17.7506027,0.0297050774,0,zg,298.00255700000002,29.871446500000001,1.35000002,0.0460000001,20210505408785,686,0x3,0x4,21.2199993,26.4015636,0.0184810441,-0.109823786,6.50017091e-06,30,1.25,1
686103400034440,158644870,2459340.9493333055,59340.4487037,17.7580109,0.0297805425,0,zg,298.0025407,29.8714634,1.56500006,0.0979999974,20210506448692,686,0x3,0x4,21.4099998,26.4690418,0.0167224426,-0.103678152,5.35540585e-06,30,1.097,2
686103400034440,158747418,2459341.9748844467,59341.474189799999,17.7457123,0.0296555143,0,zg,298.0025177,29.871476399999999,0.797999978,0.00400000019,20210507474190,686,0x3,0x4,20.6599998,26.4296532,0.0221659038,-0.0877676457,9.41415692e-06,30,1.03999996,1
686103400034440,158847365,2459342.9744152729,59342.473657399998,17.7820816,0.0300290529,0,zg,298.00255110000001,29.871469699999999,1.02499998,0.0390000008,20210508473657,686,0x3,0x4,21.3999996,26.4582348,0.0162942503,-0.112718329,5.13478381e-06,30,1.03600001,2
686103400034440,159046880,2459344.9696914768,59344.468807899997,17.8427258,0.0306780003,0,zg,298.00253939999999,29.871473999999999,2.05100012,0.0689999983,20210510468808,686,0x3,0x4,21.2900009,26.4611588,0.0172684304,-0.129824668,5.65931032e-06,30,1.03499997,2
686103400034440,159046974,2459344.9706290355,59344.469745399998,17.8102665,0.0303265397,0,zg,298.00255370000002,29.871457599999999,0.658999979,-0.00499999989,20210510469745,686,0x3,0x4,21.2600002,26.4405518,0.0173448641,-0.119518563,5.82083658e-06,30,1.03400004,1
686103400034440,159247085,2459346.9718654007,59346.470856499996,17.71064,0.0293059852,0,zg,298.00254260000003,29.871455000000001,0.73299998,-0.0450000018,20210512470856,686,0x3,0x4,21.5499992,26.4274559,0.017263433,-0.076254271,5.70795555e-06,30,1.02499998,1
686103400034440,159542510,2459349.9262961913,59349.425104200003,17.783947,0.030048525,0,zg,298.00260759999998,29.8715048,1.30900002,0.00499999989,20210515425104,686,0x3,0x4,21.0699997,26.4520779,0.0193556342,-0.101378776,7.12463225e-06,30,1.09399998,1
686103400034440,159940863,2459353.910069034,59353.408634300002,17.6987,0.0291893333,0,zg,298.00256400000001,29.871455999999998,0.862999976,-0.00200000009,20210519408623,686,0x3,0x4,20.9699993,26.421463,0.0184433833,-0.0912994668,6.5483423e-06,30,1.10899997,1
686103400034440,160245018,2459356.9518014491,59356.450185200003,17.7330856,0.0295284856,0,zg,298.0025579,29.871477200000001,0.842999995,-0.0160000008,20210522450174,686,0x3,0x4,21.0200005,26.4612255,0.0173677392,-0.0986821279,5.88466173e-06,30,1.01800001,1
686103400034440,160532754,2459359.8293306567,59359.327546300003,17.7365379,0.0295630824,0,zg,298.00258400000001,29.871462000000001,0.694000006,0.0390000008,20210525327546,686,0x3,0x4,19.8099995,26.3033943,0.0251336507,-0.0993795693,1.18338558e-05,30,1.40499997,1
686103400034440,160841282,2459362.9147846391,59362.4128241,17.7156124,0.0293549076,0,zg,298.00254139999998,29.871449399999999,0.639999986,-0.0460000001,20210528412824,686,0x3,0x4,20.4400005,26.4474487,0.0174922105,-0.0773256943,5.87205886e-06,30,1.046,1
686103400034440,161038465,2459364.8867234061,59364.384652799999,17.709259,0.029292427,0,zg,298.0025425,29.871456999999999,0.870999992,0.0170000009,20210530384618,686,0x3,0x4,20.6499996,26.4080601,0.0185067318,-0.0882743075,6.51375512e-06,30,1.09300005,1
686103400034440,161444800,2459368.9503000979,59368.448009300002,17.7957382,0.030172307,0,zg,298.00256189999999,29.871463500000001,2.0999999,0.133000001,20210603447928,686,0x3,0x4,21.2199993,26.4839439,0.0174173862,-0.118277445,5.84771396e-06,30,1,1
686103400034440,161640123,2459370.9036315843,59370.401238400002,17.7640762,0.0298426859,0,zg,298.00254819999998,29.8714698,1.54900002,0.0759999976,20210605401238,686,0x3,0x4,21.2099991,26.4891396,0.0195225142,-0.125388861,7.37449636e-06,30,1.03100002,1
686103400034440,161945378,2459373.956333078,59373.453784700003,17.7328033,0.0295256581,0,zg,298.00259030000001,29.871448399999998,0.737999976,-0.00300000003,20210608453750,686,0x3,0x4,21.0400009,26.5217857,0.0181036424,-0.0987063795,6.18450349e-06,30,1.00300002,1
686103400034440,162238416,2459376.8868581518,59376.384166700002,17.7003174,0.0292050689,0,zg,298.00255770000001,29.871456500000001,1.33200002,0.074000001,20210611384167,686,0x3,0x4,21.3799992,26.4810715,0.0171657372,-0.0828625634,5.66017161e-06,30,1.03100002,1
686103400034440,162437293,2459378.8757248758,59378.3729398,17.7074432,0.0292746332,0,zg,298.00254519999999,29.8714564,0.602999985,0.0170000009,20210613372940,686,0x3,0x4,21.2700005,26.483242,0.0158911496,-0.0838029832,4.70853001e-06,30,1.03999996,1
686103400034440,162641487,2459380.9177508568,59380.414872699999,17.8177052,0.0304062385,32768,zg,298.00255220000003,29.871444199999999,0.94599998,0.0970000029,20210615414850,686,0x3,0x4,19.1499996,24.2600231,0.0568897873,-0.0887091085,6.52972813e-05,30,1,1
686103400034440,162840706,2459382.9100260735,59382.407060199999,17.722868,0.0294266678,0,zg,298.00252380000001,29.871456999999999,0.514999986,0.0240000002,20210617407060,686,0x3,0x4,21.1000004,26.2887554,0.0195792336,-0.0744992346,7.35164031e-06,30,1.00100005,1
686103400034440,163141013,2459385.913231031,59385.410138899999,17.7264881,0.0294626411,0,zg,298.00254519999999,29.8714586,0.30399999,-0.00700000022,20210620410069,686,0x3,0x4,21.1000004,26.4194279,0.0178233366,-0.0813277066,6.20981109e-06,30,1,1
686103400034440,163336319,2459387.8663646695,59387.363194400001,17.7859554,0.0300695244,0,zg,298.002544,29.871457599999999,1,0.0469999984,20210622363137,686,0x3,0x4,20.3799992,26.3751221,0.0195355844,-0.1061702,7.27328234e-06,30,1.01999998,1
686103400034440,163830000,2459392.803353291,59392.300000000003,17.6267643,0.0285108779,0,zg,298.0025387,29.871453200000001,0.987999976,0.0280000009,20210627299988,686,0x3,0x4,20.3799992,26.3692245,0.0205916632,-0.0627012551,8.12068356e-06,30,1.11500001,1
686103400034440,164037263,2459394.8760626698,59394.3726389,17.6727791,0.0289401021,0,zg,298.00255659999999,29.871445099999999,0.533999979,-0.0140000004,20210629372639,686,0x3,0x4,20.7000008,26.2994442,0.0185874347,-0.0722335652,6.56368502e-06,30,1.00100005,1
686103400034440,164330167,2459397.8051948231,59397.301678199998,17.7270889,0.0294686202,0,zg,298.0025584,29.8714613,0.850000024,0.0120000001,20210702301667,686,0x3,0x4,21.1100006,26.4360218,0.0174958128,-0.110342443,5.77591527e-06,30,1.07599998,1
686103400034440,164638012,2459400.8837328614,59400.380127299999,17.7042351,0.0292432625,0,zg,298.00251530000003,29.871468199999999,0.523999989,0.0469999984,20210705380127,686,0x3,0x4,21.3400002,26.4510231,0.0179570261,-0.0868893489,6.21810614e-06,30,1.00300002,1
686103400034440,164831979,2459402.8234485914,59402.3197917,17.770813,0.0299120955,0,zg,298.002545,29.8714592,1.30299997,0.0939999968,20210707319792,686,0x3,0x4,21.2800007,26.4819088,0.0168430507,-0.109014466,5.40474548e-06,30,1.023,1
686103400034440,165035885,2459404.8625610708,59404.3588542,17.743351,0.0296316519,0,zg,298.0025483,29.871455600000001,1.36199999,0.023,20210709358727,686,0x3,0x4,21.2900009,26.3823071,0.01753789,-0.0938121751,5.92929746e-06,30,1,1
686103400034440,165236430,2459406.8680575672,59406.3643056,17.6972218,0.0291749742,32768,zg,298.00255140000002,29.871465000000001,1.07700002,0.0839999989,20210711364259,686,0x3,0x4,20.9099998,26.0049801,0.045867689,-0.0796298012,4.09253335e-05,30,1.00300002,1
686103400034440,165436219,2459408.8659919444,59408.362199100004,17.626297,0.028506605,0,zg,298.00253270000002,29.8714613,0.321999997,-0.00499999989,20210713362188,686,0x3,0x4,21.2900009,26.1287251,0.0180115364,-0.059303388,6.12234817e-06,30,1.005,1
686103400034440,165634467,2459410.8485052655,59410.3446759,17.6683559,0.0288981088,0,zg,298.0025119,29.871468100000001,1.91400003,0.148000002,20210715344549,686,0x3,0x4,21.3400002,26.244976,0.0199774466,-0.0719268695,7.53988388e-06,30,1.00100005,1
686103400034440,165834109,2459412.8449615389,59412.341099500001,17.7361774,0.0295594577,0,zg,298.00253450000002,29.8714619,1.32599998,-0.00400000019,20210717340972,686,0x3,0x4,20.9500008,25.9771004,0.0187548921,-0.0719187334,6.62388993e-06,30,1.00100005,1
686103400034440,166143116,2459415.9350733845,59415.431169000003,17.7527695,0.0297271032,0,zg,298.00253309999999,29.871471199999998,1.25,0.0320000015,20210720431157,686,0x3,0x4,21.1399994,26.3797703,0.0189252943,-0.101734906,6.73295108e-06,30,1.176,1
686103400034440,166431848,2459418.8224187796,59418.318483800002,17.687809,0.0290839523,32768,zg,298.00249819999999,29.871449399999999,0.513999999,0.0209999997,20210723318391,686,0x3,0x4,19.2900009,25.9465218,0.0437185653,-0.0818476602,3.7018759e-05,30,1,1
686103400034440,167026863,2459424.7726044157,59424.268634300002,17.7603378,0.0298043452,0,zg,298.00256230000002,29.871467500000001,1.66199994,0.0850000009,20210729268623,686,0x3,0x4,21.1700001,26.478384,0.0184352826,-0.107876353,6.52857307e-06,30,1.01400006,1
686103400034440,167329841,2459427.8023878788,59427.2984144,17.6759682,0.0289704725,0,zg,298.00254480000001,29.871455099999999,0.648999989,-0.0299999993,20210801298356,686,0x3,0x4,21.3999996,26.3946342,0.0180838108,-0.067488566,6.21858135e-06,30,1.00100005,1
686103400034440,167533354,2459429.8375118822,59429.333541699998,17.7034607,0.0292356983,0,zg,298.00254059999997,29.871465300000001,1.477,0.050999999,20210803333542,686,0x3,0x4,21.4400005,26.47826,0.0182202011,-0.0987071246,6.39132259e-06,30,1.03100002,1
686103400034440,168026829,2459434.7722422793,59434.2682986,17.788105,0.0300920382,0,zg,298.00256619999999,29.871453599999999,2.01200008,0.173999995,20210808268264,686,0x3,0x4,21.3600006,26.5152607,0.0193547476,-0.127363086,7.0991905e-06,30,1,1
686103400034440,168534725,2459439.8511459483,59439.347256900001,17.6863022,0.0290694479,0,zg,298.00252269999999,29.8714707,0.870999992,0.0520000011,20210813347245,686,0x3,0x4,20.9500008,26.2320557,0.0232680012,-0.0859135762,1.02481054e-05,30,1.11600006,1
686103400034440,168830383,2459442.8076756746,59442.303830999997,17.6990566,0.0291927997,0,zg,298.00250629999999,29.871465700000002,1.21200001,-0.0260000005,20210816303831,686,0x3,0x4,20.9899998,26.3598003,0.0183899105,-0.0978102013,6.35381002e-06,30,1.03900003,1
686103400034440,169032641,2459444.8302210323,59444.326412000002,17.6529217,0.0287528243,0,zg,298.00251100000003,29.871467599999999,1.13,0.0270000007,20210818326412,686,0x3,0x4,20.1399994,26.2054729,0.0262613837,-0.0891085342,1.36909057e-05,30,1.09599996,1
686103400034440,169420415,2459448.7078840733,59448.2041551,17.7365952,0.0295636579,0,zg,298.00253759999998,29.871461700000001,0.61500001,0.0209999997,20210822204144,686,0x3,0x4,20.0200005,26.3945141,0.021289438,-0.0960100964,8.80835887e-06,30,1.01300001,1
686103400034440,169626313,2459450.7668168521,59450.263136599999,17.7059555,0.0292600729,0,zg,298.00253179999999,29.871445699999999,0.529999971,-0.0419999994,20210824263137,686,0x3,0x4,19.9699993,26.1617489,0.0228810683,-0.0710297376,9.87295607e-06,30,1.01600003,1
686103400034440,169830622,2459452.8098545927,59452.3062269,17.7441578,0.029639801,0,zg,298.00251109999999,29.8714777,1.04900002,0.100000001,20210826306215,686,0x3,0x4,20.75,26.4892292,0.0205729995,-0.108651631,8.26375799e-06,30,1.10099995,1
686103400034440,170021517,2459454.7187485015,59454.215173600001,17.7311535,0.0295091644,0,zg,298.00254439999998,29.871458700000002,1.33200002,0.150000006,20210828215150,686,0x3,0x4,21.2900009,26.5030766,0.0182221942,-0.103766009,6.20425772e-06,30,1,1
686103400034440,170426831,2459458.7717611995,59458.268310200001,17.717823,0.0293767229,0,zg,298.00254419999999,29.871471199999998,0.878000021,0.00200000009,20210901268299,686,0x3,0x4,21.3199997,26.3787041,0.0187856108,-0.0780335516,6.85133728e-06,30,1.05299997,1
686103400034440,170628549,2459460.7888811976,59460.285497700002,17.7182961,0.0293814,0,zg,298.00252790000002,29.8714662,1.46700001,0.0769999996,20210903285498,686,0x3,0x4,21.4300003,26.4832573,0.017149698,-0.0971136168,5.68846053e-06,30,1.10300004,1
686103400034440,170828872,2459462.7920396221,59462.288726899998,17.6724815,0.028937269,0,zg,298.00251919999999,29.871465000000001,1.30400002,0.0890000015,20210905288715,686,0x3,0x4,21.2900009,26.4712219,0.0178350061,-0.0868611932,6.02599903e-06,30,1.12800002,1
686103400034440,171024376,2459464.7470017485,59464.243761600002,17.6824532,0.02903248,0,zg,298.00253140000001,29.8714622,1.70700002,0.0939999968,20210907243762,686,0x3,0x4,21.4899998,26.4621525,0.0201163441,-0.0830282122,7.69272083e-06,30,1.03900003,1
686103400034440,171232100,2459466.8241661359,59466.321006899998,17.7509804,0.0297089126,0,zg,298.00252549999999,29.8714616,1.09000003,0.0450000018,20210909320995,686,0x3,0x4,21.1499996,26.3759708,0.017854711,-0.0941998959,6.01767442e-06,30,1.31099999,1
686103400034440,171419599,2459468.699078497,59468.195995399998,17.6880817,0.0290865824,0,zg,298.0025397,29.8714561,1.14499998,0.075000003,20210911195972,686,0x3,0x4,21.3899994,26.4637871,0.0193165895,-0.0823195577,7.08442485e-06,30,1.00300002,1
686103400034440,171624739,2459470.7503921166,59470.247395799997,17.7811508,0.0300193597,0,zg,298.00253070000002,29.871478799999998,1.44000006,0.0850000009,20210913247384,686,0x3,0x4,21.2199993,26.5883331,0.0255051274,-0.118876763,1.24620574e-05,30,1.07700002,1
686103400034440,171927956,2459473.7824219936,59473.279560199997,17.7531452,0.0297309272,0,zg,298.00255229999999,29.871455900000001,1.52600002,0.0930000022,20210916279560,686,0x3,0x4,20.6100006,26.4381771,0.0200105552,-0.105963022,7.80016944e-06,30,1.20299995,1
686103400034440,172224087,2459476.7436031559,59476.240879600002,17.6904716,0.0291096196,0,zg,298.00253290000001,29.8714668,0.860000014,-0.0579999983,20210919240880,686,0x3,0x4,19.9400005,26.446188,0.0225848816,-0.0958503187,9.79963988e-06,30,1.10099995,1
686103400034440,172429916,2459478.801790271,59478.299166700002,17.7295609,0.029493263,0,zg,298.00249989999998,29.871473999999999,0.162,0.0299999993,20210921299167,686,0x3,0x4,19.8199997,26.3474922,0.0243060365,-0.0705547035,1.13131118e-05,30,1.37800002,1
686103400034440,173018767,2459484.6899950346,59484.187673599998,17.7037849,0.0292388629,0,zg,298.00251120000001,29.871456200000001,0.674000025,0.0109999999,20210927187674,686,0x3,0x4,21.4300003,26.4506283,0.0203885995,-0.0836690664,7.82555526e-06,30,1.03699994,1
686103400034440,173319420,2459487.6963598803,59487.194201400001,17.6735001,0.0289469641,0,zg,298.00252999999998,29.871466099999999,1.24600005,0.00400000019,20210930194201,686,0x3,0x4,20.9300003,26.3632107,0.0200728998,-0.0745096058,7.68625341e-06,30,1.06299996,1
686103400034440,173520581,2459489.7078566444,59489.205810200001,17.7062874,0.0292633269,0,zg,298.00252810000001,29.871459699999999,0.55400002,0.0189999994,20211002205799,686,0x3,0x4,21.2399998,26.4022026,0.0178907719,-0.0797931924,6.06854837e-06,30,1.102,1
686103400034440,173725731,2459491.7592446296,59491.257314800001,17.6720829,0.0289334841,0,zg,298.00251980000002,29.871455900000001,0.907000005,0.0270000007,20211004257315,686,0x3,0x4,20.8400002,26.1607819,0.0189865269,-0.0655395165,6.94343544e-06,30,1.33800006,1
686103400034440,174814113,2459502.6424126443,59502.1411343,17.662075,0.028838763,0,zg,298.0025339,29.8714564,0.625999987,-0.0209999997,20211015141134,686,0x3,0x4,20.2999992,26.450758,0.0219473764,-0.0822570696,9.1606571e-06,30,1.04100001,1
686103400034440,175019374,2459504.6949004144,59504.193749999999,17.6594505,0.0288140532,0,zg,298.00251029999998,29.8714592,0.601000011,-0.0160000008,20211017193750,686,0x3,0x4,20.4099998,26.4061337,0.0187769048,-0.0632134154,6.78018796e-06,30,1.19799995,1
686103400034440,175620390,2459510.7046700059,59510.203900499997,17.7017345,0.0292188637,0,zg,298.00251900000001,29.8714437,0.948000014,0.0299999993,20211023203889,686,0x3,0x4,20.2299995,26.3786888,0.019901054,-0.0943736732,7.56746886e-06,30,1.329,1
686103400034440,175818254,2459512.6831888068,59512.182546299999,17.6814194,0.0290225744,0,zg,298.0025369,29.871457299999999,0.824000001,0.0560000017,20211025182546,686,0x3,0x4,20.9500008,26.4464512,0.016787624,-0.0787313357,5.55100632e-06,30,1.245,1
686103400034440,176316351,2459517.6638390906,59517.163518499998,17.7154922,0.0293537248,0,zg,298.0025311,29.871458799999999,1.45099998,0.0979999974,20211030163519,686,0x3,0x4,21.3099995,26.4733849,0.0200753249,-0.0856173187,7.76285287e-06,30,1.22000003,2
686103400034440,176814243,2459522.642428196,59522.142430599997,17.699234,0.0291945264,0,zg,298.00253520000001,29.871462900000001,0.898999989,-0.063000001,20211104142431,686,0x3,0x4,21.2800007,26.4640884,0.0169189442,-0.0796650648,5.38795439e-06,30,1.18900001,1
686103400034440,176915268,2459523.6526173232,59523.152685200002,17.7000275,0.0292022396,0,zg,298.00252769999997,29.871470200000001,0.616999984,0.023,20211105152674,686,0x3,0x4,21.1900005,26.4708443,0.0198175423,-0.0865636095,7.41957365e-06,30,1.24600005,2
686103400034440,177012247,2459524.6223462727,59524.122476899996,17.6576405,0.0287970491,0,zg,298.00252840000002,29.871457199999998,0.737999976,0.0350000001,20211106122477,686,0x3,0x4,21.3600006,26.5122967,0.0194136072,-0.0833232924,6.9859725e-06,30,1.13800001,1
686103400034440,177112091,2459525.62071924,59525.120914400002,17.6607094,0.0288258996,0,zg,298.00249769999999,29.871469600000001,1.50199997,0.125,20211107120914,686,0x3,0x4,21.4899998,26.4843922,0.0190250482,-0.0768550858,6.82548762e-06,30,1.14199996,2
686103400034440,177219682,2459526.6965640662,59526.196828699998,17.6446075,0.0286753457,0,zg,298.00249639999998,29.8714698,1.11399996,0.0390000008,20211108196782,686,0x3,0x4,21.0400009,26.3802185,0.0185207166,-0.0742100477,6.62927732e-06,30,1.61500001,1
686103400034440,177315496,2459527.6546390294,59527.154965299997,17.656744,0.0287886374,0,zg,298.00252210000002,29.871458100000002,1.36099994,0.0700000003,20211109154954,686,0x3,0x4,21,26.4514122,0.0165644791,-0.0908738226,5.20475305e-06,30,1.31400001,2
686103400034440,177719582,2459531.6952371644,59531.1958218,17.6757126,0.0289680399,0,zg,298.0024555,29.8714595,0.605000019,-0.00899999961,20211113195810,686,0x3,0x4,19.5,26.3264313,0.0317180306,-0.0621086434,1.88593949e-05,30,1.75699997,1
686103400034440,178311562,2459537.6146692992,59537.115624999999,17.6983929,0.0291863438,32768,zg,298.00251700000001,29.8714385,0.816999972,-0.0460000001,20211119115625,686,0x3,0x4,18.8999996,25.5522442,0.0433210731,-0.0823182166,3.90113055e-05,30,1.25100005,1
686103400034440,178916333,2459543.6620108904,59543.163333299999,17.6660709,0.028876489,0,zg,298.00245819999998,29.871441900000001,0.81099999,0.151999995,20211125163333,686,0x3,0x4,19.5799999,26.276844,0.0370750204,-0.0569975898,2.62949507e-05,30,1.76100004,1
686103400034440,188649410,2459640.991158946,59640.494108799998,17.569067,0.0279957,0,zg,298.00255550000003,29.871440199999999,0.717000008,-0.0430000015,20220302494097,686,0x3,0x4,20.5900002,26.2141914,0.020457333,-0.032485228,7.83899213e-06,30,2.17000008,1
686103400034440,191649525,2459670.9937024149,59670.495254599999,17.7634163,0.0298359152,0,zg,298.00254000000001,29.871465499999999,1.51800001,0.0850000009,20220401495243,686,0x3,0x4,21.3500004,26.4526176,0.0171455257,-0.101233549,5.60064154e-06,30,1.28600001,1
686103400034440,191947565,2459673.9742786787,59673.475659700001,17.7138634,0.02933768,0,zg,298.00260250000002,29.8714811,0.717999995,0.0130000003,20220404475648,686,0x3,0x4,20.2399998,26.2408142,0.025918806,-0.0809234753,1.30724511e-05,30,1.35099995,1
686103400034440,192449076,2459678.989679886,59678.490763900001,17.8022537,0.0302412435,32768,zg,298.00259240000003,29.871457500000002,1.352,0.0489999987,20220409490741,686,0x3,0x4,20.9599991,26.5005016,0.0199068207,-0.140217662,7.60582316e-06,30,1.204,1
686103400034440,192841278,2459682.9119441081,59682.412789399998,17.7950115,0.0301646516,0,zg,298.00259720000003,29.8714625,0.486000001,-0.0149999997,20220413412789,686,0x3,0x4,19.7700005,26.3104172,0.0229350142,-0.10673508,1.02234708e-05,30,1.67200005,1
686103400034440,193239366,2459686.8930707015,59686.393668999997,17.5572262,0.0278930366,0,zg,298.00255320000002,29.8714963,0.76700002,0.225999996,20220417393657,686,0x3,0x4,18.4500008,26.1104336,0.0500609688,-0.0580998175,7.32817352e-05,30,1.76900005,1
686103400034440,193546862,2459689.9682177659,59689.468622699998,17.6513901,0.0287385061,0,zg,298.0025918,29.8714938,0.523999989,0.0329999998,20220420468611,686,0x3,0x4,19.5400009,26.3859692,0.0294658355,-0.0790624544,1.68151328e-05,30,1.17299998,1
686103400034440,194044653,2459694.946450612,59694.4465394,17.6821175,0.0290292576,0,zg,298.00258239999999,29.871485,1.12199998,-0.00100000005,20220425446528,686,0x3,0x4,20.0900002,26.2528725,0.0280884802,-0.0778948143,1.50355145e-05,30,1.20599997,1
686103400034440,194243449,2459696.9345288598,59696.434490699998,17.7246017,0.0294438861,0,zg,298.00255609999999,29.871473200000001,0.755999982,0.00300000003,20220427434479,686,0x3,0x4,20.8099995,26.4215126,0.0205233488,-0.101217926,8.06822845e-06,30,1.23500001,1
686103400034440,194445311,2459698.9532806613,59698.453113399999,17.8208885,0.0304404926,0,zg,298.00251580000003,29.871497300000001,0.833999991,0.0209999997,20220429453102,686,0x3,0x4,20.8899994,26.4143276,0.0195222795,-0.133223593,7.32715989e-06,30,1.14199996,1
686103400034440,194740761,2459701.9079718343,59701.407615700002,17.8434181,0.0306856055,32768,zg,298.00258609999997,29.871475799999999,1.32599998,0.0299999993,20220502407604,686,0x3,0x4,20.8400002,26.4208832,0.0244215149,-0.155333951,1.17514446e-05,30,1.30200005,1
686103400034440,194745053,2459701.9508913094,59701.450532399998,17.7968369,0.0301839076,0,zg,298.00256209999998,29.871468,1.78900003,0.0500000007,20220502450532,686,0x3,0x4,21.25,26.4140911,0.017719157,-0.125226915,6.02512e-06,30,1.12399995,1
686103400034440,195742601,2459711.9270087997,59711.426018500002,17.7084846,0.0292848404,0,zg,298.00251980000002,29.871473900000002,1.12899995,0.00300000003,20220512426007,686,0x3,0x4,20.0100002,26.419508,0.0243471041,-0.100912981,1.11246709e-05,30,1.11600006,1
686103400034440,195946336,2459713.9644850325,59713.463368099998,17.6966629,0.0291695446,0,zg,298.00254469999999,29.871446299999999,1.50100005,0.0710000023,20220514463356,686,0x3,0x4,20.6599998,26.4194298,0.017781198,-0.0794134364,6.02896262e-06,30,1.02900004,1
686103400034440,196940568,2459723.9073990295,59723.405682899996,17.7731972,0.0299367495,0,zg,298.00252130000001,29.8714814,1.07500005,0.050999999,20220524405683,686,0x3,0x4,20.9500008,26.442318,0.0193045344,-0.114987515,7.20257913e-06,30,1.08399999,1
686103400034440,197144777,2459725.949612238,59725.4477778,17.761673,0.0298180263,0,zg,298.0025488,29.871463899999998,1.66900003,0.100000001,20220526447766,686,0x3,0x4,21.4899998,26.5067196,0.0193243194,-0.104505949,7.17156945e-06,30,1.01100004,1
686103400034440,197342547,2459727.9274216252,59727.4254745,17.7878227,0.0300890729,0,zg,298.00254740000003,29.871455399999999,1.171,0.0500000007,20220528425463,686,0x3,0x4,21.0100002,26.3399925,0.018858945,-0.121729001,6.67724589e-06,30,1.028,1
686103400034440,197738642,2459731.8885903456,59731.386423600001,17.7382278,0.0295800474,0,zg,298.0025584,29.871461199999999,1.477,0.00200000009,20220601386343,686,0x3,0x4,21.0599995,26.4851532,0.0183713511,-0.109506264,6.35678543e-06,30,1.07799995,1
686103400034440,197932048,2459733.8227568641,59733.320486099998,17.7742004,0.0299471319,0,zg,298.00255220000003,29.871451,2.30500007,0.0149999997,20220603320475,686,0x3,0x4,21.0599995,26.4503059,0.0190301407,-0.11835812,6.87479815e-06,30,1.301,1
686103400034440,198145127,2459735.9536559591,59735.4512731,17.8736172,0.0310215596,32768,zg,298.00265450000001,29.871454400000001,1.36899996,0.00499999989,20220605451262,686,0x3,0x4,20.9799995,26.4761467,0.0228592306,-0.184945077,9.89470664e-06,30,1,1
686103400034440,198441659,2459738.9191311901,59738.416597199997,17.8112831,0.0303373933,0,zg,298.00261610000001,29.8714467,1.30799997,0.0829999968,20220608416597,686,0x3,0x4,21.2000008,26.4775524,0.0197556801,-0.122343533,7.28741043e-06,30,1.00800002,1
686103400034440,198639870,2459740.901335441,59740.398703699997,17.7023468,0.0292248372,0,zg,298.00253579999998,29.871452099999999,0.768000007,0.0140000004,20220610398542,686,0x3,0x4,21.2399998,26.4411221,0.0163052715,-0.0754826516,4.97767132e-06,30,1.01800001,1
686103400034440,199043356,2459744.936386975,59744.433564799998,17.7310543,0.0295081753,0,zg,298.00253650000002,29.871450400000001,0.80400002,0.0199999996,20220614433449,686,0x3,0x4,19.7399998,26.5159645,0.0234523322,-0.130223811,1.04650489e-05,30,1.00100005,1
686103400034440,199438968,2459748.8926846343,59748.389687499999,17.7731819,0.0299365893,0,zg,298.0025316,29.871486300000001,1.47899997,-0.0109999999,20220618389676,686,0x3,0x4,20.3099995,26.5292511,0.0199329704,-0.128448904,7.57316002e-06,30,1.00800002,1
686103400034440,199632721,2459750.8302889359,59750.3272106,17.8298588,0.0305375326,0,zg,298.00252890000002,29.8714695,0.884000003,0.0179999992,20220620327211,686,0x3,0x4,20.4899998,26.4922047,0.0264085233,-0.134359866,1.33487611e-05,30,1.09500003,1
686103400034440,199832166,2459752.8248254471,59752.321666700002,17.7934036,0.0301477052,0,zg,298.0025723,29.871447400000001,1.73599994,0.074000001,20220622321667,686,0x3,0x4,21.1599998,26.4275875,0.0200292319,-0.128274009,7.77785772e-06,30,1.09500003,1
686103400034440,200139747,2459755.9007530999,59755.397476899998,17.6999092,0.0292010903,0,zg,298.00251329999998,29.871465100000002,1.22500002,-0.0140000004,20220625397280,686,0x3,0x4,21.3999996,26.4896564,0.0160450079,-0.0760183409,4.88474734e-06,30,1,1
686103400034440,200332166,2459757.8250121586,59757.321666700002,17.6797447,0.0290065408,0,zg,298.00253989999999,29.871448099999999,1.30299997,0.0820000023,20220627321667,686,0x3,0x4,21.4200001,26.4444447,0.0164217111,-0.0794342086,5.17472063e-06,30,1.06400001,1
686103400034440,200336454,2459757.8678955766,59757.364548600002,17.6960869,0.0291639622,0,zg,298.00254969999997,29.8714662,0.805000007,0.0920000002,20220627364537,686,0x3,0x4,21.5100002,26.4448586,0.0177078266,-0.0765641481,5.85848693e-06,30,1.00800002,1
686103400034440,200542370,2459759.9271210474,59759.423703699998,17.650013,0.0287256557,0,zg,298.00252999999998,29.8714616,0.597000003,-0.0219999999,20220629423692,686,0x3,0x4,21.4699993,26.4365978,0.0159107447,-0.0738621131,4.78979791e-06,30,1.023,1
686103400034440,200938891,2459763.8924538372,59763.388912000002,17.6965981,0.0291689225,0,zg,298.00252890000002,29.871451,1.19200003,0.0240000002,20220703388900,686,0x3,0x4,21.3799992,26.5073452,0.0159380715,-0.0907487497,4.79736127e-06,30,1.00399995,1
686103400034440,201139540,2459765.8990042503,59765.395405099996,17.7484093,0.0296828188,0,zg,298.00249980000001,29.8714716,1.75199997,0.0810000002,20220705395394,686,0x3,0x4,21.4200001,26.5274029,0.0176117048,-0.0959439054,5.83133669e-06,30,1.01199996,1
686103400034440,201436633,2459768.8700078451,59768.366330999997,17.7124329,0.0293236021,0,zg,298.00254319999999,29.871459099999999,0.379999995,0.0500000007,20220708366331,686,0x3,0x4,21.5100002,26.4832535,0.0167181809,-0.078618139,5.31312753e-06,30,1.00100005,1
686103400034440,201442288,2459768.9265601262,59768.422881899998,17.7776051,0.0299824532,0,zg,298.00255340000001,29.871447499999999,1.30900002,0.142000005,20220708422882,686,0x3,0x4,21.4799995,26.4957542,0.0175285153,-0.0946548581,5.82189614e-06,30,1.05999994,1
686103400034440,201638266,2459770.8863866194,59770.382662000004,17.6817665,0.0290258974,0,zg,298.00252410000002,29.871453299999999,0.718999982,0.0130000003,20220710382662,686,0x3,0x4,21.2700005,26.4754143,0.0166894719,-0.0814175084,5.29136287e-06,30,1.01199996,1
686103400034440,201643075,2459770.9344779905,59770.430752300002,17.7164536,0.0293632112,0,zg,298.0025584,29.871460200000001,1.41199994,0.109999999,20220710430752,686,0x3,0x4,21.2800007,26.5072899,0.0179789811,-0.110524349,6.1289943e-06,30,1.08899999,1
686103400034440,202727944,2459781.7833559699,59781.279444400003,17.7488537,0.0296873264,0,zg,298.002546,29.8714461,0.936999977,0.0480000004,20220721279433,686,0x3,0x4,21.3299999,26.430912,0.0177806728,-0.0869917944,5.83190558e-06,30,1.02699995,1
686103400034440,202734862,2459781.8525350667,59781.348622700003,17.816021,0.0303881448,0,zg,298.00255989999999,29.8714625,0.954999983,0.0260000005,20220721348588,686,0x3,0x4,20.8700008,26.3703003,0.0204428248,-0.122746848,7.82463576e-06,30,1.00899994,1
686103400034440,202929472,2459783.7986548361,59783.2947222,17.7317505,0.0295151304,0,zg,298.00254109999997,29.871453800000001,0.851999998,0.0179999992,20220723294630,686,0x3,0x4,21.4699993,26.4846554,0.0169896614,-0.0887028798,5.33741559e-06,30,1.00699997,1
686103400034440,203135194,2459785.8558940822,59785.351944399998,17.7386818,0.0295846127,0,zg,298.00253120000002,29.871447199999999,2.01900005,0.0850000009,20220725351771,686,0x3,0x4,21.3500004,26.416626,0.0175104272,-0.0931494758,5.94617268e-06,30,1.02199996,1
686103400034440,203337090,2459787.8748648036,59787.370902800001,17.7452545,0.0296508856,0,zg,298.00251420000001,29.871458499999999,2.81900001,0.127000004,20220727370891,686,0x3,0x4,21.3500004,26.4642105,0.0198436584,-0.118449949,7.44679892e-06,30,1.05999994,1
686103400034440,203536231,2459789.8662846806,59789.362314799997,17.8667145,0.0309440196,32768,zg,298.00260479999997,29.871430199999999,1.96800005,0.0500000007,20220729362303,686,0x3,0x4,21.0900002,26.4112396,0.0216917489,-0.141725153,8.87045462e-06,30,1.05400002,1
686103400034440,203928215,2459793.7861256925,59793.282152799999,17.6823273,0.0290312693,0,zg,298.0025273,29.871464899999999,0.368000001,0.0309999995,20220802282118,686,0x3,0x4,21.4699993,26.45401,0.0190425552,-0.071637921,6.76826949e-06,30,1.00100005,1
686103400034440,204130958,2459795.8135512415,59795.309583299997,17.7436447,0.0296346135,0,zg,298.00255770000001,29.8714583,2.92700005,0.289000005,20220804309572,686,0x3,0x4,21.4400005,26.5035229,0.0219459198,-0.11499162,8.79427353e-06,30,1.00899994,1
686103400034440,204431884,2459798.8227950414,59798.318842599998,17.6988564,0.0291908514,0,zg,298.0025134,29.871464,0.675000012,-0.0199999996,20220807318843,686,0x3,0x4,21.1399994,26.4505882,0.0164401215,-0.0858122259,5.2204532e-06,30,1.02499998,1
686103400034440,204831023,2459802.8141484736,59802.3102315,17.8118896,0.030343879,0,zg,298.00253720000001,29.8714336,1.18599999,0.123000003,20220811310231,686,0x3,0x4,20.2900009,26.5091496,0.0213716831,-0.114651725,8.81499182e-06,30,1.028,1
686103400034440,205129208,2459805.7959627709,59805.292083300003,17.7786903,0.0299937427,0,zg,298.0025377,29.871453200000001,1.22300005,0.137999997,20220814292060,686,0x3,0x4,20.5,26.4628048,0.0200392567,-0.106280409,7.63629214e-06,30,1.01699996,1
686103400034440,205325592,2459807.7597755697,59807.255925899997,17.7125626,0.0293248817,0,zg,298.00254769999998,29.871458700000002,2.16899991,0.135000005,20220816255903,686,0x3,0x4,21.0300007,26.4653549,0.0177726131,-0.0890351683,6.04424258e-06,30,1,1
686103400034440,205533033,2459809.8341493835,59809.330335600003,17.6773148,0.0289833229,0,zg,298.00255010000001,29.871459900000001,1.63100004,0.074000001,20220818330312,686,0x3,0x4,20.9099998,26.395998,0.017188577,-0.0991547927,5.67022516e-06,30,1.10500002,1
686103400034440,205928848,2459813.7922167955,59813.288483800003,17.7676678,0.0298796389,0,zg,298.00251489999999,29.8714586,0.423999995,0.0289999992,20220822288484,686,0x3,0x4,21.0400009,26.4597588,0.0217938256,-0.1183578,9.29499129e-06,30,1.03999996,1
686103400034440,206124357,2459815.7472635703,59815.243576399997,17.6851768,0.0290586296,0,zg,298.00254030000002,29.871472600000001,0.980000019,0.0680000037,20220824243553,686,0x3,0x4,21.2600002,26.4278488,0.0178530719,-0.0958501101,6.06531694e-06,30,1.00300002,1
686103400034440,206517666,2459819.68025001,59819.176666699997,17.670681,0.0289201681,0,zg,298.00254640000003,29.871457500000002,1.27600002,-0.0329999998,20220828176667,686,0x3,0x4,21.4500008,26.4622517,0.016125245,-0.070779182,4.90973935e-06,30,1.02499998,1
686103400034440,206931671,2459823.8201705511,59823.316713,17.7598724,0.0297995862,0,zg,298.00251070000002,29.871458400000002,0.864000022,0.0209999997,20220901316713,686,0x3,0x4,21.1000004,26.431921,0.0197291095,-0.102163941,7.47523927e-06,30,1.18499994,1
686103400034440,207129151,2459825.7949080481,59825.291516199999,17.7213898,0.0294120125,0,zg,298.00252740000002,29.8714516,1.05900002,0.0450000018,20220903291516,686,0x3,0x4,21.2000008,26.4392643,0.018087564,-0.0958546698,6.31249668e-06,30,1.11800003,1
686103400034440,207328491,2459827.7882408546,59827.284918999998,17.7150421,0.0293492917,0,zg,298.00252799999998,29.8714586,0.717999995,-0.0240000002,20220905284919,686,0x3,0x4,20.7700005,26.3738842,0.0178187136,-0.0863422081,6.20608489e-06,30,1.11500001,1
686103400034440,208315592,2459837.6588498605,59837.155925899999,17.6863461,0.0290698726,0,zg,298.00255470000002,29.871461799999999,0.897000015,0.0839999989,20220915155880,686,0x3,0x4,21.3700008,26.4598465,0.0174560789,-0.0852148682,5.71706869e-06,30,1.00300002,1
686103400034440,208623748,2459840.7402716563,59840.237488400002,17.6718922,0.028931668,0,zg,298.00252169999999,29.871460500000001,1.40499997,-0.0240000002,20220918237454,686,0x3,0x4,21.6000004,26.5024738,0.0172668677,-0.0784006193,5.54290182e-06,30,1.08399999,1
686103400034440,208627858,2459840.7813693034,59840.278588000001,17.7604561,0.0298055671,0,zg,298.00252189999998,29.871482199999999,1.71200001,0.0209999997,20220918278576,686,0x3,0x4,21.2199993,26.5265522,0.0185303316,-0.123165518,6.47231536e-06,30,1.21899998,1
686103400034440,208827826,2459842.7809499386,59842.2782639,17.8123894,0.0303492229,32768,zg,298.0025096,29.871497900000001,1.14400005,0.0209999997,20220920278264,686,0x3,0x4,20.7999992,26.531702,0.021472387,-0.14933683,8.71584598e-06,30,1.24199998,1
686103400034440,209024122,2459844.7438165802,59844.241226899998,17.7449379,0.02964768,0,zg,298.0025296,29.871479999999998,1.75899994,0.0939999968,20220922241192,686,0x3,0x4,21.1800003,26.5239258,0.0176218096,-0.111792579,5.91327034e-06,30,1.12300003,1
686103400034440,209315952,2459847.6619668873,59847.159525499999,17.7687836,0.0298911426,0,zg,298.00259,29.871445999999999,1.77999997,0.143999994,20220925159502,686,0x3,0x4,21.2000008,26.5748005,0.0252376162,-0.128030211,1.19764545e-05,30,1.00399995,1
686103400034440,209520541,2459849.707750665,59849.205416700002,17.7083626,0.0292836372,0,zg,298.00252870000003,29.871459300000001,1.59399998,0.103,20220927205405,686,0x3,0x4,21.2299995,26.4671745,0.0192185473,-0.100598946,7.08686184e-06,30,1.06700003,1
686103400034440,209719226,2459851.6944956146,59851.192268500003,17.7164574,0.0293632466,0,zg,298.00250920000002,29.871458000000001,0.404000014,0.0419999994,20220929192268,686,0x3,0x4,21.2099991,26.4482651,0.0164323542,-0.0998328105,5.03635465e-06,30,1.05200005,1
686103400034440,209915306,2459853.6551864408,59853.1530671,17.7363853,0.0295615476,0,zg,298.00253270000002,29.871459600000001,1.20700002,0.0820000023,20221001153067,686,0x3,0x4,21.3500004,26.5423183,0.0190164428,-0.100256942,6.87596412e-06,30,1.00999999,1
686103400034440,210123802,2459855.7400230821,59855.238020800003,17.7084961,0.0292849466,0,zg,298.0025114,29.871462399999999,0.894999981,-0.00600000005,20221003238021,686,0x3,0x4,20.8600006,26.3732815,0.0177843291,-0.0955104604,5.91343814e-06,30,1.22099996,1
686103400034440,210324490,2459857.7467948459,59857.244907400003,17.7143269,0.0293422453,0,zg,298.00252810000001,29.871444400000001,1.10800004,0.023,20221005244861,686,0x3,0x4,20.3999996,26.3501492,0.0199280046,-0.0981933847,7.43155806e-06,30,1.27999997,1
686103400034440,210517679,2459859.6785690421,59859.176793999999,17.7592297,0.029793011,0,zg,298.00252719999997,29.871471799999998,1.454,0.0939999968,20221007176782,686,0x3,0x4,20.4899998,26.4162464,0.0188052785,-0.0829599798,6.89386161e-06,30,1.06500006,1
686103400034440,210718149,2459861.6831496037,59861.181493099997,17.7521782,0.0297210887,0,zg,298.00251969999999,29.871441300000001,0.384000003,-0.0460000001,20221009181481,686,0x3,0x4,20.25,26.3980732,0.0197838005,-0.0692558959,7.42207021e-06,30,1.08700001,1
686103400034440,211117952,2459865.6809404916,59865.179525500003,17.7716713,0.0299209654,0,zg,298.00253379999998,29.871447799999999,1.61699998,0.103,20221013179525,686,0x3,0x4,20.6200008,26.4708099,0.0194167085,-0.11424917,7.1335935e-06,30,1.11000001,1
686103400034440,211314351,2459867.6448126254,59867.143518500001,17.7149601,0.0293484833,0,zg,298.00251229999998,29.871463599999998,0.876999974,0.0430000015,20221015143507,686,0x3,0x4,21.4300003,26.4657555,0.0166614037,-0.0922844857,5.25350515e-06,30,1.04400003,1
686103400034440,211614336,2459870.644475122,59870.143368099998,17.6629581,0.0288470816,0,zg,298.00254030000002,29.871453299999999,1.71200001,0.0469999984,20221018143356,686,0x3,0x4,21.3999996,26.4675598,0.0178975593,-0.0805343837,6.14131068e-06,30,1.05799997,1
686103400034440,212018371,2459874.684566346,59874.183715300001,17.761425,0.0298154838,0,zg,298.0025053,29.871466699999999,1.27600002,0.074000001,20221022183715,686,0x3,0x4,21.2299995,26.4405155,0.0175240058,-0.1020924,5.71695455e-06,30,1.21000004,1
686103400034440,212322473,2459877.7253898694,59877.224733800002,17.7160282,0.0293590147,0,zg,298.00252999999998,29.871484500000001,0.768000007,0.0189999994,20221025224722,686,0x3,0x4,20.3400002,26.3659744,0.0345493741,-0.0663956702,2.2618975e-05,30,1.51199996,1
686103400034440,212520192,2459879.7024498824,59879.201921300002,17.74757,0.0296743102,0,zg,298.0025215,29.8714662,1.17200005,0.0260000005,20221027201921,686,0x3,0x4,20.7900009,26.4166412,0.0210267045,-0.114758238,8.53278016e-06,30,1.38100004,1
686103400034440,212713760,2459881.6380076013,59881.137604199997,17.7143574,0.0293425396,0,zg,298.00251530000003,29.871473200000001,1.23000002,0.0189999994,20221029137593,686,0x3,0x4,20.75,26.4662266,0.0213123169,-0.101362169,8.58246494e-06,30,1.11500001,1
686103400034440,212916187,2459883.6621471699,59883.161874999998,17.7172871,0.0293714367,0,zg,298.00256580000001,29.8714397,0.521000028,0.0140000004,20221031161863,686,0x3,0x4,20.5400009,26.448185,0.0216965415,-0.110807255,8.91322634e-06,30,1.222,1
686103400034440,213316079,2459887.6608114098,59887.160798600002,17.8041878,0.0302617718,32768,zg,298.00246950000002,29.871529200000001,0.713999987,0.00300000003,20221104160787,686,0x3,0x4,19.9699993,26.4545784,0.0257830732,-0.139534086,1.25772967e-05,30,1.26900005,1
686103400034440,213511826,2459889.6181500247,59889.118263900004,17.7137794,0.0293368474,0,zg,298.00254810000001,29.8714525,0.860000014,0.00999999978,20221106118264,686,0x3,0x4,20.3799992,26.4756851,0.0203620233,-0.100540981,7.93481286e-06,30,1.12300003,1
686103400034440,214017793,2459894.6775002554,59894.1779398,17.7683945,0.0298871323,0,zg,298.00247780000001,29.8714774,0.379999995,0.0160000008,20221111177894,686,0x3,0x4,19.75,26.4147682,0.0303565338,-0.132671162,1.84872006e-05,30,1.50800002,1
686103400034440,214215502,2459896.6544574867,59896.1550231,17.7224464,0.0294224937,0,zg,298.00251960000003,29.871464899999999,0.31099999,-0.00600000005,20221113154988,686,0x3,0x4,20.5,26.4166088,0.0228227153,-0.109353654,1.01940514e-05,30,1.37699997,1
686103400034440,214514069,2459899.6399400691,59899.140694399997,17.6645927,0.0288625192,0,zg,298.00254230000002,29.871417600000001,0.915000021,0.0280000009,20221116140683,686,0x3,0x4,19.8899994,26.409441,0.0308452547,-0.079959847,1.87890419e-05,30,1.33899999,1
686103400034440,214711738,2459901.6165063772,59901.1173843,18.0090504,0.0326379724,32768,zg,298.00255440000001,29.871460899999999,0.68599999,0.173999995,20221118117384,686,0x3,0x4,18.8700008,24.8732567,0.0731741264,-0.128171057,0.000111255547,30,1.24300003,1
686103400034440,214918576,2459903.6847578916,59903.185763900001,17.7522926,0.0297222529,0,zg,298.00249919999999,29.871437400000001,0.837000012,0.00300000003,20221120185752,686,0x3,0x4,19.7800007,26.303463,0.0276725497,-0.0916495621,1.48943191e-05,30,1.86899996,1
686103400034440,215311384,2459907.6125979256,59907.113842600003,17.7250729,0.029448567,0,zg,298.0025172,29.871498500000001,0.628000021,-0.00899999961,20221124113843,686,0x3,0x4,19.9500008,26.4040775,0.0359049886,-0.0880823061,2.50411613e-05,30,1.30900002,1
686103400034440,215520375,2459909.7023808886,59909.203750000001,17.6040459,0.028305022,32768,zg,298.00246750000002,29.871467899999999,0.626999974,-0.00400000019,20221126203738,686,0x3,0x4,19.8400002,26.1424141,0.0257464983,-0.0475106426,1.26870018e-05,30,2.56800008,1
686103400034440,216816656,2459922.6644752589,59922.166562500002,17.7276554,0.0294742584,0,zg,298.00245960000001,29.871517399999998,0.407999992,0.0130000003,20221209166551,686,0x3,0x4,18.8799992,26.1778698,0.0431748517,-0.116175823,3.74746778e-05,30,2.52099991,1
686103400034440,224253475,2459997.0315326494,59996.534756900001,17.8002605,0.0302201174,32768,zg,298.00244679999997,29.8715434,0.888999999,-0.0450000018,20230221534722,686,0x3,0x4,20.3299999,26.3605537,0.0266692061,-0.156378612,1.39508729e-05,30,1.903,1
686103400034440,228849070,2460042.9895463376,60042.490705999997,17.8267021,0.0305032991,32768,zg,298.00260969999999,29.8714659,0.963999987,0.0199999996,20230408490706,686,0x3,0x4,20.0400009,26.4652462,0.0242982451,-0.160481825,1.11201043e-05,30,1.21899998,1
686103400034440,229247291,2460046.97199773,60046.472916699997,17.8587379,0.030854959,32768,zg,298.0025809,29.871475100000001,0.389999986,0.00300000003,20230412472917,686,0x3,0x4,19.4500008,25.5142231,0.0328477323,-0.126408458,2.08403835e-05,30,1.25,1
686103400034440,229747581,2460051.9752008133,60051.475810199998,17.8064651,0.030286001,32768,zg,298.00260730000002,29.8714601,0.977999985,0.00300000003,20230417475799,686,0x3,0x4,21.1100006,26.5058041,0.020539131,-0.140966371,7.88730449e-06,30,1.17900002,1
686103400034440,230045417,2460054.9537560311,60054.454178200001,17.783989,0.0300489608,32768,zg,298.00256530000001,29.871494599999998,1.55400002,0.0860000029,20230420454178,686,0x3,0x4,20.7999992,26.4913197,0.0239805933,-0.149680033,1.11554018e-05,30,1.23599994,1
686103400034440,230245511,2460056.9548202129,60056.455115700002,17.85849,0.0308522023,32768,zg,298.00266540000001,29.871419800000002,2.19199991,0.0759999976,20230422455104,686,0x3,0x4,20.9500008,26.5630341,0.0243980344,-0.1734211,1.11705285e-05,30,1.20799994,1
686103400034440,230448060,2460058.9804352289,60058.480601900003,17.7280846,0.0294785351,0,zg,298.00256180000002,29.871466099999999,1.11899996,0.057,20230424480440,686,0x3,0x4,21.1200008,26.3500271,0.0175529141,-0.112635143,5.75442937e-06,30,1.10300004,1
686103400034440,230742324,2460061.9232617537,60061.423240700002,17.7361851,0.0295595396,0,zg,298.00254899999999,29.8714747,1.34899998,0.0540000014,20230427423229,686,0x3,0x4,21.0799999,26.4081364,0.0185504053,-0.111150883,6.63512719e-06,30,1.29499996,1
686103400034440,230944660,2460063.946759203,60063.446608799997,17.7869339,0.0300797708,0,zg,298.00259219999998,29.871450599999999,1.60500002,-0.00600000005,20230429446609,686,0x3,0x4,21.2099991,26.4551182,0.0193519499,-0.121232927,6.97877567e-06,30,1.16600001,1
686103400034440,232240559,2460076.906562984,60076.405590299997,17.7635765,0.029837558,0,zg,298.00255900000002,29.8714674,2.02600002,0.111000001,20230512405590,686,0x3,0x4,20.8400002,26.4387264,0.0196003933,-0.118696086,7.33156048e-06,30,1.18700004,1
686103400034440,232439239,2460078.893492172,60078.392395800001,17.7374573,0.0295723118,0,zg,298.00254360000002,29.871442600000002,1.09800005,0.0560000017,20230514392396,686,0x3,0x4,21.3199997,26.3933754,0.0178777911,-0.0939423889,6.12435133e-06,30,1.21899998,1
686103400034440,232736600,2460081.8672864195,60081.366006900003,17.7242775,0.0294406693,0,zg,298.00255720000001,29.8714604,1.352,0.0460000001,20230517366007,686,0x3,0x4,21.1499996,26.3671494,0.0177756082,-0.0982194096,6.03999206e-06,30,1.30900002,1
686103400034440,232943018,2460083.9315903019,60083.430185199999,17.7798576,0.0300058872,0,zg,298.00256660000002,29.8714488,2.50600004,0.063000001,20230519430174,686,0x3,0x4,21.3199997,26.4919605,0.0221482534,-0.127353102,9.24238793e-06,30,1.06200004,1
686103400034440,233136585,2460085.8673779229,60085.365856500001,17.813694,0.0303631965,32768,zg,298.00254710000002,29.871454499999999,1.074,0.00700000022,20230521365856,686,0x3,0x4,21.0100002,26.4379921,0.0226129964,-0.145047471,9.80900131e-06,30,1.25300002,1
686103400034440,233345428,2460087.9559277743,60087.454282400002,17.7636528,0.0298383422,0,zg,298.00256309999997,29.871456500000001,1.35899997,0.0469999984,20230523454271,686,0x3,0x4,21.5,26.4797058,0.0183135457,-0.109706849,6.41394854e-06,30,1.01300001,1
686103400034440,233543516,2460089.9369231863,60089.435162000002,17.7699623,0.0299033038,0,zg,298.00257549999998,29.871464199999998,1.22300005,0.074000001,20230525435150,686,0x3,0x4,21.2999992,26.457058,0.0183305312,-0.105718456,6.39744894e-06,30,1.02699995,1
686103400034440,233834159,2460092.8435249897,60092.3415972,17.790062,0.030112572,0,zg,298.00254940000002,29.871465100000002,1.34399998,0.0599999987,20230528341586,686,0x3,0x4,20.7800007,26.4333,0.0194907226,-0.132155821,7.42561542e-06,30,1.27900004,1
686103400034440,234445572,2460098.9579933179,60098.455729200003,17.7467117,0.0296656229,0,zg,298.0025392,29.871469000000001,0.856999993,0.0399999991,20230603455718,686,0x3,0x4,20.4699993,26.4477539,0.0183077659,-0.106135525,6.47759043e-06,30,1,1
686103400034440,234932228,2460103.8247962072,60103.322280100001,17.8279419,0.0305167325,32768,zg,298.00257800000003,29.871461700000001,1.24800003,0.0700000003,20230608322269,686,0x3,0x4,20.3299999,26.341383,0.0211059358,-0.15094009,8.58618841e-06,30,1.227,1
686103400034440,235635952,2460110.8623781367,60110.359525499996,17.7825928,0.0300343893,0,zg,298.00255140000002,29.871456299999998,1.94799995,0.0799999982,20230615359514,686,0x3,0x4,21.3600006,26.4527893,0.0185776949,-0.12237031,6.60443902e-06,30,1.05599999,1
686103400034440,235842231,2460112.9252591967,60112.422314800002,17.6323299,0.0285619162,0,zg,298.00254219999999,29.871456599999998,1.46599996,0.138999999,20230617422292,686,0x3,0x4,21.4500008,26.4058399,0.0156852379,-0.0794681609,4.6096302e-06,30,1,1
686103400034440,236141973,2460115.9228055296,60115.419733800001,17.6956997,0.0291602034,0,zg,298.00254460000002,29.8714592,0.688000023,0.0340000018,20230620419711,686,0x3,0x4,21.1100006,26.3934097,0.0194289498,-0.0961640924,7.15388342e-06,30,1.00199997,1
686103400034440,236440129,2460118.9044873654,60118.401296299999,17.7450142,0.0296484511,0,zg,298.0025354,29.871463800000001,0.493999988,-0.00300000003,20230623401273,686,0x3,0x4,20.7199993,26.491066,0.0197017863,-0.111480869,7.41084978e-06,30,1,1
686103400034440,236643322,2460120.9364972506,60120.433229200004,17.7639885,0.0298417918,0,zg,298.00249830000001,29.871464700000001,1.43799996,0.0460000001,20230625433229,686,0x3,0x4,21.1599998,26.4941006,0.0191768948,-0.100775309,6.95481049e-06,30,1.02100003,1
686103400034440,236843312,2460122.9364652941,60122.433125000003,17.7172947,0.0293715093,0,zg,298.0025321,29.871465799999999,1.32799995,0.108000003,20230627433125,686,0x3,0x4,21.3600006,26.4931698,0.0162183139,-0.0965610817,4.98124382e-06,30,1.02699995,1
686103400034440,237040815,2460124.9115678379,60124.408159699997,17.8004417,0.0302220341,0,zg,298.00253179999999,29.8714817,1.69000006,0.0390000008,20230629408160,686,0x3,0x4,21.1499996,26.5047626,0.0184841547,-0.126025736,6.4929809e-06,30,1.00800002,1
686103400034440,237243379,2460126.9372703196,60126.4337963,17.6865253,0.0290715937,0,zg,298.0025253,29.8714519,0.916000009,0.023,20230701433785,686,0x3,0x4,21.0599995,26.4372272,0.0167302955,-0.0820589662,5.37997403e-06,30,1.04400003,1
686103400034440,237444502,2460128.948558772,60128.445023100001,17.7424507,0.0296225697,0,zg,298.00254910000001,29.871437400000001,0.708999991,0.00100000005,20230703445023,686,0x3,0x4,19.9400005,26.4413929,0.0212832857,-0.10620448,8.65190486e-06,30,1.07599998,1
686103400034440,238039261,2460134.8963112026,60134.392615700002,17.6675739,0.0288907029,0,zg,298.00252769999997,29.871462099999999,0.730000019,0.074000001,20230709392616,686,0x3,0x4,21.0900002,26.4902096,0.0166132227,-0.0813122466,5.29574982e-06,30,1.01800001,1
686103400034440,238235949,2460136.8632314489,60136.359490700001,17.747242,0.0296709947,0,zg,298.00255110000001,29.871455699999999,2.35299993,0.0860000029,20230711359491,686,0x3,0x4,21.2700005,26.5382519,0.0182466097,-0.1204556,6.34678509e-06,30,1.00100005,1
686103400034440,238438693,2460138.8907162142,60138.386932900001,17.7168255,0.0293668825,0,zg,298.00256439999998,29.871435999999999,1.71700001,0.0379999988,20230713386910,686,0x3,0x4,21.0900002,26.3406086,0.0203683656,-0.0997174606,7.98305427e-06,30,1.02400005,1
686103400034440,238634922,2460140.8530450338,60140.349224500002,17.6380653,0.0286147557,0,zg,298.00254899999999,29.871459600000001,0.488999993,0.0189999994,20230715349201,686,0x3,0x4,21.4699993,26.4545498,0.0162601788,-0.0722210333,5.04143964e-06,30,1.00100005,1
686103400034440,238635944,2460140.8632651162,60140.359444399997,17.669733,0.0289111733,0,zg,298.00254210000003,29.8714589,1.25600004,0,20230715359421,686,0x3,0x4,21.3999996,26.4693546,0.0174027309,-0.0757207349,5.83103247e-06,30,1.005,1
686103400034440,238941655,2460143.9204216138,60143.416550900001,17.71035,0.0293031409,0,zg,298.00254080000002,29.871458100000002,1.29100001,0.061999999,20230718416551,686,0x3,0x4,21.2000008,26.4821014,0.016901087,-0.112072356,5.36886455e-06,30,1.10699999,1
686103400034440,239139057,2460145.8944765339,60145.390578699997,17.6743126,0.0289546922,0,zg,298.00254180000002,29.8714604,1.28400004,0.0179999992,20230720390567,686,0x3,0x4,21.4200001,26.4689369,0.0158286076,-0.0814026818,4.69575525e-06,30,1.05999994,1
686103400034440,239340731,2460147.9112360734,60147.407314800002,17.7166061,0.0293647163,0,zg,298.00252399999999,29.871469099999999,0.598999977,0.063000001,20230722407303,686,0x3,0x4,21.0300007,26.2934418,0.0260737762,-0.105077162,1.30436065e-05,30,1.11199999,1
686103400034440,239536045,2460149.8643912924,60149.360451400004,17.755024,0.029750064,0,zg,298.00252360000002,29.8714601,1.70599997,0.0189999994,20230724360440,686,0x3,0x4,21.2600002,26.5090656,0.0177699365,-0.122461066,6.07548509e-06,30,1.02900004,1
686103400034440,239745276,2460151.9567214488,60151.452766199996,17.6995163,0.0291972738,0,zg,298.00253559999999,29.871458000000001,0.802999973,0.0680000037,20230726452755,686,0x3,0x4,21.1100006,26.3692722,0.0180508606,-0.0872997642,6.40032249e-06,30,1.35599995,1
686103400034440,240036164,2460154.8656124682,60154.3616435,17.7148705,0.0293476004,32768,zg,298.00254100000001,29.871459099999999,1.06500006,0.0340000018,20230729361632,686,0x3,0x4,20.0499992,25.6226768,0.0230665337,-0.0879499912,1.02650392e-05,30,1.051,1
686103400034440,240221715,2460156.7211257555,60156.217152800004,17.8472843,0.0307281371,0,zg,298.00262320000002,29.8714133,0.635999978,0.0439999998,20230731217153,686,0x3,0x4,19.9699993,26.4297771,0.0242562145,-0.136335552,1.12619082e-05,30,1.09200001,1
686103400034440,240633201,2460160.8359825816,60160.332013899999,17.6687279,0.0289016329,0,zg,298.00253029999999,29.8714601,0.5,0.0430000015,20230804332014,686,0x3,0x4,20.6499996,26.4643478,0.0190446731,-0.0714668557,6.92409185e-06,30,1.03100002,1
686103400034440,240821670,2460162.7206620667,60162.216701400001,17.7203999,0.0294022113,0,zg,298.00255370000002,29.8714634,1.73300004,0.0419999994,20230806216632,686,0x3,0x4,21.2600002,26.521225,0.0183336698,-0.0961856395,6.50364063e-06,30,1.05700004,1
686103400034440,241534078,2460169.8446830325,60169.340787000001,17.4080849,0.0266839731,32768,zg,298.00257770000002,29.871458000000001,0.66900003,-0.0399999991,20230813340752,686,0x3,0x4,18.4599991,23.9994831,0.442834258,0.406881064,0.00626459485,30,1.09500003,1
686103400034440,241733287,2460171.8367386768,60171.332870400001,17.6668854,0.0288841892,0,zg,298.00251500000002,29.871462399999999,0.941999972,0.0390000008,20230815332870,686,0x3,0x4,21.3500004,26.4625397,0.0158460625,-0.0876170471,4.74014132e-06,30,1.08800006,1
686103400034440,241925518,2460173.7590227397,60173.255185200003,17.7404766,0.0296026766,0,zg,298.00254919999998,29.8714659,1.92299998,0.0579999983,20230817255139,686,0x3,0x4,21.3299999,26.5154629,0.0193816144,-0.103828974,7.15965416e-06,30,1,1
686103400034440,242625157,2460180.7552672666,60180.251574100002,17.8283691,0.030521363,32768,zg,298.00264609999999,29.871400999999999,1.53799999,-0.0140000004,20230824251447,686,0x3,0x4,21.1499996,26.5776939,0.0223373193,-0.150333539,9.65773052e-06,30,1.00600004,1
686103400034440,242823458,2460182.7382264803,60182.2345833,17.7507191,0.0297062621,0,zg,298.00251730000002,29.871472600000001,0.922999978,0.0939999968,20230826234479,686,0x3,0x4,20.9200001,26.5197201,0.0179853588,-0.102194332,6.15019462e-06,30,1.00100005,1
686103400034440,243024206,2460184.7456488237,60184.242060199998,17.7834892,0.0300437454,32768,zg,298.00257210000001,29.871446500000001,1.12699997,0.0599999987,20230828242025,686,0x3,0x4,20.2700005,26.553627,0.0235571284,-0.148137748,1.07768783e-05,30,1.00699997,1
686103400034440,243218619,2460186.6897241408,60186.186192100002,17.7691307,0.029894717,0,zg,298.00254949999999,29.8714537,0.718999982,0.0489999987,20230830186192,686,0x3,0x4,20.2199993,26.4732094,0.021415757,-0.095656991,8.93487595e-06,30,1.01100004,1
686103400034440,243741618,2460191.9195424514,60191.416180599997,17.6228142,0.0284747984,0,zg,298.0024689,29.871476099999999,0.393000007,0.00600000005,20230904416169,686,0x3,0x4,19.5400009,26.212244,0.0281291381,-0.0628646985,1.47878736e-05,30,2.20600009,1
686103400034440,244027983,2460194.7830961416,60194.279838000002,17.773407,0.0299389195,0,zg,298.00254769999998,29.871442600000002,1.05400002,-0.00499999989,20230907279803,686,0x3,0x4,21.0300007,26.5184269,0.017261127,-0.123238757,5.58519241e-06,30,1.11399996,1
686103400034440,244627021,2460200.7732373946,60200.270219899998,17.7039871,0.029240841,0,zg,298.00253379999998,29.871464499999998,1.42400002,0.0350000001,20230913270185,686,0x3,0x4,21.1900005,26.5037785,0.0169488285,-0.11163523,5.49335573e-06,30,1.13399994,1
686103400034440,244817854,2460202.6814761925,60202.178541699999,17.7151375,0.0293502342,0,zg,298.00254180000002,29.871467500000001,0.805999994,0.0890000015,20230915178495,686,0x3,0x4,21.25,26.4859352,0.0183229037,-0.0997365937,6.45269438e-06,30,1.00100005,1
686103400034440,245021998,2460204.7228308087,60204.2199884,17.7558441,0.0297584273,0,zg,298.00255270000002,29.8714507,0.842000008,0.0280000009,20230917219954,686,0x3,0x4,21.3500004,26.4998703,0.0178423934,-0.108451277,6.30292425e-06,30,1.04299998,1
686103400034440,245224652,2460206.7492755768,60206.246527800002,17.7270775,0.029468514,0,zg,298.00251689999999,29.871451199999999,0.740999997,0.00300000003,20230919246481,686,0x3,0x4,21.1800003,26.4870205,0.0153293312,-0.0938117132,4.40948497e-06,30,1.11300004,1
686103400034440,245515175,2460209.6543661216,60209.151759300003,17.7371521,0.029569244,0,zg,298.00256050000002,29.8714735,0.75999999,0.00100000005,20230922151667,686,0x3,0x4,20.5599995,26.5300388,0.0198209528,-0.119687624,7.70551287e-06,30,1,1
686103400034440,245822310,2460212.7255531694,60212.223101900003,17.8706398,0.0309880525,32768,zg,298.00261069999999,29.871431300000001,0.949000001,0.0149999997,20230925223102,686,0x3,0x4,20.5200005,26.5522575,0.0274474975,-0.154410809,1.40839184e-05,30,1.09399998,1
686103400034440,246015415,2460214.6565053747,60214.154155099997,17.8231983,0.0304654129,0,zg,298.00258179999997,29.871434900000001,0.66900003,0.0430000015,20230927154144,686,0x3,0x4,20.3500004,26.5214272,0.0212199632,-0.118260063,8.56205679e-06,30,1.00399995,1
686103400034440,246220663,2460216.7088722009,60216.206631900001,17.7655163,0.0298574883,0,zg,298.00255629999998,29.871449200000001,1.22599995,0.0860000029,20230929206620,686,0x3,0x4,20.1499996,26.4975967,0.0230025053,-0.102157012,1.00173474e-05,30,1.08000004,1
686103400034440,246620021,2460220.7022390761,60220.200219899998,17.7805405,0.0300130006,0,zg,298.00256450000001,29.871486000000001,1.00800002,-0.00100000005,20231003200208,686,0x3,0x4,20.3500004,26.4778175,0.0201251321,-0.139016867,7.65484856e-06,30,1.09099996,1
686103400034440,246820090,2460222.7028078558,60222.200902800003,17.7732887,0.0299376883,0,zg,298.00250169999998,29.871461400000001,0.768000007,0.00200000009,20231005200903,686,0x3,0x4,20.6299992,26.4775085,0.0250889566,-0.100211516,1.19760143e-05,30,1.10699999,1
686103400034440,247019339,2460224.6951805782,60224.193391200002,17.8865223,0.0311677605,32768,zg,298.0027073,29.871408200000001,1.91799998,0.0289999992,20231007193391,686,0x3,0x4,20.75,26.5941067,0.0268022418,-0.171975389,1.36940234e-05,30,1.102,1
686103400034440,247422554,2460228.7270934726,60228.225544000001,17.6906624,0.0291114599,0,zg,298.00252419999998,29.8714528,0.765999973,-0,20231011225544,686,0x3,0x4,20.6499996,26.4393826,0.019769134,-0.0786371306,7.45856278e-06,30,1.26100004,1
686103400034440,247718114,2460231.6825151462,60231.181145800001,17.769783,0.029901458,0,zg,298.00251470000001,29.871471100000001,1.13199997,0.0869999975,20231014181146,686,0x3,0x4,21.1299992,26.4799175,0.0183055773,-0.106150761,6.35768538e-06,30,1.12100005,1
686103400034440,247920329,2460233.704542838,60233.203298599998,17.7527275,0.0297266655,0,zg,298.00251350000002,29.871469099999999,0.967999995,0.0250000004,20231016203287,686,0x3,0x4,20.9699993,26.4557571,0.0174841005,-0.0946221054,5.95960546e-06,30,1.22099996,1
686103400034440,248115616,2460235.6572912214,60235.156169000002,17.746418,0.0296626519,0,zg,298.00253800000002,29.871454499999999,1.06200004,0.0920000002,20231018156169,686,0x3,0x4,21.1299992,26.4723892,0.0178492367,-0.0926151052,6.12923077e-06,30,1.08399999,1
686103400034440,248314156,2460237.6425595479,60237.141562500001,17.6915169,0.029119717,0,zg,298.0025273,29.871464199999998,0.862999976,0.0390000008,20231020141551,686,0x3,0x4,21.2299995,26.4482784,0.0188559759,-0.0803929046,6.74810644e-06,30,1.06400001,1
686103400034440,248516186,2460239.6627320801,60239.161863399997,17.7878132,0.0300889742,0,zg,298.0025693,29.8714528,1.66900003,0.061999999,20231022161852,686,0x3,0x4,20.8400002,26.5310459,0.0197954867,-0.123987623,7.41523945e-06,30,1.12899995,1
686103400034440,248814009,2460242.6407706011,60242.140092599999,17.7088089,0.02928802,0,zg,298.0025134,29.871470899999998,0.745000005,0.0329999998,20231025140093,686,0x3,0x4,20.5699997,26.4517422,0.0178587567,-0.0907953382,6.14924375e-06,30,1.09099996,1
686103400034440,249112438,2460245.62487223,60245.1243866,17.7435341,0.029633496,0,zg,298.00251070000002,29.871482799999999,0.819000006,0.0340000018,20231028124375,686,0x3,0x4,20.0300007,26.4726295,0.0217806101,-0.0939332992,9.00003124e-06,30,1.074,1
686103400034440,249312124,2460247.6216064109,60247.121249999997,17.7566986,0.0297671482,0,zg,298.00246090000002,29.871381599999999,0.374000013,0.0900000036,20231030121250,686,0x3,0x4,19.1399994,26.4407616,0.0411119983,-0.0874067843,3.37486199e-05,30,1.079,1
686103400034440,249513736,2460249.6375868237,60249.137361100002,17.6483307,0.0287099741,0,zg,298.0025359,29.871484899999999,0.625999987,-0.00100000005,20231101137350,686,0x3,0x4,19.8999996,26.4528313,0.0268288981,-0.0795066059,1.3745841e-05,30,1.13699996,1
686103400034440,249712072,2460251.6208262914,60251.120729200004,17.6829414,0.0290371682,0,zg,298.00253270000002,29.871448099999999,1.54999995,0.101999998,20231103120729,686,0x3,0x4,21.1399994,26.4717255,0.0175993983,-0.0849983767,5.90553555e-06,30,1.10500002,1
686103400034440,249912199,2460253.6219580625,60253.121990699998,17.7449188,0.0296474863,0,zg,298.00252180000001,29.871456999999999,1.33800006,0.0670000017,20231105121979,686,0x3,0x4,21.1299992,26.5000305,0.0187491793,-0.106485896,6.66952792e-06,30,1.12399995,1
686103400034440,250112196,2460255.6218055501,60255.121967599996,17.7252026,0.0294498578,0,zg,298.00252139999998,29.871469999999999,0.85799998,0.023,20231107121968,686,0x3,0x4,21.0900002,26.49016,0.0167757608,-0.0935409069,5.21748552e-06,30,1.14100003,1
686103400034440,250414412,2460258.6437635678,60258.1441204,17.7005653,0.0292074848,0,zg,298.00248599999998,29.871491299999999,0.261000007,0.00499999989,20231110144120,686,0x3,0x4,19.8799992,26.2185841,0.0263871662,-0.074635312,1.34382772e-05,30,1.26400006,1
686103400034440,250614350,2460260.6430219798,60260.1435069,17.7152863,0.0293516908,0,zg,298.00251429999997,29.871455600000001,1.46399999,0.0359999985,20231112143495,686,0x3,0x4,20.25,26.4293499,0.0293471962,-0.0793625638,1.64681842e-05,30,1.28900003,1
686103400034440,250815700,2460262.6563891862,60262.157002300002,17.8121471,0.0303466339,0,zg,298.00252260000002,29.8714683,1.347,0.064000003,20231114156991,686,0x3,0x4,20.7099991,26.3805561,0.0215231348,-0.12360476,8.85933969e-06,30,1.40499997,1
686103400034440,251412479,2460268.6238051001,60268.1247917,17.7589645,0.0297902916,0,zg,298.00249150000002,29.871480399999999,0.662999988,0.0209999997,20231120124780,686,0x3,0x4,20.3299999,26.4502296,0.0200314801,-0.107272722,7.80454957e-06,30,1.30599999,1
686103400034440,253412126,2460288.6191385537,60288.121261599998,17.6660538,0.0288763195,0,zg,298.00257499999998,29.871501899999998,0.697000027,0.107000001,20231210121262,686,0x3,0x4,19.4899998,26.327177,0.0347623937,-0.0728787407,2.34043364e-05,30,1.73000002,1
686103400034440,261449597,2460368.9929392654,60368.495972199999,17.7653008,0.0298552811,32768,zg,298.0024904,29.871503000000001,0.528999984,-0.0199999996,20240228495972,686,0x3,0x4,19.3700008,26.104784,0.0311306566,-0.0756036937,1.8553872e-05,30,2.27399993,1
686103400034440,263347796,2460387.9756977013,60387.477962999998,17.7121124,0.0293204486,0,zg,298.00254330000001,29.871477299999999,0.646000028,0.00300000003,20240318477963,686,0x3,0x4,20.3600006,26.3244209,0.0219969973,-0.0885804668,9.27930068e-06,30,1.72300005,1
686103400034440,263545457,2460389.9524032297,60389.454571800001,17.6746025,0.0289574526,0,zg,298.00252469999998,29.871475700000001,0.521000028,-0.0320000015,20240320454560,686,0x3,0x4,20.0599995,26.2146606,0.0293351226,-0.0687210634,1.59428655e-05,30,1.972,1
686103400034440,263751075,2460392.0086873141,60391.510752299997,17.7070599,0.0292708855,0,zg,298.00255720000001,29.871468400000001,0.755999982,0.0379999988,20240322510752,686,0x3,0x4,20.3899994,26.3992481,0.0201695058,-0.098120831,7.70548468e-06,30,1.34500003,1
686103400034440,264242486,2460396.9230545824,60396.4248611,17.580904,0.0280993525,32768,zg,298.0026891,29.871386000000001,0.833000004,0.0170000009,20240327424861,686,0x3,0x4,18.8899994,26.1845818,0.0620046742,-0.0752666742,7.62306518e-05,30,2.16300011,1
686103400034440,264946354,2460403.9621298751,60403.463541700003,17.7495785,0.0296946783,0,zg,298.00252829999999,29.871467899999999,0.788999975,0.0320000015,20240403463530,686,0x3,0x4,20.6800003,26.4189377,0.0182204414,-0.107066207,6.28856969e-06,30,1.44400001,1
686103400034440,265346766,2460407.9664855427,60407.467662000003,17.7754765,0.029960366,0,zg,298.00247580000001,29.871489199999999,1.42799997,0.0680000037,20240407467662,686,0x3,0x4,20.8700008,26.440012,0.0183888171,-0.137846783,6.37617632e-06,30,1.34200001,1
686103400034440,266645303,2460420.9526571552,60420.453032400001,17.7646446,0.0298485309,0,zg,298.00252449999999,29.871488500000002,1.65699995,0.0829999968,20240420452986,686,0x3,0x4,20.4599991,26.4429913,0.020332139,-0.124333814,7.79145739e-06,30,1.23199999,1
686103400034440,266847700,2460422.9767553518,60422.477002300002,17.7383175,0.029580947,0,zg,298.00254890000002,29.871472799999999,1.18700004,0.0270000007,20240422476991,686,0x3,0x4,20.5200005,26.4384747,0.0185468383,-0.0999178365,6.53165989e-06,30,1.12300003,1
686103400034440,267444553,2460428.9456660459,60428.445532400001,17.7572098,0.0297723599,0,zg,298.0025339,29.871492100000001,0.469000012,0.0170000009,20240428445532,686,0x3,0x4,20.3199997,26.4736176,0.0218872651,-0.123755842,9.22391246e-06,30,1.17299998,1
686103400034440,267646798,2460430.968249049,60430.467986099997,17.7657318,0.0298597068,0,zg,298.00249150000002,29.871487299999998,1.62600005,0.0780000016,20240430467975,686,0x3,0x4,20.75,26.4940815,0.0187827665,-0.123613037,6.69327301e-06,30,1.08800006,1
686103400034440,267946961,2460433.9700727277,60433.469618100004,17.7517471,0.0297167022,0,zg,298.00253950000001,29.871454,1.35099995,0.0460000001,20240503469606,686,0x3,0x4,21.3199997,26.4389648,0.0169667657,-0.103140473,5.39419898e-06,30,1.06599998,1
686103400034440,268746261,2460441.9635759965,60441.462615700002,17.920433,0.0315595753,32768,zg,298.0025617,29.8713573,0.996999979,0.0610000007,20240511462616,686,0x3,0x4,20.3199997,26.5394459,0.0289259087,-0.182098821,1.59852243e-05,30,1.03900003,1
686103400034440,269046594,2460444.9670961085,60444.465949099998,17.891201,0.031221142,32768,zg,298.00276760000003,29.8714233,1.54400003,0.075000003,20240514465949,686,0x3,0x4,20.8999996,26.5810509,0.0245217737,-0.181124493,1.15602452e-05,30,1.02400005,1
686103400034440,269342184,2460447.9231685889,60447.421840299998,17.7501583,0.0297005605,0,zg,298.00254330000001,29.871457400000001,1.40600002,0.104999997,20240517421829,686,0x3,0x4,21.0100002,26.4522266,0.0210283734,-0.109478921,8.40201847e-06,30,1.08700001,1
686103400034440,269743645,2460451.9380280534,60451.436458299999,17.7750549,0.0299559887,0,zg,298.00253839999999,29.871467800000001,0.874000013,0.0399999991,20240521436447,686,0x3,0x4,20.3500004,26.4064827,0.0209511872,-0.109656528,8.31702437e-06,30,1.03799999,1
686103400034440,270444469,2460458.9466743693,60458.4446991,17.7343082,0.0295407176,0,zg,298.00254189999998,29.871465600000001,0.828000009,0.0439999998,20240528444653,686,0x3,0x4,20.8899994,26.4673939,0.0175746791,-0.0917426944,5.80081905e-06,30,1.00800002,1
686103400034440,270642614,2460460.9282314368,60460.426145799996,17.7448807,0.0296471026,0,zg,298.00253120000002,29.871454499999999,0.523000002,0.0320000015,20240530426134,686,0x3,0x4,20.9599991,26.458046,0.0194558389,-0.09598919,7.23935773e-06,30,1.01999998,1
686103400034440,270934144,2460463.8436909108,60463.341446799997,17.7659836,0.0298622958,0,zg,298.00254280000001,29.871455999999998,0.799000025,0.0120000001,20240602341447,686,0x3,0x4,20.8199997,26.3991585,0.0196300596,-0.111894131,7.33534534e-06,30,1.20599997,1
686103400034440,271543681,2460469.9393761568,60469.436817100002,17.7723465,0.0299279429,0,zg,298.00254589999997,29.871456599999998,0.873000026,0.0140000004,20240608436701,686,0x3,0x4,21.2199993,26.4194832,0.018252654,-0.0954391733,6.31844659e-06,30,1,1
686103400034440,271742165,2460471.9243114144,60471.421655099999,17.7469025,0.0296675526,0,zg,298.00254649999999,29.8714567,0.275999993,0.0189999994,20240610421597,686,0x3,0x4,21.0599995,26.1469326,0.0269708186,-0.0897751302,1.39733675e-05,30,1.00199997,1
686103400034440,271948141,2460473.984166285,60473.481412000001,17.7536125,0.0297356825,0,zg,298.00257390000002,29.871472199999999,1.43400002,-0.0140000004,20240612481192,686,0x3,0x4,19.8500004,26.4336815,0.0265259817,-0.0983873233,1.34766024e-05,30,1.04100001,1
686103400034440,272940921,2460483.9123940677,60483.409212999999,17.6762276,0.0289729498,0,zg,298.00253520000001,29.871469999999999,0.666999996,-0.00200000009,20240622409190,686,0x3,0x4,20.1599998,26.4620285,0.0208183676,-0.0852848068,8.54871996e-06,30,1.00100005,1
686103400034440,273140457,2460485.9078289405,60485.404571799998,17.681324,0.0290216617,0,zg,298.0025473,29.871447100000001,0.934000015,0.0649999976,20240624404549,686,0x3,0x4,20.3500004,26.4501362,0.0196623057,-0.109748058,7.47781905e-06,30,1.00100005,1
686103400034440,273443664,2460488.9400096214,60488.436643499997,17.6351185,0.0285875741,0,zg,298.00252169999999,29.871477299999999,0.61500001,-0.0160000008,20240627436644,686,0x3,0x4,20.6700001,26.4307041,0.0190047082,-0.0569848381,6.96682037e-06,30,1.03499997,1
686103400034440,273635342,2460490.8568567056,60490.353425900001,17.7018585,0.0292200707,0,zg,298.00253379999998,29.871463299999998,1,0.057,20240629353403,686,0x3,0x4,21.1800003,26.4736919,0.01740578,-0.0807628706,5.7672296e-06,30,1.01100004,1
686103400034440,274041197,2460494.9155357745,60494.411979199998,17.7223282,0.0294213239,0,zg,298.00253479999998,29.8714412,0.860000014,-0.0469999984,20240703411979,686,0x3,0x4,21.2000008,26.4652309,0.0173529424,-0.0884257853,5.7480147e-06,30,1.02400005,1
686103400034440,274634982,2460500.8535385001,60500.349826400001,17.7849159,0.0300586522,0,zg,298.00254480000001,29.871455999999998,1.20899999,-0.00200000009,20240709349826,686,0x3,0x4,21.1399994,26.4350872,0.0188277215,-0.111701258,6.78499964e-06,30,1,1
686103400034440,274840383,2460502.9075887417,60502.403831000003,17.7727089,0.0299316924,0,zg,298.00257979999998,29.871469999999999,1.61600006,0.00300000003,20240711403831,686,0x3,0x4,20.9599991,26.3048401,0.0187327974,-0.109356582,6.74978537e-06,30,1.04299998,1
686103400034440,275032983,2460504.8336346797,60504.329837999998,17.6727982,0.0289402846,0,zg,298.00253989999999,29.871464499999998,1.16299999,0.0529999994,20240713329792,686,0x3,0x4,21.3500004,26.3304844,0.0176235847,-0.0849760845,6.03793478e-06,30,1.00300002,1
686103400034440,275334957,2460507.8534218604,60507.349571799998,17.8167572,0.0303960443,0,zg,298.00255290000001,29.8714792,1.91600001,0.050999999,20240716349560,686,0x3,0x4,21.1299992,26.5221691,0.0204960927,-0.143698841,8.20178957e-06,30,1.00300002,1
686103400034440,275539434,2460509.8982211417,60509.394340300001,17.7301064,0.0294986982,0,zg,298.00253320000002,29.8714516,1.37800002,0.00400000019,20240718394340,686,0x3,0x4,20.5900002,25.9872551,0.0396241099,-0.0971924439,2.92501591e-05,30,1.05999994,1
686103400034440,275741613,2460511.9200412887,60511.416134300001,17.805069,0.0302711502,0,zg,298.00255720000001,29.871483600000001,0.95599997,0.0790000036,20240720416123,686,0x3,0x4,19.8700008,26.3373928,0.0231451746,-0.107878551,1.05170966e-05,30,1.12800002,1
686103400034440,276041178,2460514.9157202765,60514.411782399999,17.7828026,0.030036578,0,zg,298.0025235,29.8714282,1.07500005,0.0520000011,20240723411771,686,0x3,0x4,20,26.3809967,0.0232201163,-0.121768638,1.01717696e-05,30,1.13999999,1
686103400034440,276232108,2460516.8250406473,60516.321087999997,17.6954708,0.029157985,0,zg,298.00252360000002,29.8714792,1.15499997,0.00800000038,20240725321065,686,0x3,0x4,20.3899994,26.2192307,0.0200278759,-0.0727401152,7.82529605e-06,30,1.00199997,1
686103400034440,276540403,2460519.908007632,60519.404039399997,17.7212486,0.0294106174,0,zg,298.00252380000001,29.8714704,1.28400004,-0.00499999989,20240728404039,686,0x3,0x4,20.9099998,26.4642696,0.0174461361,-0.094763875,5.82148414e-06,30,1.15900004,1
686103400034440,276734067,2460521.8446441675,60521.3406713,17.7735748,0.0299406499,0,zg,298.00252769999997,29.8714662,0.828999996,0.0719999969,20240730340671,686,0x3,0x4,21.2199993,26.4648361,0.0171675514,-0.0954888761,5.62174046e-06,30,1.02699995,1
686103400034440,277035628,2460524.8602566882,60524.356284699999,17.7273254,0.0294709839,0,zg,298.00254519999999,29.871457100000001,1.89199996,0.0359999985,20240802356215,686,0x3,0x4,21.2900009,26.4052429,0.0170919225,-0.0882053003,5.40472865e-06,30,1.06599998,1
686103400034440,277234039,2460526.8443595627,60526.340393500002,17.7382278,0.0295800474,0,zg,298.00252840000002,29.871472099999998,1.23800004,0.0410000011,20240804340382,686,0x3,0x4,21.3400002,26.4772911,0.018208107,-0.100986443,6.28991074e-06,30,1.04700005,1
686103400034440,277628311,2460530.7870550873,60530.283113400001,17.8010292,0.0302282609,0,zg,298.00254100000001,29.8714744,1.81799996,0.100000001,20240808283090,686,0x3,0x4,21.1100006,26.4634075,0.020600751,-0.128880501,8.07287142e-06,30,1.00199997,1
686103400034440,278930980,2460543.8135470124,60543.309803199998,17.7488747,0.0296875332,0,zg,298.00253270000002,29.871458700000002,0.927999973,0.0340000018,20240821309803,686,0x3,0x4,20.4099998,26.4489231,0.0211658403,-0.0859560221,8.2710776e-06,30,1.07799995,1
686103400034440,279528869,2460549.7922867495,60549.288692100003,17.7703018,0.0299068112,0,zg,298.00253420000001,29.871464700000001,2.0480001,0.0529999994,20240827288692,686,0x3,0x4,21.1100006,26.4955978,0.0183073487,-0.118389599,6.30463046e-06,30,1.06700003,1
686103400034440,279728196,2460551.7855046391,60551.2819676,17.6997795,0.0291998256,0,zg,298.00253679999997,29.871466600000002,1.59500003,0.0939999968,20240829281968,686,0x3,0x4,21.3700008,26.4786892,0.0178168863,-0.0837895572,6.00076692e-06,30,1.06500006,1
686103400034440,279921561,2460553.7190908808,60553.215613400003,17.7706738,0.0299106538,0,zg,298.00253329999998,29.871463800000001,1.17400002,0.0949999988,20240831215602,686,0x3,0x4,21.0699997,26.4829025,0.0181339998,-0.106225714,6.36681625e-06,30,1.00100005,1
686103400034440,280125431,2460555.7577278959,60555.2543171,17.7553825,0.0297537185,0,zg,298.00255570000002,29.871436800000001,1.70299995,-0.00499999989,20240902254132,686,0x3,0x4,21.2700005,26.479475,0.0183032565,-0.109727517,6.35475863e-06,30,1.03600001,1
686103400034440,280326473,2460557.7680750168,60557.264733800002,17.6991043,0.0291932616,0,zg,298.00251900000001,29.871459300000001,1.07000005,0.0299999993,20240904264734,686,0x3,0x4,21.3400002,26.4219284,0.0179560557,-0.0833529532,6.09785366e-06,30,1.06299996,1
686103400034440,280527972,2460559.7829899588,60559.279722200001,17.7107391,0.0293069538,0,zg,298.00252410000002,29.8714604,0.465999991,0.0309999995,20240906279711,686,0x3,0x4,21.1399994,26.3625813,0.0170035474,-0.0735886917,5.36149219e-06,30,1.11199999,1
686103400034440,280725864,2460561.7618378932,60561.258645800001,17.6988029,0.0291903317,0,zg,298.00253550000002,29.871459099999999,0.805999994,0.0689999983,20240908258634,686,0x3,0x4,21.0100002,26.2586403,0.0185395796,-0.0921060592,6.59623493e-06,30,1.07299995,1
686103400034440,280929835,2460563.8014669847,60563.298356500003,17.52771,0.0276415497,32768,zg,298.00250740000001,29.871476099999999,0.777999997,-0.00300000003,20240910298333,686,0x3,0x4,19.0499992,24.1518612,0.0461740233,-0.0175636895,4.02925871e-05,30,1.21599996,1
686103400034440,281225339,2460566.7563772881,60566.2533912,17.7362823,0.0295605101,32768,zg,298.00253720000001,29.871459399999999,1.33299994,0.0850000009,20240913253356,686,0x3,0x4,20,26.0774784,0.0228021368,-0.0855609179,9.88803731e-06,30,1.09300005,1
686103400034440,281425762,2460568.7605249374,60568.257627300001,17.7061825,0.0292622987,0,zg,298.00253170000002,29.871458100000002,0.777999997,0.050999999,20240915257616,686,0x3,0x4,20.3899994,26.4571476,0.0178961642,-0.0891262665,6.00715157e-06,30,1.11899996,1
686103400034440,281725837,2460571.7611389365,60571.258379600004,17.8284969,0.0305227432,0,zg,298.00253800000002,29.871472700000002,1.23199999,-0.0120000001,20240918258368,686,0x3,0x4,19.8500004,26.4841232,0.026335638,-0.124423526,1.28625452e-05,30,1.14699996,1
686103400034440,282527706,2460579.7794177262,60579.277060200002,17.6990166,0.0291924067,0,zg,298.00250260000001,29.871462000000001,1.00899994,-0.0109999999,20240926277049,686,0x3,0x4,20.6499996,26.4079819,0.0215171799,-0.100869969,8.84596648e-06,30,1.33000004,1
686103400034440,283718185,2460591.6835390474,60591.181851900001,17.7434273,0.0296324231,0,zg,298.00253179999999,29.871461,1.55200005,0.0549999997,20241008181840,686,0x3,0x4,21.1100006,26.4264984,0.0186765771,-0.106567226,6.77540856e-06,30,1.08500004,1
686103400034440,283912486,2460593.6264320519,60593.124861099997,17.7682838,0.0298859887,0,zg,298.00252840000002,29.871478100000001,2.03200006,0.115999997,20241010124861,686,0x3,0x4,20.9400005,26.4826374,0.0178151205,-0.11104238,6.04085608e-06,30,1.00800002,1
686103400034440,284112516,2460595.6266116961,60595.125161999997,17.7164001,0.0293626823,0,zg,298.00257290000002,29.8714409,0.824000001,0.00899999961,20241012125104,686,0x3,0x4,19.9500008,26.3434601,0.0245821644,-0.106994964,1.17567879e-05,30,1.01300001,1
686103400034440,284317402,2460597.6753517161,60597.1740278,17.8259659,0.0304953232,32768,zg,298.00249760000003,29.871503000000001,1.00300002,0.0329999998,20241014174028,686,0x3,0x4,20.4599991,26.5716267,0.0227715801,-0.151778564,9.84155213e-06,30,1.10699999,1
686103400034440,284825540,2460602.7564112581,60602.255405099997,17.6625919,0.028843632,0,zg,298.00238769999999,29.871556900000002,0.735000014,0.354000002,20241019255405,686,0x3,0x4,18.8299999,26.2804451,0.0462958515,-0.0836767256,4.41098164e-05,30,1.66400003,1
686103400034440,285013473,2460604.6356208124,60604.134733799998,17.7355881,0.0295535494,0,zg,298.00252790000002,29.871464400000001,0.949000001,0.0219999999,20241021134722,686,0x3,0x4,21.2199993,26.5019131,0.0178788267,-0.0990275815,6.03463195e-06,30,1.05999994,1
686103400034440,285218076,2460606.6815201892,60606.180763900004,17.7165928,0.0293645784,0,zg,298.00251730000002,29.871447400000001,1.18900001,0.050999999,20241023180729,686,0x3,0x4,20.9200001,26.4497375,0.0214654859,-0.0928196236,8.81994583e-06,30,1.21500003,1
686103400034440,285611380,2460610.614311025,60610.113807900001,17.7312431,0.0295100547,0,zg,298.00254189999998,29.8714659,1.26800001,0.0390000008,20241027113808,686,0x3,0x4,21.3099995,26.4562683,0.0177366324,-0.0889446139,6.13550537e-06,30,1.051,1
686103400034440,286024407,2460614.7443095078,60614.244074100003,17.7557201,0.0297571626,0,zg,298.0025157,29.871455099999999,1.24899995,0.0240000002,20241031244062,686,0x3,0x4,20.0499992,26.262085,0.0253867768,-0.0898281783,1.21607764e-05,30,1.94500005,1
686103400034440,286412018,2460618.6201692321,60618.120185200001,17.7627926,0.029829517,0,zg,298.00252390000003,29.871464400000001,1.10000002,-0.0179999992,20241104120185,686,0x3,0x4,20.7000008,26.4563217,0.0197937544,-0.113462642,7.56426562e-06,30,1.11600006,1
686103400034440,286617378,2460620.6736357436,60620.173784699997,17.8180389,0.0304098241,0,zg,298.00254130000002,29.8714507,1.26400006,0.0659999996,20241106173750,686,0x3,0x4,20.1499996,26.1626987,0.0243297406,-0.135641336,1.1391011e-05,30,1.38399994,1
686103400034440,287109754,2460625.597080729,60625.0975463,17.7886581,0.0300978348,0,zg,298.00252899999998,29.871465199999999,1.45099998,0.0989999995,20241111097535,686,0x3,0x4,20.6100006,26.479229,0.0200778022,-0.120110266,7.5639341e-06,30,1.10599995,1
686103400034440,287315930,2460627.6587086767,60627.159305599998,17.7486267,0.0296850186,0,zg,298.00240760000003,29.871416799999999,0.815999985,0.0970000029,20241113159306,686,0x3,0x4,18.9300003,26.3609581,0.0466248766,-0.0818170756,4.47580678e-05,30,1.41600001,1
686103400034440,287517400,2460629.6732803495,60629.174004599998,17.7948608,0.0301630534,0,zg,298.002454,29.8715096,0.697000027,0.0140000004,20241115174005,686,0x3,0x4,19.3600006,26.391367,0.0324911475,-0.136614367,2.04541884e-05,30,1.58399999,1
686103400034440,287812533,2460632.62442694,60632.125335600002,17.8362541,0.0306071658,0,zg,298.00253409999999,29.8714792,0.662,0.0350000001,20241118125301,686,0x3,0x4,20.1800003,26.3531284,0.0435407422,-0.142025396,3.6200574e-05,30,1.28999996,1
686103400034440,288017442,2460634.6733861733,60634.174421299998,17.7089577,0.0292894822,0,zg,298.00250010000002,29.871478199999999,0.388000011,0.0140000004,20241120174352,686,0x3,0x4,19.9899998,26.1031437,0.0231373832,-0.0920845121,1.01180403e-05,30,1.73699999,1
686103400034440,288209456,2460636.5934080756,60636.094560199999,17.7763939,0.0299698766,0,zg,298.00257950000002,29.871437799999999,1.46500003,0.0780000016,20241122094549,686,0x3,0x4,20.7000008,26.4318123,0.0206234436,-0.128672361,8.09524499e-06,30,1.19700003,1
686103400034440,288514250,2460639.6411650921,60639.142500000002,17.9055405,0.0313861147,32768,zg,298.00249359999998,29.871468199999999,1.15600002,-0.0399999991,20241125142465,686,0x3,0x4,19.1900005,25.64184,0.0547164679,-0.112416431,5.48241587e-05,30,1.54499996,1
686103400034440,289311728,2460647.6154887071,60647.117280099999,17.7829037,0.0300376341,0,zg,298.00250829999999,29.871469000000001,1.89100003,0.0989999995,20241203117280,686,0x3,0x4,20.3299999,26.2004051,0.0404582471,-0.112841152,3.07395239e-05,30,1.51499999,1
686103400034440,289710171,2460651.5997074982,60651.101712999996,17.6690636,0.0289048199,0,zg,298.00249209999998,29.871456200000001,0.814999998,0,20241207101713,686,0x3,0x4,20.4599991,26.3570957,0.0188293476,-0.0774900466,6.56052725e-06,30,1.47599995,1
686103400034440,289913501,2460653.6329008904,60653.135011600003,17.6457901,0.0286863316,32768,zg,298.00252110000002,29.871469000000001,0.42899999,-0.0270000007,20241209135000,686,0x3,0x4,19.6100006,26.0576515,0.0312479995,-0.0541019998,1.87870955e-05,30,1.90499997,1
686103400034440,290111638,2460655.6141785495,60655.116388900002,17.7600899,0.0298018064,0,zg,298.0025,29.871480900000002,0.626999974,0.0989999995,20241211116389,686,0x3,0x4,18.9099998,26.2685223,0.0462573394,-0.0815344229,4.22544799e-05,30,1.72899997,1
686103400034440,290414310,2460658.6407449269,60658.143101900001,17.7311211,0.0295088422,0,zg,298.00244400000003,29.871396099999998,0.639999986,0.00400000019,20241214143102,686,0x3,0x4,18.8299999,26.2074471,0.0430182852,-0.0903549045,3.70453563e-05,30,2.30900002,1
686103400034440,290611009,2460660.6076442297,60660.1100926,17.7988892,0.0302056056,0,zg,298.00252119999999,29.871472099999998,0.708999991,0.0599999987,20241216110081,686,0x3,0x4,19.4699993,26.2765217,0.0276102033,-0.0797075033,1.43311536e-05,30,1.82299995,1
686103400034440,298554528,2460740.0424570441,60739.545289399997,17.8506184,0.0307649281,32768,zg,298.0025627,29.8714625,0.699999988,0.0340000018,20250305545289,686,0x3,0x4,19.8999996,26.0653687,0.0248504225,-0.133479148,1.16988822e-05,30,1.42999995,1
686103400034440,299651671,2460751.0143424002,60750.516712999997,17.7141762,0.0293407552,0,zg,298.0025584,29.871487299999998,0.83099997,-0.0209999997,20250316516701,686,0x3,0x4,19.4500008,26.3604832,0.0294190273,-0.0855478421,1.61303906e-05,30,1.41900003,1
686103400034440,300346540,2460757.9633755004,60757.465405100003,17.780489,0.030012453,0,zg,298.00255129999999,29.871477800000001,1.26499999,0.0399999991,20250323465394,686,0x3,0x4,20.7299995,26.3328781,0.0203497056,-0.107012518,7.91805451e-06,30,1.71800005,1
686103400034440,300551437,2460760.0124523467,60759.514374999999,17.8251801,0.0304868259,0,zg,298.00254790000002,29.871484899999999,1.09800005,0.0219999999,20250325514375,686,0x3,0x4,20.6900005,26.4796371,0.0232132915,-0.138697624,1.03056327e-05,30,1.28199995,1
686103400034440,301050370,2460765.0020521339,60764.5037037,17.747551,0.0296741221,0,zg,298.00255959999998,29.871466900000001,0.890999973,-0.0140000004,20250330503681,686,0x3,0x4,20.3700008,26.1949196,0.0257812403,-0.13131991,1.31037759e-05,30,1.26699996,1
686103400034440,301847157,2460772.970382561,60772.471574100004,17.7942734,0.0301568732,32769,zg,298.00255140000002,29.871452099999999,0.825999975,0.0719999969,20250407471574,686,0x3,0x4,19.8400002,25.6758556,0.0435150191,-0.0900653154,4.30444015e-05,30,1.32299995,1
686103400034440,302044497,2460774.9439035286,60774.444976899998,17.8344498,0.0305874757,32768,zg,298.00258980000001,29.871455099999999,0.963,0.0320000015,20250409444965,686,0x3,0x4,20.0200005,26.4172134,0.0267732926,-0.154078349,1.36644148e-05,30,1.46599996,1
686103400034440,302250290,2460777.0019565332,60776.502905100002,17.8154793,0.0303823277,0,zg,298.00258939999998,29.871454,1.00100005,0.00800000038,20250411502743,686,0x3,0x4,20.4500008,26.4819756,0.0209034141,-0.133158281,8.6252594e-06,30,1.13699996,1
686103400034440,303148870,2460785.9883141029,60785.488703700001,17.7415466,0.0296134483,0,zg,298.00253550000002,29.871468700000001,1.30400002,0.0560000017,20250420488704,686,0x3,0x4,20.7199993,26.4718266,0.019335907,-0.112557188,6.999981e-06,30,1.10699999,1
686103400034440,304246322,2460796.9635392944,60796.463229200002,17.8614922,0.030885648,32768,zg,298.00268840000001,29.8714665,0.745000005,0.0109999999,20250501463229,686,0x3,0x4,21.2800007,26.5192852,0.0200006403,-0.156271443,7.61496767e-06,30,1.09500003,1
686103400034440,304844754,2460802.948237434,60802.447546299998,17.7758141,0.0299638659,0,zg,298.002545,29.871474200000002,0.883000016,0.0520000011,20250507447546,686,0x3,0x4,21.3400002,26.4092579,0.0165209845,-0.10828764,5.17545277e-06,30,1.09300005,1
686103400034440,305145324,2460805.9541213871,60805.453240700001,17.7093201,0.0292930324,0,zg,298.00255140000002,29.871466900000001,0.578000009,0.0399999991,20250510453206,686,0x3,0x4,20.6100006,26.4592552,0.0187301692,-0.102653578,6.78627566e-06,30,1.06200004,1
686103400034440,305345560,2460807.956607867,60807.455601900001,17.6540985,0.0287638325,0,zg,298.00254330000001,29.8714604,0.57099998,-0.0170000009,20250512455602,686,0x3,0x4,19.5900002,26.3177719,0.0263919327,-0.0743338689,1.32163696e-05,30,1.04799998,1
686103400034440,305746981,2460811.9710689066,60811.469814800002,17.7815971,0.030024007,0,zg,298.00255829999998,29.871463800000001,0.65200001,0.00899999961,20250516469803,686,0x3,0x4,20.7000008,26.4629421,0.0184893757,-0.0947642401,6.51701384e-06,30,1.01499999,1
686103400034440,306236599,2460816.86754535,60816.365995400003,17.724659,0.029444458,0,zg,298.00257399999998,29.8714555,1.29900002,0.0599999987,20250521365984,686,0x3,0x4,21.1599998,26.4336319,0.0175641757,-0.100321352,5.86293299e-06,30,1.24600005,1
686103400034440,306445255,2460818.9542312901,60818.452557899996,17.7433662,0.0296318103,0,zg,298.00255970000001,29.871432500000001,1.46099997,0.00200000009,20250523452546,686,0x3,0x4,20.9300003,26.5024357,0.0178309381,-0.111492552,5.99796522e-06,30,1.01300001,1
686103400034440,306732827,2460821.8301158175,60821.328275499996,17.7751656,0.029957138,0,zg,298.00259369999998,29.8714671,0.623000026,0.0140000004,20250526328275,686,0x3,0x4,20.8600006,26.390337,0.0233563092,-0.119667538,1.0364065e-05,30,1.38199997,1
686103400034440,306938447,2460823.8864365881,60823.384479200002,17.7986603,0.0302031841,0,zg,298.00256839999997,29.8714461,0.795000017,-0.00300000003,20250528384468,686,0x3,0x4,21.2199993,26.4460659,0.0214308705,-0.11735642,8.65207312e-06,30,1.10800004,1
686103400034440,307240740,2460826.9095328781,60826.407407400002,17.7695789,0.0298993457,32768,zg,298.00254050000001,29.8714713,0.691999972,0.00800000038,20250531407407,686,0x3,0x4,20.6200008,26.0067863,0.0433394536,-0.098549366,3.55639168e-05,30,1.04200006,1
686103400034440,307737859,2460831.8809900596,60831.3785995,17.8141289,0.0303678587,0,zg,298.0025569,29.871470899999998,1.69400001,0.0659999996,20250605378565,686,0x3,0x4,21.1499996,26.4305935,0.018430423,-0.124424145,6.4642104e-06,30,1.06900001,1
686103400034440,307942634,2460833.9288379359,60833.426342600003,17.6984863,0.0291872602,0,zg,298.00253179999999,29.871465400000002,1.11699998,0.112000003,20250607426273,686,0x3,0x4,21.5100002,26.4643745,0.018977005,-0.0943010375,6.87608326e-06,30,1.00399995,1
686103400034440,308142182,2460835.9244234664,60835.421828699997,17.7468662,0.0296671893,0,zg,298.00254869999998,29.8714668,1.37300003,0.103,20250609421713,686,0x3,0x4,20.7000008,26.4289856,0.0172601901,-0.0964634418,5.63935055e-06,30,1.00300002,1
686103400034440,308641028,2460840.9131206102,60840.410289400003,17.6579094,0.0287995674,0,zg,298.00253099999998,29.871456999999999,0.90200001,0.00200000009,20250614410243,686,0x3,0x4,20.5300007,26.4575672,0.0184038002,-0.0840744674,6.3409243e-06,30,1.00199997,1
686103400034440,308929869,2460843.8016517865,60843.298692099997,17.803894,0.0302586537,0,zg,298.00257470000003,29.871467899999999,1.12100005,0.0209999997,20250617298692,686,0x3,0x4,20.7800007,26.4980755,0.0203346163,-0.130933911,7.89210753e-06,30,1.21700001,1
686103400034440,309133934,2460845.8423869084,60845.339340300001,17.7290649,0.0294883158,0,zg,298.002568,29.871463299999998,0.83099997,-0.0109999999,20250619339294,686,0x3,0x4,21.1800003,26.4370594,0.0169951636,-0.103056401,5.60152694e-06,30,1.07200003,1
686103400034440,309532248,2460849.8256948343,60849.322488400001,17.8208809,0.0304404143,32768,zg,298.00258650000001,29.871476999999999,1.61099994,0.0689999983,20250623322488,686,0x3,0x4,21.0799999,26.4984016,0.0227157474,-0.147152185,9.8206965e-06,30,1.08500004,1
686103400034440,309930229,2460853.8056442598,60853.302291699998,17.7228947,0.0294269398,0,zg,298.00253679999997,29.871457700000001,0.486999989,0.0120000001,20250627302292,686,0x3,0x4,20.7700005,26.4188843,0.0214496572,-0.10718593,8.92447497e-06,30,1.10899997,1
686103400034440,310138381,2460855.8872427698,60855.383819399998,17.6717758,0.0289305616,0,zg,298.0025617,29.8714476,0.550999999,0,20250629383808,686,0x3,0x4,20.5300007,26.4695415,0.0303994734,-0.0880229026,1.76897483e-05,30,1,1
686103400034440,310343482,2460857.9383156025,60857.4348264,17.7123032,0.0293223262,0,zg,298.0025407,29.871471700000001,1.16100001,0.0209999997,20250701434595,686,0x3,0x4,21.2600002,26.4982624,0.0166854598,-0.10762988,5.27775137e-06,30,1.04799998,1
686103400034440,310539800,2460859.9015578451,60859.398009299999,17.6684456,0.0288989674,0,zg,298.00253620000001,29.8714677,0.86500001,0.0140000004,20250703397801,686,0x3,0x4,21.3199997,26.4462051,0.0165685937,-0.0866210163,5.13287296e-06,30,1.00999999,1
686103400034440,310742420,2460861.9278073222,60861.424201399997,17.6830463,0.0290381759,0,zg,298.00252419999998,29.871467800000001,1.25999999,0.0829999968,20250705424190,686,0x3,0x4,21.5,26.5049133,0.0204099268,-0.087963745,7.82449388e-06,30,1.04900002,1
686103400034440,310927689,2460863.7805530122,60863.276898099997,17.6468506,0.0286961906,0,zg,298.00254339999998,29.8714549,0.560000002,-0.0299999993,20250707276898,686,0x3,0x4,20.6700001,26.4254513,0.0175729617,-0.0705371797,5.96767131e-06,30,1.10399997,1
686103400034440,311134896,2460865.8526756573,60865.348969899998,17.6987839,0.0291901454,0,zg,298.0025377,29.871463500000001,0.874000013,0.00999999978,20250709348970,686,0x3,0x4,20.6299992,26.4496078,0.0199170616,-0.0809581503,7.67005895e-06,30,1.00100005,1
686103400034440,311335521,2460867.8589708111,60867.355219899997,17.7476006,0.0296746269,0,zg,298.0025498,29.871469600000001,0.460000008,0.057,20250711354977,686,0x3,0x4,20.2800007,26.4696102,0.0194092207,-0.0895246118,7.09614778e-06,30,1,1
686103400034440,311621796,2460870.7217712966,60870.217963000003,17.7179337,0.0293778181,0,zg,298.0025526,29.8714543,1.12600005,0.118000001,20250714217905,686,0x3,0x4,20.9300003,26.2398891,0.0196485016,-0.084586069,7.38418703e-06,30,1.24899995,1
686103400034440,311825449,2460872.7583348099,60872.254490699997,17.653923,0.0287621915,0,zg,298.00254910000001,29.8714561,1.35399997,0.0410000011,20250716254468,686,0x3,0x4,21.2000008,26.2345409,0.0190983769,-0.0712379441,7.0793958e-06,30,1.09800005,1
686103400034440,312130438,2460875.8082763148,60875.304386600001,17.6495914,0.0287217274,0,zg,298.00254310000003,29.8714628,1.04900002,0.0540000014,20250719304375,686,0x3,0x4,21.4300003,26.4122162,0.0166562982,-0.0740617588,5.28902774e-06,30,1.00800002,1
686103400034440,312326660,2460877.7705226922,60877.266608799997,17.6729965,0.0289421696,0,zg,298.00254719999998,29.8714567,1.903,0.133000001,20250721266435,686,0x3,0x4,21.4599991,26.3837605,0.0177190062,-0.094149828,6.07772563e-06,30,1.04400003,1
686103400034440,312529587,2460879.799814228,60879.295879600002,17.8045921,0.0302660782,0,zg,298.00257620000002,29.871476600000001,1.38499999,0.0500000007,20250723295833,686,0x3,0x4,21.2299995,26.5099506,0.018246606,-0.128585711,6.27509735e-06,30,1.00600004,1
686103400034440,312723634,2460881.7402929249,60881.236342600001,17.7321148,0.0295187682,0,zg,298.00253579999998,29.871457599999999,1.477,0.0700000003,20250725236343,686,0x3,0x4,21.2399998,26.490181,0.0179082677,-0.105410919,6.07885113e-06,30,1.08200002,1
686103400034440,312931872,2460883.8226896143,60883.318726899997,17.7381172,0.0295789316,0,zg,298.00253889999999,29.871470800000001,1.66600001,0.0920000002,20250727318669,686,0x3,0x4,21.4599991,26.4992676,0.0169353765,-0.0916485339,5.41147256e-06,30,1.00199997,1
686103400034440,313128650,2460885.7904747203,60885.286504600001,17.7775249,0.0299816262,0,zg,298.00256209999998,29.871458799999999,1.07200003,0.0260000005,20250729286435,686,0x3,0x4,21.4099998,26.5347328,0.01877027,-0.115414366,6.82052223e-06,30,1.00300002,1
686103400034440,313342260,2460887.926577582,60887.422604200001,17.7200012,0.02939827,0,zg,298.00252990000001,29.871465400000002,0.666999996,-0.0189999994,20250731422373,686,0x3,0x4,21.0400009,26.4360428,0.0201652572,-0.0871018916,7.67791698e-06,30,1.26999998,1
686103400034440,315530363,2460909.8073616326,60909.303634299999,17.7479553,0.0296782162,0,zg,298.00256300000001,29.8714485,1.722,0.118000001,20250822303634,686,0x3,0x4,21.1700001,26.428978,0.018316796,-0.111866087,6.44230204e-06,30,1.06900001,1
686103400034440,315723715,2460911.7408343307,60911.2371528,17.6790142,0.0289995521,0,zg,298.00252970000003,29.871465700000002,0.828999996,0.0120000001,20250824237002,686,0x3,0x4,21.3099995,26.4197884,0.0175226443,-0.0819552988,5.89811089e-06,30,1.00100005,1
686103400034440,316219785,2460916.7014056598,60916.197858799998,17.7566833,0.0297669899,0,zg,298.00255040000002,29.8714747,1.153,0.0599999987,20250829197859,686,0x3,0x4,21.2099991,26.508913,0.0185867976,-0.104712047,6.53971119e-06,30,1.00399995,1
686103400034440,316429994,2460918.8034246117,60918.299942099999,17.7235184,0.0294331256,0,zg,298.00251859999997,29.8714765,1.35300004,0.0399999991,20250831299873,686,0x3,0x4,21.1700001,26.4354744,0.0180087257,-0.0857064649,6.1157034e-06,30,1.12100005,1
686103400034440,316629637,2460920.7997948388,60920.296377300001,17.7456131,0.0296545029,0,zg,298.00253850000001,29.871462000000001,1.11300004,0.115000002,20250902296366,686,0x3,0x4,20.8500004,26.3937435,0.0265769176,-0.108630084,1.37699035e-05,30,1.12699997,1
686103400034440,316817951,2460922.6828667796,60922.179513900002,17.7653732,0.0298560187,0,zg,298.00253409999999,29.871457800000002,1.72399998,0.147,20250904179109,686,0x3,0x4,20.5100002,26.4086418,0.0212980602,-0.114637673,8.68622647e-06,30,1.005,1
686103400034440,317022083,2460924.7241124068,60924.220833300002,17.841011,0.0306591988,0,zg,298.00251739999999,29.8714695,1.91999996,0.0460000001,20250906220822,686,0x3,0x4,20.0900002,26.4757137,0.02429373,-0.129022181,1.11022509e-05,30,1.00999999,1
686103400034440,317227915,2460926.7823560373,60926.279155099997,17.7458134,0.0296565257,0,zg,298.00253609999999,29.871457500000002,0.540000021,0.0309999995,20250908279155,686,0x3,0x4,20.0499992,26.4480705,0.0223231576,-0.0996913761,9.53260587e-06,30,1.12399995,1
686103400034440,317428504,2460928.7881675228,60928.2850463,17.702034,0.0292217899,0,zg,298.00252189999998,29.871460800000001,0.880999982,0.0219999999,20250910285046,686,0x3,0x4,20.5,26.4719982,0.0187456794,-0.0976393297,6.80564335e-06,30,1.16100001,1
686103400034440,317817945,2460932.6824127976,60932.179455999998,17.6812782,0.0290212147,0,zg,298.00256050000002,29.871460299999999,1.08000004,0.0920000002,20250914179433,686,0x3,0x4,21.4099998,26.4582539,0.018420985,-0.09303388,6.30651311e-06,30,1.00100005,1
686103400034440,319427826,2460948.7804186172,60948.2782639,17.7964249,0.0301795546,0,zg,298.0025053,29.871457899999999,1.24699998,0.0549999997,20250930278252,686,0x3,0x4,21.1599998,26.4429989,0.0187339839,-0.106994502,6.57312557e-06,30,1.403,1
686103400106565,45051390,2458205.0120738978,58204.513900500002,17.0239429,0.0241848081,0,zg,298.00372750000002,29.870640000000002,0.504000008,0.00600000005,20180327513854,686,0x3,0x4,20.5799999,26.3803444,0.0242190044,-0.109299645,1.11619411e-05,30,1.26100004,1
686103400106565,45151402,2458206.0122554135,58205.514027800004,17.0033226,0.0240719523,0,zg,298.0037676,29.870630200000001,0.658999979,-0.0370000005,20180328514028,686,0x3,0x4,20.9699993,26.3073921,0.0181296617,-0.0608760379,6.216374e-06,30,1.24699998,1
686103400106565,45251668,2458207.0149723487,58206.516689800002,17.0112324,0.0241150148,0,zg,298.00375659999997,29.870625400000002,0.460000008,-0.00899999961,20180329516678,686,0x3,0x4,20.3899994,26.1092834,0.0185825173,-0.0604691431,6.48099331e-06,30,1.222,1
686103400106565,45252553,2458207.02381544,58206.525532400003,17.0297775,0.0242170896,0,zg,298.003782,29.870624100000001,0.700999975,-0.0340000018,20180329525509,686,0x3,0x4,20.7399998,26.3339043,0.0170598999,-0.0617540851,5.56808345e-06,30,1.18599999,1
686103400106565,45350884,2458208.0071800495,58207.5088426,17.003664,0.0240738038,0,zg,298.00376970000002,29.870627800000001,0.999000013,-0.0450000018,20180330508831,686,0x3,0x4,20.1700001,26.3356953,0.0223842319,-0.0483804531,9.25939094e-06,30,1.24600005,1
686103400106565,45447569,2458208.9740858413,58208.475694399996,16.9600945,0.0238415282,32768,zg,298.0037734,29.870598600000001,0.646000028,-0.101000004,20180331475683,686,0x3,0x4,18.4699993,25.3959618,0.0489448011,-0.00748154055,5.98124716e-05,30,1.426,1
686103400106565,45451219,2458209.0105926259,58208.512199099998,16.9583302,0.0238322988,32768,zg,298.00372190000002,29.870612999999999,1.55200005,-0.0309999995,20180331512130,686,0x3,0x4,19.2600002,26.0362988,0.033958964,-0.00788610708,2.00402919e-05,30,1.21800005,1
686103400106565,45550700,2458210.0054519339,58209.507002300001,16.9336929,0.0237047859,32768,zg,298.0037605,29.870646199999999,0.375,0.0170000009,20180401506979,686,0x3,0x4,19.3099995,26.0876122,0.0592275821,0.00449845148,6.06643334e-05,30,1.22899997,1
686103400106565,45651276,2458211.0112730847,58210.512766200001,17.0065403,0.0240894351,0,zg,298.00375539999999,29.870630299999998,0.890999973,-0.0680000037,20180402512755,686,0x3,0x4,20.0900002,26.3368111,0.0227516629,-0.0409596488,9.14270277e-06,30,1.19299996,1
686103400106565,45749212,2458211.99069269,58211.492129600003,16.9943886,0.0240236558,0,zg,298.00379459999999,29.870645400000001,0.537,0.00300000003,20180403492118,686,0x3,0x4,19.3999996,26.2824745,0.0312936977,-0.0339557901,1.70531421e-05,30,1.27400005,1
686103400106565,45750703,2458212.0056009791,58211.507037000003,16.9374962,0.0237243045,32768,zg,298.0035767,29.870627599999999,0.949000001,0.0659999996,20180403507025,686,0x3,0x4,18.3500004,26.3013859,0.0692445487,-0.0330085792,0.000166303784,30,1.20500004,1
686103400106565,47448528,2458228.9848868721,58228.4852894,17.0084457,0.0240998138,0,zg,298.00375430000003,29.870631199999998,0.717000008,-0.0140000004,20180420485185,686,0x3,0x4,20.5300007,26.3395576,0.0233543385,-0.0277588163,9.87686326e-06,30,1.11800003,1
686103400106565,47549579,2458229.995460018,58229.495798600001,17.0294857,0.024215471,0,zg,298.00374119999998,29.870616399999999,0.699999988,-0.00300000003,20180421495799,686,0x3,0x4,20.7700005,26.4016991,0.0235758182,-0.108068667,1.04742103e-05,30,1.08399999,1
686103400106565,47649401,2458230.99374092,58230.494016199998,17.0377026,0.0242611915,0,zg,298.00375220000001,29.870634299999999,2.352,0.00899999961,20180422493993,686,0x3,0x4,20.7600002,26.0830021,0.0207985751,-0.0781837478,8.01522765e-06,30,1.08099997,1
686103400106565,47745247,2458231.9522624924,58231.452476899998,17.0104847,0.0241109319,0,zg,298.00377079999998,29.870639199999999,0.782000005,-0.0320000015,20180423452442,686,0x3,0x4,20.8500004,26.3396454,0.0257674772,-0.053701371,1.23480513e-05,30,1.20500004,1
686103400106565,47748641,2458231.9861997734,58231.486411999998,16.9797478,0.0239452682,0,zg,298.00375860000003,29.8706332,0.925999999,-0.0729999989,20180423486343,686,0x3,0x4,21.0599995,26.3387508,0.0186501499,-0.0403177105,6.47479192e-06,30,1.09300005,1
686103400106565,47849681,2458232.9966691877,58232.4968171,16.9914932,0.0240080785,0,zg,298.00375930000001,29.870622699999998,0.95599997,0.0939999968,20180424496701,686,0x3,0x4,21.0599995,26.3516636,0.0188246947,-0.0409038998,6.55834265e-06,30,1.06400001,1
686103400106565,48046408,2458234.9640631205,58234.464085599997,17.0288925,0.0242121853,0,zg,298.00374890000001,29.870639100000002,1.10599995,0.0140000004,20180426464062,686,0x3,0x4,20.5499992,26.1691914,0.0208990201,-0.0289392658,7.84635631e-06,30,1.13300002,1
686103400106565,48048571,2458234.9856965123,58234.4857176,17.0068245,0.0240909867,32768,zg,298.00376039999998,29.870633600000001,1.02900004,-0.0790000036,20180426485694,686,0x3,0x4,20.4200001,25.7680035,0.0255151168,-0.0273266491,1.16712317e-05,30,1.07599998,1
686103400106565,48143321,2458235.933256981,58235.433217600003,16.9852524,0.0239746291,0,zg,298.00376929999999,29.870631199999998,0.626999974,-0.0140000004,20180427433194,686,0x3,0x4,19.7999992,26.312458,0.0240294673,-0.0378130376,1.04120654e-05,30,1.24199998,1
686103400106565,48146243,2458235.9624718698,58235.462430599997,17.0201244,0.0241637602,0,zg,298.00373810000002,29.870652199999999,0.614000022,-0.00499999989,20180427462361,686,0x3,0x4,19.8400002,26.3385029,0.0265297703,-0.0351802148,1.27040184e-05,30,1.13,1
686103400106565,48242740,2458236.9275102983,58236.427407399999,17.0024872,0.0240674205,0,zg,298.00374929999998,29.870605999999999,0.876999974,-0.0160000008,20180428427396,686,0x3,0x4,19.6200008,26.256794,0.0264786817,-0.0333527625,1.26800524e-05,30,1.25699997,1
686103400106565,48249811,2458236.9982208544,58236.498113399997,16.9779358,0.0239356346,32768,zg,298.00377880000002,29.870654699999999,0.667999983,-0.0250000004,20180428498090,686,0x3,0x4,19.8999996,26.3011055,0.0232273173,-0.0157323852,9.6510712e-06,30,1.04200006,1
686103400106565,48340028,2458237.9004544518,58237.4002894,16.9962082,0.0240334626,0,zg,298.00374390000002,29.870625100000002,0.822000027,-0.0370000005,20180429400278,686,0x3,0x4,19.4699993,26.2524853,0.0274801254,-0.0343077406,1.38611176e-05,30,1.39900005,1
686103400106565,48348521,2458237.9853904368,58237.485219900002,16.9860859,0.0239790883,0,zg,298.00375350000002,29.8706402,1.30499995,-0.0900000036,20180429485197,686,0x3,0x4,19.7299995,26.3142853,0.0294553451,-0.0161556341,1.59610408e-05,30,1.05999994,1
686103400106565,49045439,2458244.9550130847,58244.454398100002,17.0050621,0.0240813978,0,zg,298.00375070000001,29.870620299999999,0.898000002,-0.0710000023,20180506454375,686,0x3,0x4,20.6399994,26.3383312,0.0193386357,-0.0442956127,6.76540458e-06,30,1.08500004,1
686103400106565,49246921,2458246.969955653,58246.469212999997,17.0156479,0.0241391752,0,zg,298.00374749999997,29.870629300000001,1.11300004,-0.0240000002,20180508469201,686,0x3,0x4,20.7700005,26.3499489,0.0188935325,-0.0298505761,6.59164061e-06,30,1.04400003,1
686103400106565,49339185,2458247.8926527579,58247.3918519,16.9929085,0.0240156855,0,zg,298.00377159999999,29.870632799999999,0.853999972,-0.0189999994,20180509391840,686,0x3,0x4,21.4200001,26.3341751,0.0170842949,-0.0521336533,5.40183555e-06,30,1.28499997,1
686103400106565,49844133,2458252.9424476796,58252.441331000002,17.0073395,0.0240937881,0,zg,298.00374840000001,29.870631100000001,1.02900004,-0.0850000009,20180514441308,686,0x3,0x4,21.4300003,26.3884888,0.0196289681,-0.0593810752,7.262297e-06,30,1.06500006,1
686103400106565,50043608,2458254.9373276578,58254.436088000002,17.0089455,0.024102537,0,zg,298.00376460000001,29.870622900000001,0.824999988,-0.0289999992,20180516436042,686,0x3,0x4,21.4300003,26.3601551,0.0170636252,-0.0540580265,5.35722302e-06,30,1.06500006,1
686103400106565,50142606,2458255.9273650404,58255.426064799998,17.0121231,0.0241198801,0,zg,298.0037595,29.870633900000001,0.753000021,-0.057,20180517426053,686,0x3,0x4,21.1000004,26.3492413,0.0177279226,-0.043887075,5.74631667e-06,30,1.08099997,1
686103400106565,50447596,2458258.9774454189,58258.475960600001,16.9622421,0.0238527823,32768,zg,298.00372709999999,29.870623800000001,1.75999999,-0.0989999995,20180520475949,686,0x3,0x4,20.7399998,26.3391781,0.0291658808,-0.00893999264,1.56449969e-05,30,1.00399995,1
686103400106565,50540302,2458259.9045610097,58259.403020799997,16.984417,0.0239701662,32768,zg,298.00376440000002,29.8706441,0.887000024,-0.0549999997,20180521402963,686,0x3,0x4,19.75,25.1434097,0.032571394,-0.0160229038,1.87592632e-05,30,1.11199999,1
686103400106565,50746827,2458261.9699379802,58261.468275500003,16.9463615,0.0237700325,32768,zg,298.00336590000001,29.8706061,4.51999998,0.0529999994,20180523468264,686,0x3,0x4,20.2900009,26.4022141,0.0521455854,-0.00970820524,0.000701632409,30,1.00300002,1
686103400106565,50844197,2458262.9436986744,58262.441979199997,16.9105339,0.023587266,32768,zg,298.00333080000001,29.870574300000001,6.48000002,0.282000005,20180524441979,686,0x3,0x4,20.3999996,26.8562832,0.121050499,-0.0478466563,0.00126697926,30,1.02199996,1
686103400106565,50944469,2458263.9464768083,58263.4446991,16.9115772,0.0235925131,32768,zg,298.00358610000001,29.8706277,4.00600004,-0.144999996,20180525444699,686,0x3,0x4,20.4500008,26.6273689,0.0821518153,0.0286128707,0.000130753891,30,1.01600003,1
686103400106565,51246517,2458266.9671239313,58266.465173600001,17.0117035,0.0241175853,32768,zg,298.00372979999997,29.870619600000001,1.34000003,-0.0240000002,20180528465069,686,0x3,0x4,19.7999992,26.3140049,0.0303014442,-0.0111894272,1.68900078e-05,30,1,1
686103400106565,51447898,2458268.9810444009,58268.478981499997,16.9749336,0.0239197016,32768,zg,298.00371189999998,29.870628,1.30999994,-0.101000004,20180530478924,686,0x3,0x4,19.5900002,26.3340359,0.0292418357,-0.0125073763,1.538586e-05,30,1.00300002,1
686103400106565,51746285,2458271.9650844838,58271.462858799998,17.0647545,0.0244139321,0,zg,298.00377359999999,29.870664999999999,0.657999992,-0.00300000003,20180602462859,686,0x3,0x4,20.0499992,26.4113579,0.0239768941,-0.125239983,1.13789865e-05,30,1.00100005,1
686103400106565,51840006,2458272.9023451679,58272.400069399999,17.0094414,0.0241052415,0,zg,298.00375739999998,29.870615000000001,1.09599996,-0.0109999999,20180603400046,686,0x3,0x4,20.5200005,26.3219948,0.018577531,-0.0371440835,6.55632857e-06,30,1.04100001,1
686103400106565,51946101,2458273.9633503528,58273.461018499998,16.994976,0.0240268167,0,zg,298.00375739999998,29.8706323,0.989000022,-0.0489999987,20180604461007,686,0x3,0x4,20.6599998,26.3604336,0.0196807217,-0.0370631553,7.46882733e-06,30,1.00100005,1
686103400106565,52040097,2458274.903353157,58274.400972199997,17.0086861,0.0241011195,0,zg,298.00376360000001,29.870628,0.744000018,-0.0549999997,20180605400972,686,0x3,0x4,20.9899998,26.3692665,0.0177321099,-0.0590610579,6.03734816e-06,30,1.03199995,1
686103400106565,52144144,2458275.9438814898,58275.441446800003,17.0269928,0.0242016632,0,zg,298.0037514,29.870629999999998,0.843999982,-0.0649999976,20180606441435,686,0x3,0x4,20.9099998,26.39501,0.0180009622,-0.07614775,6.65991729e-06,30,1,1
686103400106565,52237160,2458276.8740909174,58276.3716088,17.0373573,0.0242592636,0,zg,298.00376180000001,29.870635,0.646000028,-0.0480000004,20180607371505,686,0x3,0x4,21.2399998,26.3717499,0.0180381052,-0.0847409293,5.98783981e-06,30,1.074,1
686103400106565,52337072,2458277.8732616561,58277.370729200004,17.0247498,0.024189258,0,zg,298.00376390000002,29.870628400000001,0.611999989,-0.0260000005,20180608370729,686,0x3,0x4,21.2800007,26.3181419,0.0173743125,-0.0589581057,5.62826062e-06,30,1.07000005,1
686103400106565,52441239,2458278.9149800451,58278.412395799998,16.9965935,0.0240355376,0,zg,298.0037547,29.870628799999999,0.5,-0.00899999961,20180609412373,686,0x3,0x4,21.3899994,26.3738174,0.0176345427,-0.0541072637,5.70281236e-06,30,1.00899994,1
686103400106565,52537040,2458279.8730362966,58279.370405100002,17.0161953,0.0241421759,0,zg,298.00376030000001,29.8706383,0.774999976,-0.0189999994,20180610370405,686,0x3,0x4,20.9899998,26.3384686,0.024057962,-0.0595696643,1.08124032e-05,30,1.05999994,1
686103400106565,52640829,2458280.9109799708,58280.408298599999,17.0256844,0.024194425,0,zg,298.00376110000002,29.870619300000001,1.08099997,-0,20180611408125,686,0x3,0x4,21.6000004,26.4159279,0.0181361176,-0.0711571202,6.0833886e-06,30,1.00800002,1
686103400106565,52839344,2458282.8962242631,58282.393449100004,17.0148468,0.0241347849,0,zg,298.00376039999998,29.870630899999998,1.21899998,-0.0680000037,20180613393287,686,0x3,0x4,21.2700005,26.2330742,0.0183655713,-0.0464812815,6.31014018e-06,30,1.01499999,1
686103400106565,52943498,2458283.9378116191,58283.434988399997,16.9949951,0.0240269192,0,zg,298.0037547,29.870629399999999,0.65200001,-0.0549999997,20180614434931,686,0x3,0x4,21.2299995,26.3731174,0.0161309205,-0.0522474237,4.86540193e-06,30,1.00199997,1
686103400106565,53039289,2458284.8957601888,58284.3928935,17.008976,0.024102699,32768,zg,298.00376720000003,29.870626699999999,0.806999981,-0.023,20180615392789,686,0x3,0x4,21.1000004,26.0001335,0.0249519292,-0.0645805597,1.16250812e-05,30,1.01100004,1
686103400106565,53142151,2458285.9244287885,58285.421516199996,17.0302734,0.0242198389,0,zg,298.00375430000003,29.870637899999998,0.634000003,-0.0240000002,20180616421482,686,0x3,0x4,21.5400009,26.4155083,0.0168581381,-0.0673461482,5.24636107e-06,30,1,1
686103400106565,53242162,2458286.9245768222,58286.421620399997,17.0179329,0.0241517145,0,zg,298.0037643,29.8706338,0.908999979,-0.0610000007,20180617421493,686,0x3,0x4,21.3799992,26.404171,0.0159349386,-0.0735583231,4.81047982e-06,30,1.00100005,1
686103400106565,53340221,2458287.9052092303,58287.402210599997,17.0013008,0.0240609907,0,zg,298.00375179999997,29.8706608,0.72299999,-0.0140000004,20180618402199,686,0x3,0x4,20.5799999,26.3664207,0.0266717244,-0.039909862,1.30069466e-05,30,1.00199997,1
686103400106565,53541184,2458289.9149230146,58289.411840300003,17.0250759,0.0241910648,0,zg,298.00376610000001,29.8706149,0.70599997,-0.0359999985,20180620411782,686,0x3,0x4,21.0699997,26.3761425,0.0176999047,-0.0460753143,5.7465345e-06,30,1,1
686103400106565,53643763,2458290.9407632514,58290.437638900003,17.0081749,0.024098333,0,zg,298.00374840000001,29.8706292,0.646000028,-0.0299999993,20180621437616,686,0x3,0x4,21.1700001,26.3574429,0.0214700438,-0.0438438989,8.53581241e-06,30,1.01499999,1
686103400106565,53743638,2458291.9395529511,58291.436388900001,16.9848881,0.0239726808,0,zg,298.00374499999998,29.870625499999999,0.547999978,-0,20180622436331,686,0x3,0x4,21.3199997,26.370924,0.0192888714,-0.0471142456,6.62846287e-06,30,1.01699996,1
686103400106565,53843668,2458292.9398927675,58292.436689800001,17.0075607,0.0240949895,0,zg,298.00376219999998,29.870627899999999,0.755999982,0.00600000005,20180623436632,686,0x3,0x4,21.4899998,26.3827114,0.0164548792,-0.0510330796,4.87240777e-06,30,1.01999998,1
686103400106565,53942219,2458293.9254395771,58293.422199100001,17.0243301,0.0241869427,0,zg,298.00375659999997,29.8706362,0.493000001,-0.00300000003,20180624422187,686,0x3,0x4,20.9200001,26.3826427,0.0213455372,-0.0610209145,8.56120369e-06,30,1.00899994,1
686103400106565,54137826,2458295.8815763379,58295.378263899998,16.9708252,0.0238979608,32768,zg,298.00371150000001,29.870617599999999,1.08000004,0.0480000004,20180626378079,686,0x3,0x4,19.8799992,26.314846,0.0344192162,-0.00279107317,2.13964686e-05,30,1.00199997,1
686103400106565,54244824,2458296.9515910624,58296.448240700003,17.0134277,0.0241270177,0,zg,298.00376060000002,29.870627800000001,0.535000026,0.0240000002,20180627448229,686,0x3,0x4,20.0200005,26.3236523,0.0219446365,-0.0406819358,8.95855464e-06,30,1.05200005,1
686103400106565,54345781,2458297.961197718,58297.457812499997,16.9853249,0.0239750128,0,zg,298.00376829999999,29.870642700000001,0.70599997,-0.0450000018,20180628457813,686,0x3,0x4,19.5100002,26.2884159,0.0271118563,-0.0332281999,1.35365826e-05,30,1.07700002,1
686103400106565,54447857,2458298.9819959211,58298.478576399997,16.9911575,0.0240062717,0,zg,298.00380280000002,29.8706417,1.06599998,0.0370000005,20180629478565,686,0x3,0x4,19.0699997,26.2442455,0.037158262,-0.0225097127,2.50054927e-05,30,1.14100003,1
686103400106565,54544188,2458299.9453376601,58299.441886599998,17.0405426,0.0242770631,32768,zg,298.00370850000002,29.870627200000001,1.42799997,-0.0130000003,20180630441875,686,0x3,0x4,19.6700001,26.2670689,0.0330800377,0.000978756114,2.05371216e-05,30,1.05499995,1
686103400106565,54647934,2458300.982824327,58300.4793403,17.0137081,0.0241285507,0,zg,298.00375330000003,29.8706323,0.963999987,-0.0260000005,20180701479248,686,0x3,0x4,20.1700001,26.2779236,0.0206278283,-0.0470470861,7.79293259e-06,30,1.16199994,1
686103400106565,54732270,2458301.8262184383,58301.322708300002,17.0021667,0.0240656827,0,zg,298.00375680000002,29.870624599999999,0.462000012,0.00600000005,20180702322697,686,0x3,0x4,20.6499996,26.300354,0.017685784,-0.0502690375,5.58884176e-06,30,1.03900003,1
686103400106565,54843516,2458302.9387055254,58302.435162000002,16.973896,0.023914203,32768,zg,298.00372170000003,29.870603800000001,1.91900003,-0.156000003,20180703435150,686,0x3,0x4,20.2600002,26.3000355,0.0256807096,-0.0104415715,1.21910589e-05,30,1.05799997,1
686103400106565,54940520,2458303.9087799937,58303.405208299999,17.026741,0.02420027,0,zg,298.00377079999998,29.870630599999998,1.17400002,-0.0439999998,20180704405197,686,0x3,0x4,21.0400009,26.3210201,0.0197996963,-0.0749519765,7.05512912e-06,30,1.01800001,1
686103400106565,55042895,2458304.9325587326,58304.428958299999,17.0167961,0.0241454728,0,zg,298.00377040000001,29.870632000000001,0.504000008,0.00300000003,20180705428947,686,0x3,0x4,21.1700001,26.3390961,0.0171800964,-0.0636502281,5.52054917e-06,30,1.05700004,1
686103400106565,55133028,2458305.8339143209,58305.330289400001,17.0179138,0.0241516102,0,zg,298.00375120000001,29.8706177,0.407999992,-0.0370000005,20180706330185,686,0x3,0x4,21.4300003,26.3481216,0.0165580008,-0.0737640932,5.03035426e-06,30,1.01600003,1
686103400106565,55234067,2458306.8443227191,58306.3406713,17.0963936,0.0245969798,32768,zg,298.00373050000002,29.870685099999999,1.852,-0.0140000004,20180707340648,686,0x3,0x4,21.0900002,26.3249378,0.0247888118,-0.170677766,1.14476197e-05,30,1.00600004,1
686103400106565,55333738,2458307.8410608871,58307.337384300001,17.0123444,0.0241210908,0,zg,298.00374859999999,29.8706274,0.898999989,-0.0599999987,20180708337373,686,0x3,0x4,21.4300003,26.2384892,0.0197560899,-0.0526964292,7.14415683e-06,30,1.00600004,1
686103400106565,55637518,2458310.8789323955,58310.375185199999,16.9627304,0.0238553435,32768,zg,298.00375750000001,29.870632499999999,3.19899988,-0.215000004,20180711375127,686,0x3,0x4,20.8099995,26.2508602,0.0257175155,-0.00203988119,1.20449486e-05,30,1.00899994,1
686103400106565,55737453,2458311.8783053951,58311.374537000003,17.0055428,0.0240840092,0,zg,298.0037026,29.8706198,1.28100002,-0.00300000003,20180712374514,686,0x3,0x4,20.9799995,26.0727844,0.0237068105,-0.0266351104,1.02784488e-05,30,1.00999999,1
686103400106565,55836261,2458312.8664040542,58312.362615700004,16.9957771,0.0240311343,0,zg,298.00373630000001,29.870631100000001,2.92499995,-0.207000002,20180713362558,686,0x3,0x4,21.0499992,26.2629547,0.0203827918,-0.0253679529,7.48272805e-06,30,1.005,1
686103400106565,55935922,2458313.8630319717,58313.359224500004,16.9981956,0.0240441915,0,zg,298.0037552,29.870626699999999,0.583000004,-0.0130000003,20180714359178,686,0x3,0x4,21.3799992,26.2593536,0.0198642462,-0.0489833839,7.19819309e-06,30,1.00399995,1
686103400106565,56039446,2458314.8982938393,58314.394467600003,16.9746361,0.0239181239,32768,zg,298.00356970000001,29.870599800000001,2.33299994,-0.130999997,20180715394410,686,0x3,0x4,20.3600006,26.3126698,0.0429753736,-0.000574895879,3.48394788e-05,30,1.04400003,1
686103400106565,56141570,2458315.9195496575,58315.415706,17.0012836,0.0240609013,0,zg,298.00374390000002,29.870636099999999,0.943000019,-0.0450000018,20180716415648,686,0x3,0x4,21.0100002,26.1324177,0.01830329,-0.0347756222,6.11569158e-06,30,1.09300005,1
686103400106565,56238010,2458316.88396334,58316.380104199998,17.0062447,0.0240878258,0,zg,298.00374069999998,29.870632499999999,1.39900005,0.0599999987,20180717380093,686,0x3,0x4,21.1000004,26.2094002,0.0200491082,-0.0244007688,7.40586074e-06,30,1.03100002,1
686103400106565,56339329,2458317.897172939,58317.3932986,17.0209999,0.0241685826,32768,zg,298.0037365,29.870632700000002,1.36699998,-0.063000001,20180718393241,686,0x3,0x4,20.4200001,25.9851551,0.0406674333,-0.0113803763,2.90410935e-05,30,1.05599999,1
686103400106565,56440225,2458318.9061453082,58318.402256900001,16.978466,0.0239384528,0,zg,298.00374620000002,29.870633000000002,0.674000025,-0.023,20180719402234,686,0x3,0x4,21.3600006,26.3705463,0.0194158852,-0.0444166549,6.69004248e-06,30,1.08099997,1
686103400106565,56537256,2458319.8764703488,58319.372569400002,17.0168076,0.0241455361,0,zg,298.00375129999998,29.870629900000001,0.416000009,-0.0149999997,20180720372512,686,0x3,0x4,20.9699993,26.3581429,0.0238464326,-0.0538454577,1.06073721e-05,30,1.03199995,1
686103400106565,56641640,2458320.9203137988,58320.416400499998,16.9929581,0.0240159556,0,zg,298.00376779999999,29.870639499999999,0.736999989,-0.0340000018,20180721416389,686,0x3,0x4,21.2700005,26.155117,0.0212742891,-0.0559529141,8.25050029e-06,30,1.13399994,1
686103400106565,56740228,2458321.9062040383,58321.402280100003,17.0183754,0.0241541434,0,zg,298.0037671,29.870634599999999,1.00100005,-0.0710000023,20180722402269,686,0x3,0x4,21.4300003,26.3566875,0.0183272008,-0.0527331568,6.2657391e-06,30,1.10099995,1
686103400106565,56842821,2458322.932151495,58322.428217599998,17.0147171,0.0241340734,32768,zg,298.00376899999998,29.870631199999998,0.833999991,-0.074000001,20180723428206,686,0x3,0x4,21.3799992,26.3380375,0.0160653461,-0.0596143864,4.70903342e-06,30,1.19700003,1
686103400106565,56940296,2458323.9069053568,58323.402963,17.0335102,0.0242378246,0,zg,298.0037663,29.870626600000001,0.742999971,-0.0649999976,20180724402951,686,0x3,0x4,20.7000008,26.3078117,0.0184815973,-0.0490631536,6.35422202e-06,30,1.11899996,1
686103400106565,57042076,2458324.9247139879,58324.420763900001,17.013176,0.0241256412,0,zg,298.0037524,29.870628100000001,1.30999994,-0.0370000005,20180725420764,686,0x3,0x4,20.2800007,26.2223358,0.0195024144,-0.0551548228,7.25845621e-06,30,1.18900001,1
686103400106565,57140981,2458325.9137713648,58325.409814799998,16.943306,0.0237542298,32768,zg,298.00372859999999,29.870638199999998,0.823000014,-0.0599999987,20180726409803,686,0x3,0x4,19.5,26.2401619,0.0293167215,-0.0123010064,1.51425247e-05,30,1.15799999,1
686103400106565,57242965,2458326.9336149348,58326.429652799998,16.9631729,0.0238576662,32768,zg,298.00376060000002,29.8706283,1.13,0.00100000005,20180727429641,686,0x3,0x4,19.5300007,26.0631866,0.0283774938,-0.0556096025,1.42328909e-05,30,1.25199997,1
686103400106565,57444796,2458328.9519329011,58328.447962999999,16.907608,0.023572579,32768,zg,298.00374749999997,29.870624500000002,0.337000012,-0.00800000038,20180729447940,686,0x3,0x4,18.4099998,25.5224648,0.0894856378,-0.0394891128,0.000267528056,30,1.38900006,1
686103400106565,57541554,2458329.9195161164,58329.415544000003,17.0216751,0.0241722986,0,zg,298.00375889999998,29.870629399999999,0.763999999,-0.0350000001,20180730415521,686,0x3,0x4,20.1100006,26.2198982,0.0234869719,-0.045888219,1.01647156e-05,30,1.22399998,1
686103400106565,57628902,2458330.7930010813,58330.289027799998,17.0607948,0.024391355,0,zg,298.00373660000002,29.870622000000001,1.222,0.0390000008,20180731289005,686,0x3,0x4,20.1900005,26.2540684,0.0234237891,-0.0285490621,9.8745395e-06,30,1.00100005,1
686103400106565,57729885,2458331.8028277555,58331.298854200002,16.9846764,0.0239715464,0,zg,298.00377759999998,29.870628,0.351000011,0.00300000003,20180801298727,686,0x3,0x4,20.75,26.2945805,0.0174448136,-0.0582647137,5.72105409e-06,30,1.00100005,1
686103400106565,57823820,2458332.7421788196,58332.238206000002,16.9824944,0.0239599012,0,zg,298.00375389999999,29.870623500000001,0.226999998,-0.0219999999,20180802238194,686,0x3,0x4,21.3999996,26.2994137,0.0175278205,-0.0537265278,5.65104529e-06,30,1.03900003,1
686103400106565,58030501,2458334.8089794936,58334.305011600001,16.977478,0.0239332002,0,zg,298.00376030000001,29.870622699999998,0.819000006,0.050999999,20180804304965,686,0x3,0x4,21.2700005,26.329361,0.0183679983,-0.0567840971,6.29660781e-06,30,1.00600004,1
686103400106565,58227427,2458336.7782297209,58336.274270800001,16.9994965,0.0240512211,32768,zg,298.00376069999999,29.870627500000001,0.851999998,-0.0219999999,20180806274109,686,0x3,0x4,21.4099998,26.3936672,0.0179846454,-0.0519045852,5.94938092e-06,30,1,1
686103400106565,58337024,2458337.8741951869,58337.370243099998,17.0019608,0.0240645707,0,zg,298.00375539999999,29.8706365,0.632000029,-0.0209999997,20180807370243,686,0x3,0x4,21.25,26.315115,0.0169377234,-0.0427776277,5.29809176e-06,30,1.13600004,1
686103400106565,58437100,2458338.8749516448,58338.371006900001,17.0000267,0.0240540914,0,zg,298.00375409999998,29.870621,1.02400005,0.0160000008,20180808371007,686,0x3,0x4,21.2800007,26.2962112,0.017688958,-0.0505830534,5.74633714e-06,30,1.14699996,1
686103400106565,58634947,2458340.85340627,58340.349479199998,16.9773293,0.0239324085,32768,zg,298.00375910000002,29.870632499999999,0.884000003,-0.0500000007,20180810349479,686,0x3,0x4,20.4400005,25.4744034,0.0249955133,-0.0125334365,1.13421765e-05,30,1.09899998,1
686103400106565,58930585,2458343.8097493416,58343.305856500003,17.0045662,0.0240787044,0,zg,298.00375659999997,29.870626999999999,1.18599999,-0.057,20180813305845,686,0x3,0x4,21.3799992,26.3206997,0.0179608762,-0.0531525612,5.89176489e-06,30,1.02999997,1
686103400106565,59034155,2458344.8454295252,58344.341550899997,16.9973679,0.0240397211,0,zg,298.00377159999999,29.8706298,0.825999975,0.0140000004,20180814341528,686,0x3,0x4,21.4099998,26.2951546,0.018680755,-0.0599754937,6.59661828e-06,30,1.10699999,1
686103400106565,59131142,2458345.8152879113,58345.311423599996,16.9977646,0.024041865,0,zg,298.00374900000003,29.870636300000001,0.89200002,0.0839999989,20180815311400,686,0x3,0x4,21.2399998,26.2739162,0.019544879,-0.0392418914,7.01021418e-06,30,1.04700005,1
686103400106565,59231952,2458346.8233738667,58346.319525500003,16.9904709,0.0240025837,0,zg,298.00375330000003,29.8706301,0.763999999,-0.0289999992,20180816319514,686,0x3,0x4,21.2900009,26.2485504,0.0236937478,-0.0396956876,1.04219171e-05,30,1.06799996,1
686103400106565,59434934,2458348.8531533252,58348.349340300003,17.0193634,0.0241595767,0,zg,298.0037418,29.870635400000001,1.29799998,-0.0949999988,20180818349329,686,0x3,0x4,21.2700005,26.2802258,0.0206326395,-0.0394567102,7.84495933e-06,30,1.16700006,1
686103400106565,59536908,2458349.8728792528,58349.369085600003,17.0093422,0.0241047014,0,zg,298.00376840000001,29.870624400000001,0.606999993,-0.0549999997,20180819369062,686,0x3,0x4,21.3999996,26.284071,0.0177688226,-0.0572478101,5.79082462e-06,30,1.26400006,1
686103400106565,59633971,2458350.8434848515,58350.339710599997,16.9908829,0.0240047984,0,zg,298.00376210000002,29.870622600000001,1.09899998,-0.0120000001,20180820339699,686,0x3,0x4,21.3099995,26.3035984,0.0207387879,-0.0468840189,8.10321399e-06,30,1.153,1
686103400106565,59730437,2458351.8081290117,58351.304375,16.9843578,0.0239698458,32768,zg,298.00373159999998,29.870613200000001,4.4829998,-0.291999996,20180821304375,686,0x3,0x4,20.25,26.31213,0.0373578556,0.00449931249,2.54539755e-05,30,1.06500006,1
686103400106565,59834105,2458352.8447843627,58352.341053199998,17.0168304,0.0241456628,0,zg,298.00376990000001,29.870643399999999,0.935000002,0.00499999989,20180822341042,686,0x3,0x4,20.2800007,26.2693958,0.0209419876,-0.0288569853,7.91721141e-06,30,1.17700005,1
686103400106565,60616896,2458360.672494119,58360.168969899998,17.0020142,0.0240648538,0,zg,298.00376419999998,29.870628499999999,1.21099997,0.0109999999,20180830168912,686,0x3,0x4,21.3700008,26.3838406,0.018075496,-0.0504801981,6.09048811e-06,30,1.028,1
686103400106565,60721049,2458361.7139898771,58361.210497699998,17.0072861,0.0240934957,32768,zg,298.0037701,29.870631599999999,1.45299995,0.00700000022,20180831210451,686,0x3,0x4,21.0100002,26.4021606,0.0221028961,-0.0296983607,9.06551395e-06,30,1,1
686103400106565,60822534,2458362.7288071509,58362.225347200001,17.0000839,0.0240544006,0,zg,298.00375600000001,29.8706295,0.787,-0.064000003,20180901225289,686,0x3,0x4,21.2299995,26.3838825,0.0191022214,-0.0492916703,6.73393197e-06,30,1.00399995,1
686103400106565,60919369,2458363.6971203946,58363.193692100001,16.9810715,0.0239523146,0,zg,298.00375580000002,29.870631199999998,0.666000009,-0.0179999992,20180902193692,686,0x3,0x4,21.0200005,26.1928253,0.0243299622,-0.0440099798,1.12787284e-05,30,1.00199997,1
686103400106565,61023270,2458364.7361016441,58364.232708299998,16.9957542,0.0240310114,0,zg,298.0037519,29.8706271,1.12899995,0.0199999996,20180903232697,686,0x3,0x4,21.4099998,26.3375549,0.0197377447,-0.0473932438,7.20662683e-06,30,1.01300001,1
686103400106565,61127949,2458365.7828477998,58365.279490699999,16.9910259,0.0240055677,0,zg,298.00376369999998,29.870621199999999,0.663999975,-0.0140000004,20180904279433,686,0x3,0x4,21.2999992,26.3157387,0.0180245694,-0.0544466302,6.1195733e-06,30,1.09399998,1
686103400106565,61223157,2458366.7348973895,58366.231574099998,17.0023041,0.0240664314,0,zg,298.00376770000003,29.8706344,0.453999996,0.0350000001,20180905231574,686,0x3,0x4,21.3700008,26.3711376,0.0229056533,-0.0495522618,9.8684086e-06,30,1.01699996,1
686103400106565,61325234,2458367.7556355917,58367.252349499999,17.0228081,0.0241785478,0,zg,298.00376720000003,29.8706323,0.853999972,-0.0729999989,20180906252338,686,0x3,0x4,21.4300003,26.3676453,0.016436968,-0.0821549669,5.03902766e-06,30,1.04799998,1
686103400106565,61425497,2458368.7582255416,58368.254976900003,16.9975166,0.0240405258,0,zg,298.00376299999999,29.870624500000002,0.370999992,-0.00300000003,20180907254907,686,0x3,0x4,21.4400005,26.38027,0.0161930677,-0.0781622604,4.91099809e-06,30,1.05799997,1
686103400106565,61526898,2458369.7721913443,58369.268981499998,17.0009804,0.0240592565,0,zg,298.0037585,29.870625499999999,1.20599997,-0.100000001,20180908268982,686,0x3,0x4,21.5200005,26.3587074,0.0165824518,-0.0694318563,5.10549216e-06,30,1.09500003,1
686103400106565,61624633,2458370.7495026076,58370.246331000002,17.0262184,0.0241973754,0,zg,298.00377079999998,29.870621799999999,0.640999973,-0.0419999994,20180909246319,686,0x3,0x4,21.2999992,26.3721657,0.016581377,-0.0702111721,5.14973954e-06,30,1.05200005,1
686103400106565,61726999,2458371.773130639,58371.269999999997,17.034214,0.0242417436,0,zg,298.00376920000002,29.8706353,1.08000004,-0.0280000009,20180910269942,686,0x3,0x4,21.3600006,26.3810673,0.0171428751,-0.0627198145,5.46329284e-06,30,1.11199999,1
686103400106565,61825846,2458372.7615508414,58372.258460600002,17.0051003,0.0240816046,0,zg,298.00376240000003,29.870635100000001,0.755999982,-0.0209999997,20180911258449,686,0x3,0x4,21.1900005,26.3800182,0.0177363232,-0.065386571,5.79937705e-06,30,1.08899999,1
686103400106565,61925828,2458373.7613355299,58373.258286999997,17.0248375,0.0241897441,0,zg,298.00376269999998,29.8706274,0.782000005,-0.0689999983,20180912258275,686,0x3,0x4,21.3799992,26.3977299,0.0218680054,-0.0767501667,9.07824233e-06,30,1.09500003,1
686103400106565,62025190,2458374.7549159527,58374.251909699997,17.0068016,0.0240908563,0,zg,298.00375459999998,29.870636099999999,0.651000023,-0.0199999996,20180913251910,686,0x3,0x4,21.2600002,26.3667259,0.016537251,-0.0574148074,4.93356447e-06,30,1.08599997,1
686103400106565,62123259,2458375.7355563371,58375.232592599998,17.0302505,0.0242197141,0,zg,298.00376419999998,29.870638400000001,0.861000001,-0.0280000009,20180914232581,686,0x3,0x4,21.4599991,26.4201393,0.0187038109,-0.0863707736,6.49248659e-06,30,1.05200005,1
686103400106565,62223251,2458376.7354311771,58376.232511599999,17.0014248,0.0240616631,0,zg,298.00376929999999,29.870633399999999,0.952000022,-0.0450000018,20180915232500,686,0x3,0x4,21.4200001,26.3971958,0.016134819,-0.0748673975,4.80458993e-06,30,1.05599999,1
686103400106565,62323333,2458377.7362078796,58377.233333299999,17.0084038,0.0240995809,0,zg,298.00376130000001,29.8706262,1.10500002,-0.0260000005,20180916233322,686,0x3,0x4,21.2700005,26.3782005,0.0175663624,-0.0791225061,5.78247273e-06,30,1.06299996,1
686103400106565,62430366,2458378.8064945424,58378.303669000001,17.0224686,0.024176674,0,zg,298.00376790000001,29.870636900000001,0.851999998,-0.0160000008,20180917303669,686,0x3,0x4,21.0799999,26.3511677,0.0168633573,-0.0865429491,5.4283455e-06,30,1.33500004,1
686103400106565,62516932,2458379.6721140421,58379.169328700002,17.0407715,0.0242783464,0,zg,298.00375830000002,29.870624400000001,1.02400005,-0.0489999987,20180918169259,686,0x3,0x4,21.0100002,26.3987522,0.0173940938,-0.0763710663,5.66293329e-06,30,1.00100005,1
686103400106565,62617501,2458380.6777494531,58380.175011599997,17.0103588,0.0241102427,0,zg,298.00376060000002,29.870612099999999,0.833999991,-0.0540000014,20180919174954,686,0x3,0x4,20.7099991,26.4538212,0.0212826841,-0.110695541,8.6382106e-06,30,1.00399995,1
686103400106565,62723162,2458381.7343075313,58381.231620400002,17.0409107,0.024279125,0,zg,298.00375739999998,29.870624299999999,0.907000005,-0.0240000002,20180920231609,686,0x3,0x4,20.6299992,26.3426094,0.0172708612,-0.0892370567,5.59717864e-06,30,1.08299994,1
686103400106565,62818945,2458382.6920964816,58382.189456,17.0090008,0.024102835,0,zg,298.00376979999999,29.870616999999999,0.97299999,-0.0140000004,20180921189444,686,0x3,0x4,20.6700001,26.3485413,0.0171139669,-0.0707976148,5.48794469e-06,30,1.01800001,1
686103400106565,62919109,2458383.6936904755,58383.1910995,17.0257683,0.0241948906,0,zg,298.00373350000001,29.870607499999998,1.29200006,-0.0689999983,20180922191053,686,0x3,0x4,20.0400009,26.3013458,0.0235794093,-0.0520913228,1.01052256e-05,30,1.023,1
686103400106565,63024956,2458384.7520980733,58384.249560199998,17.014904,0.0241350979,0,zg,298.0037719,29.870609300000002,0.545000017,-0.0140000004,20180923249560,686,0x3,0x4,20.1800003,26.2404461,0.0187725052,-0.0675423592,6.71953148e-06,30,1.15900004,1
686103400106565,63215221,2458386.6546511743,58386.152210599997,17.0216827,0.0241723452,0,zg,298.0037585,29.870618700000001,0.643999994,-0.0359999985,20180925152164,686,0x3,0x4,20.3899994,26.3652172,0.0192493238,-0.0863576904,6.8826771e-06,30,1.00100005,1
686103400106565,63317153,2458387.673926834,58387.171539399998,17.0098476,0.0241074581,0,zg,298.00375919999999,29.870614700000001,0.680999994,-0.0610000007,20180926171528,686,0x3,0x4,20.5499992,26.3403893,0.0186968781,-0.0591005273,6.74154944e-06,30,1.01400006,1
686103400106565,63516388,2458389.6661705417,58389.163888900002,17.0255718,0.0241938047,0,zg,298.00373409999997,29.870618100000002,0.651000023,-0.00499999989,20180928163843,686,0x3,0x4,21.0300007,26.3800201,0.0182557087,-0.0841062963,6.24328095e-06,30,1.01199996,1
686103400106565,63615282,2458390.6550523126,58390.152824099998,17.0134354,0.0241270587,0,zg,298.00376319999998,29.8706183,0.704999983,-0.0109999999,20180929152292,686,0x3,0x4,21.6200008,26.4168415,0.0162198637,-0.083387889,5.00838405e-06,30,1.00600004,1
686103400106565,67116114,2458425.6612221068,58425.161145799997,17.0453281,0.0243039001,32768,zg,298.00373330000002,29.8706198,0.702000022,-0.0379999988,20181103161134,686,0x3,0x4,19.7900009,25.4637775,0.0475326404,-0.0978024974,4.17433366e-05,30,1.26199996,1
686103400106565,67216416,2458426.6641779486,58426.1641667,17.0516663,0.024339607,0,zg,298.00373869999999,29.870633000000002,1.46599996,0.0170000009,20181104164167,686,0x3,0x4,20.5699997,26.0251293,0.0206247848,-0.122263096,7.95850883e-06,30,1.29200006,1
686103400106565,67316000,2458427.6599467089,58427.160000000003,17.0146141,0.0241335109,32768,zg,298.00377049999997,29.870607799999998,1.01199996,-0.00400000019,20181105159988,686,0x3,0x4,19.7399998,25.6659241,0.0507303551,-0.0966239721,4.77767571e-05,30,1.28400004,1
686103400106565,67415386,2458428.6537480615,58428.153865699998,17.019352,0.0241595116,0,zg,298.00375980000001,29.870622099999999,0.70599997,-0.0520000011,20181106153854,686,0x3,0x4,21.0799999,26.3355923,0.0175629687,-0.0713731423,5.74724891e-06,30,1.26600003,1
686103400106565,67516222,2458429.6620393526,58429.162222200001,17.0371132,0.0242579039,0,zg,298.00376060000002,29.870614400000001,0.501999974,-0.00300000003,20181107162211,686,0x3,0x4,21.1299992,26.3204288,0.016563205,-0.0712890178,5.06036577e-06,30,1.32700002,1
686103400106565,67613916,2458430.6389208073,58430.139166699999,17.0097275,0.0241068006,0,zg,298.00376929999999,29.870617800000002,1.153,-0.0280000009,20181108139120,686,0x3,0x4,21.3299999,26.3618984,0.0164343975,-0.0797928944,4.89204785e-06,30,1.22300005,1
686103400106565,67709726,2458431.5969609041,58431.097268500002,17.0647945,0.0244141556,0,zg,298.00374920000002,29.870617500000002,1.46899998,0,20181109097211,686,0x3,0x4,20.3799992,26.348278,0.0270044859,-0.0859088823,1.39322165e-05,30,1.09000003,1
686103400106565,67815276,2458432.652390724,58432.152766200001,17.0200539,0.0241633728,0,zg,298.00377580000003,29.870624599999999,0.514999986,-0.00499999989,20181110152755,686,0x3,0x4,20.3799992,26.3273716,0.0216617808,-0.0938546062,8.83655684e-06,30,1.32000005,1
686103400106565,67914186,2458433.6414245293,58433.1418634,16.9906178,0.0240033716,32768,zg,298.00377379999998,29.870621,1.08399999,-0.0289999992,20181111141817,686,0x3,0x4,19.9599991,25.6507835,0.0259739347,-0.0419629589,1.27571948e-05,30,1.27499998,1
686103400106565,68013652,2458434.6360253599,58434.136527800001,17.0082741,0.0240988806,0,zg,298.00375450000001,29.870599899999998,1.20200002,-0.0219999999,20181112136516,686,0x3,0x4,20.1900005,26.2735844,0.0231503956,-0.0671302006,1.02902277e-05,30,1.26199996,1
686103400106565,68113074,2458435.6301749325,58435.130740699999,17.0547447,0.0243570153,0,zg,298.00377179999998,29.870593299999999,0.593999982,0.0140000004,20181113130741,686,0x3,0x4,19.6000004,26.3331966,0.0370154046,-0.0844265446,2.77803429e-05,30,1.24699998,1
686103400106565,68215842,2458436.6577948602,58436.158425900001,16.9339504,0.0237061046,32768,zg,298.00343459999999,29.870647300000002,1.38399994,0.0610000007,20181114158391,686,0x3,0x4,18.9200001,26.3049355,0.0632516444,-0.0710356906,8.56498154e-05,30,1.42900002,1
686103400106565,71511949,2458469.6170172859,58469.119490700003,16.9906578,0.0240035877,32768,zg,298.00373380000002,29.870633099999999,0.514999986,0.0179999992,20181217119491,686,0x3,0x4,19.6800003,25.8978462,0.0301127695,-0.0629272684,1.62205833e-05,30,2.01399994,1
686103400106565,80448857,2458558.9861835116,58558.488576399999,17.0313301,0.0242257025,32768,zg,298.00347369999997,29.8707596,1.16600001,0.0359999985,20190316488576,686,0x3,0x4,20.0400009,26.3435383,0.0372830294,-0.170029417,2.75154871e-05,30,1.68799996,1
686103400106565,81445478,2458568.9528831993,58568.454780100001,16.9765167,0.0239281002,32768,zg,298.0037562,29.8706186,0.423000008,-0.00200000009,20190326454768,686,0x3,0x4,19.8400002,25.6855679,0.0341587327,-0.0539037287,2.09201844e-05,30,1.76600003,1
686103400106565,82051690,2458575.0153456409,58574.516909700003,16.9436493,0.023756003,32768,zg,298.00378940000002,29.8706034,0.66900003,-0.0399999991,20190401516910,686,0x3,0x4,19.1900005,24.835434,0.0589639358,-0.0698520616,6.61179656e-05,30,1.19000006,1
686103400106565,82151453,2458576.0130296391,58575.514537000003,16.9832058,0.0239636973,32768,zg,298.0037949,29.870598999999999,0.709999979,-0.0540000014,20190402514514,686,0x3,0x4,18.8600006,24.193264,0.0600537546,-0.0489677489,7.41733602e-05,30,1.18799996,1
686103400106565,82749185,2458581.9906940856,58581.491851899998,17.0209656,0.0241683926,0,zg,298.0037572,29.8706076,0.84799999,-0.0399999991,20190408491829,686,0x3,0x4,20.6200008,25.8419018,0.0208718255,-0.0707006156,7.88773013e-06,30,1.21399999,1
686103400106565,82849506,2458582.9939717343,58582.4950694,17.0019112,0.0240642987,0,zg,298.00376160000002,29.870612600000001,0.391000003,-0.0240000002,20190409495069,686,0x3,0x4,21.1299992,26.2467365,0.0179711822,-0.0582984835,5.9369454e-06,30,1.19000006,1
686103400106565,83048634,2458584.9853654015,58584.486342600001,17.0415974,0.0242829695,0,zg,298.00375179999997,29.870610299999999,0.700999975,-0.0240000002,20190411486343,686,0x3,0x4,20.7900009,26.2897625,0.0185908452,-0.0882482976,6.11073119e-06,30,1.20299995,1
686103400106565,83246221,2458586.9613542287,58586.462210600002,17.0184097,0.0241543334,0,zg,298.00375930000001,29.8706186,0.716000021,-0.00600000005,20190413462211,686,0x3,0x4,21.0599995,26.2815189,0.0205410272,-0.0747478679,7.80086793e-06,30,1.29100001,1
686103400106565,83349685,2458587.9960593046,58587.496851900003,17.032795,0.0242338441,0,zg,298.0037461,29.8706268,0.902999997,0.00899999961,20190414496840,686,0x3,0x4,20.4500008,25.8878975,0.028267866,-0.125818565,1.49317375e-05,30,1.13499999,1
686103400106565,84634936,2458600.8502492756,58600.349363399997,17.012558,0.0241222568,0,zg,298.00375400000001,29.8706341,0.966000021,-0.0260000005,20190427349329,686,0x3,0x4,21.8700008,28.1433239,0.0156453773,-0.07119333,4.52838322e-06,180,2.03500009,2
686103400106565,84649776,2458600.9983144528,58600.497766200002,17.0295143,0.0242156275,0,zg,298.00376510000001,29.870624100000001,0.873000026,-0.0549999997,20190427497639,686,0x3,0x4,21.5799999,27.8365459,0.0159286987,-0.077262044,4.712399e-06,120,1.04799998,2
686103400106565,85149587,2458605.9962265715,58605.495879599999,17.008091,0.0240978785,0,zg,298.00375200000002,29.8706274,0.808000028,0.0140000004,20190502495845,686,0x3,0x4,20.7399998,26.1916885,0.0177583899,-0.0828732848,5.91341995e-06,30,1.02999997,1
686103400106565,85247328,2458606.9736963888,58606.473287000001,17.0161476,0.0241419151,0,zg,298.00374699999998,29.870630500000001,0.841000021,-0.00999999978,20190503473287,686,0x3,0x4,21.6200008,26.3417549,0.0169236585,-0.0893960744,5.24921734e-06,30,1.06299996,1
686103400106565,85445131,2458608.9518548953,58608.451319400003,17.0447693,0.0243007597,0,zg,298.00376510000001,29.870621499999999,0.674000025,-0.0130000003,20190505451319,686,0x3,0x4,21.1900005,26.1963844,0.0167382881,-0.107744269,5.34211085e-06,30,1.10099995,1
686103400106565,86345664,2458617.9577457197,58617.456643500002,17.0286694,0.0242109429,0,zg,298.0037595,29.870620599999999,0.58099997,-0.023,20190514456632,686,0x3,0x4,21.6200008,26.2911587,0.0167019218,-0.0689277798,5.06687138e-06,30,1.03900003,1
686103400106565,87348218,2458627.9838945344,58627.482187499998,17.0253487,0.0241925716,0,zg,298.00375759999997,29.870622000000001,1.27199996,-0.0309999995,20190524482106,686,0x3,0x4,20.7000008,26.3222485,0.01678803,-0.0829275995,5.00712713e-06,30,1,1
686103400106565,87843671,2458632.9387039249,58632.436713000003,17.0271225,0.0242023785,0,zg,298.0037567,29.870610899999999,0.646000028,-0.0410000011,20190529436713,686,0x3,0x4,21.3099995,26.2888145,0.0149426218,-0.0656884834,4.15839304e-06,30,1.01400006,1
686103400106565,87944493,2458633.9469778179,58633.444930600002,17.0348778,0.0242454372,0,zg,298.00376160000002,29.870614700000001,0.912,-0.0489999987,20190530444873,686,0x3,0x4,21.4200001,26.3075752,0.0166497044,-0.0959995016,5.28677492e-06,30,1.00600004,1
686103400106565,88044930,2458634.9514083592,58634.449305599999,17.0272179,0.0242029075,0,zg,298.0037542,29.870622300000001,0.629999995,-0.0309999995,20190531449306,686,0x3,0x4,21.7199993,26.3168163,0.0181261003,-0.0876238197,6.32565207e-06,30,1.00300002,1
686103400106565,88147799,2458635.98015677,58635.4779977,17.0194168,0.024159871,0,zg,298.00376699999998,29.870626699999999,0.83099997,-0.023,20190601477940,686,0x3,0x4,20.8899994,26.3030357,0.0187392663,-0.0868048742,6.48530477e-06,30,1.00399995,1
686103400106565,88544170,2458639.9440717059,58639.441701399999,17.0365086,0.0242545251,0,zg,298.00376799999998,29.870617299999999,0.713,-0.0469999984,20190605441644,686,0x3,0x4,21.6399994,26.3488274,0.0169503987,-0.093064487,5.27235852e-06,30,1.00100005,1
686103400106565,88637059,2458640.8730086978,58640.370590300001,16.9927444,0.0240148008,0,zg,298.00376390000002,29.870615000000001,0.720000029,-0.0379999988,20190606370590,686,0x3,0x4,21.5,26.2877769,0.0166013669,-0.0650621727,5.16304044e-06,30,1.08399999,1
686103400106565,88742109,2458641.9235716579,58641.421099500003,17.0291748,0.0242137443,0,zg,298.00376610000001,29.870616999999999,0.998000026,-0.0260000005,20190607421100,686,0x3,0x4,21.5599995,26.3645,0.019154761,-0.0983273163,6.93612583e-06,30,1.00699997,1
686103400106565,88840291,2458642.905438426,58642.402916699997,17.0685863,0.0244358424,32768,zg,298.0037777,29.870629999999998,1.04999995,-0.0109999999,20190608402917,686,0x3,0x4,21.3899994,26.4311771,0.0186069869,-0.145298809,6.51940945e-06,30,1.01999998,1
686103400106565,89042481,2458644.9274365697,58644.424814799997,17.0091496,0.0241036471,0,zg,298.00376779999999,29.870618799999999,0.632000029,-0.0579999983,20190610424815,686,0x3,0x4,21.4200001,26.3282852,0.0181624666,-0.0744252726,6.24194809e-06,30,1.00199997,1
686103400106565,89144668,2458645.9493610528,58645.446689800003,17.0512829,0.0243374389,0,zg,298.0037595,29.870615900000001,1.50300002,-0.0379999988,20190611446620,686,0x3,0x4,21.2999992,26.3465939,0.0182013065,-0.109649278,6.25343773e-06,30,1.00300002,1
686103400106565,89240792,2458646.9106453229,58646.407928200002,16.9833488,0.0239644609,32768,zg,298.0037648,29.870611499999999,0.839999974,-0.0649999976,20190612407917,686,0x3,0x4,20.9300003,25.8583679,0.0220911354,-0.0615944415,9.20499588e-06,30,1.00699997,1
686103400106565,89337937,2458647.8821377982,58647.379374999997,17.0321426,0.0242302213,0,zg,298.00377359999999,29.870617200000002,0.839999974,-0.0529999994,20190613379363,686,0x3,0x4,20.6700001,26.3517857,0.0182058606,-0.100453354,6.20426317e-06,30,1.03199995,1
686103400106565,89646208,2458650.9649864426,58650.462083300001,17.033844,0.0242396817,0,zg,298.00377109999999,29.8706152,0.545000017,0.0219999999,20190616462072,686,0x3,0x4,20.3899994,26.3052082,0.0194959305,-0.0781187937,7.06419132e-06,30,1.02600002,1
686103400106565,89847927,2458652.9822618463,58652.479270800002,17.0473919,0.0243155044,0,zg,298.00377099999997,29.870608199999999,0.870000005,-0.0240000002,20190618479259,686,0x3,0x4,20.0300007,26.269783,0.0228715409,-0.077601634,9.97741063e-06,30,1.06200004,1
686103400106565,89936238,2458653.865412835,58653.362384300002,17.0329247,0.0242345668,0,zg,298.00376169999998,29.8706107,0.540000021,-0.0170000009,20190619362373,686,0x3,0x4,20.1599998,26.2842941,0.0202574637,-0.0855258778,7.68098198e-06,30,1.03299999,1
686103400106565,90031585,2458654.8189247809,58654.315856499998,17.0392151,0.0242696423,0,zg,298.00374929999998,29.8706225,0.500999987,-0.0270000007,20190620315845,686,0x3,0x4,20.2999992,26.2636738,0.0201802216,-0.0840816125,7.83147516e-06,30,1.12899995,1
686103400106565,90129158,2458655.7946937988,58655.291585600004,17.0189877,0.0241575111,0,zg,298.00375289999999,29.870625199999999,0.657999992,-0.00700000022,20190621291574,686,0x3,0x4,19.9400005,26.2880898,0.0222682972,-0.0691370293,9.66387233e-06,30,1.20700002,1
686103400106565,90445494,2458658.9581743563,58658.454942099997,17.0101357,0.0241090246,0,zg,298.00375659999997,29.8706216,0.689999998,-0.0309999995,20190624454931,686,0x3,0x4,21.0900002,26.3374386,0.0189073943,-0.0795993879,6.93564925e-06,30,1.04799998,1
686103400106565,90635015,2458660.8534529777,58660.350150500002,17.022768,0.0241783224,0,zg,298.0037567,29.870615099999998,0.742999971,0.0120000001,20190626350116,686,0x3,0x4,21.6900005,26.3589821,0.0192569532,-0.0852538943,7.11829807e-06,30,1.02400005,1
686103400106565,90745390,2458661.9572424092,58661.453900499997,16.9986115,0.0240464378,0,zg,298.00376540000002,29.870616900000002,0.579999983,-0.00999999978,20190627453889,686,0x3,0x4,21.0200005,26.3269062,0.0192507915,-0.0701877028,7.16435261e-06,30,1.06099999,1
686103400106565,90843180,2458662.9351815544,58662.431805599997,17.0376015,0.0242606252,32768,zg,298.00377350000002,29.870611,2.48000002,-0.0979999974,20190628431794,686,0x3,0x4,21.1200008,26.5818844,0.0402141102,-0.0974152982,3.06562179e-05,30,1.02900004,1
686103400106565,90945517,2458663.9585842378,58663.455173599999,17.0126019,0.0241224989,0,zg,298.00376590000002,29.870625799999999,0.602999985,-0.0120000001,20190629455162,686,0x3,0x4,20.9599991,26.0851002,0.0174349267,-0.0818807855,5.98924453e-06,30,1.07500005,1
686103400106565,91124451,2458665.7479828545,58665.244513899997,17.0313873,0.024226021,0,zg,298.00375530000002,29.870630299999998,0.389999986,-0.0350000001,20190701244502,686,0x3,0x4,21.3500004,26.3084221,0.0163375046,-0.0832615867,5.16867249e-06,30,1.30200005,1
686103400106565,91246623,2458666.9697455196,58666.466238399997,17.0295601,0.0242158864,0,zg,298.00376499999999,29.870621499999999,0.972000003,-0.0329999998,20190702466169,686,0x3,0x4,21.2399998,26.3267956,0.0159711875,-0.0880068392,4.87826128e-06,30,1.125,1
686103400106565,91342418,2458667.9277258543,58667.424189799996,17.0492859,0.0243261736,0,zg,298.0037663,29.870631700000001,0.954999983,-0.0450000018,20190703424178,686,0x3,0x4,21.4200001,26.4038944,0.0174905192,-0.110660471,5.76363936e-06,30,1.03799999,1
686103400106565,91430370,2458668.807265528,58668.303703700003,17.0466805,0.0243115015,0,zg,298.00377300000002,29.870623399999999,0.660000026,-0.0250000004,20190704303681,686,0x3,0x4,21.2099991,26.386282,0.0202106256,-0.122099966,7.64833203e-06,30,1.06299996,1
686103400106565,91544587,2458669.9494737894,58669.445879600004,17.0248127,0.0241896082,0,zg,298.00377839999999,29.8706222,0.930999994,-0.0199999996,20190705445868,686,0x3,0x4,21.4099998,26.3384876,0.0173534639,-0.0889011398,5.48150228e-06,30,1.09099996,1
686103400106565,91642212,2458670.9257504642,58670.422129600003,16.9989147,0.0240480751,0,zg,298.00377359999999,29.870611700000001,0.27700001,-0.00300000003,20190706422118,686,0x3,0x4,21.4599991,26.317421,0.0193910245,-0.0729437321,6.99985412e-06,30,1.04799998,1
686103400106565,91833943,2458672.843103427,58672.3394329,17.0491924,0.0243256446,0,zg,298.0037686,29.870622900000001,0.745999992,-0.00999999978,20190708339352,686,0x3,0x4,21.4799995,26.3697662,0.0174591523,-0.118513308,5.76011917e-06,30,1.005,1
686103400106565,92043212,2458674.9358501565,58674.432129599998,17.0277271,0.0242057256,0,zg,298.00376160000002,29.8706192,0.763999999,-0.0649999976,20190710432130,686,0x3,0x4,21.4699993,26.3332481,0.0167440213,-0.0785325617,5.22586515e-06,30,1.09099996,1
686103400106565,92534278,2458679.8466101666,58679.342789399998,17.0303555,0.0242202953,0,zg,298.00377709999998,29.870615999999998,0.286000013,-0.00700000022,20190715342755,686,0x3,0x4,20.3600006,26.3448448,0.019325627,-0.0900328979,7.20422486e-06,30,1,1
686103400106565,92644959,2458680.9534348194,58680.449594899997,17.0069084,0.0240914393,0,zg,298.00373760000002,29.8706207,0.670000017,-0.0379999988,20190716449595,686,0x3,0x4,19.7299995,26.2973461,0.0272040199,-0.0884579644,1.40634693e-05,30,1.20099998,1
686103400106565,92722518,2458681.7290378241,58681.225185199997,17.0401115,0.0242746547,0,zg,298.00375309999998,29.870620899999999,0.519999981,-0.00899999961,20190717225174,686,0x3,0x4,19.8799992,26.3045597,0.0229213871,-0.0810182691,9.95722257e-06,30,1.18799996,1
686103400106565,92822317,2458682.7270393549,58682.2231713,17.0214005,0.024170788,0,zg,298.00375380000003,29.870628100000001,0.890999973,-0.0820000023,20190718223171,686,0x3,0x4,20.3799992,26.2878494,0.018871244,-0.0717170313,6.65183688e-06,30,1.18499994,1
686103400106565,92928915,2458683.7930385317,58683.289155099999,17.0163231,0.0241428819,32768,zg,298.00373509999997,29.870631400000001,0.50999999,-0.00100000005,20190719289039,686,0x3,0x4,19.5400009,25.7738419,0.0730677024,-0.0882840306,9.90483895e-05,30,1.02199996,1
686103400106565,93027893,2458684.7828318127,58684.278935200004,17.0830193,0.0245190132,32768,zg,298.00371009999998,29.870679599999999,0.535000026,-0.00300000003,20190720278831,686,0x3,0x4,19.9899998,26.4168396,0.0348813049,-0.182538733,2.39297424e-05,30,1.03199995,1
686103400106565,93137660,2458685.8805188416,58685.376608799997,17.031601,0.0242272131,0,zg,298.00376080000001,29.870622300000001,1.15100002,-0.00200000009,20190721376551,686,0x3,0x4,20.5799999,26.3811626,0.021060545,-0.120596111,8.55765575e-06,30,1.03999996,1
686103400106565,93630085,2458690.8048111415,58690.300856499998,17.038269,0.0242643524,0,zg,298.00377539999999,29.870622399999998,1.54499996,-0.0480000004,20190726300833,686,0x3,0x4,21.3700008,26.3328457,0.0194690302,-0.124281742,7.16706609e-06,30,1.00100005,1
686103400106565,93731583,2458691.8197939247,58691.315833300003,17.0528679,0.0243463982,0,zg,298.0037375,29.8706095,0.941999972,-0.0460000001,20190727315810,686,0x3,0x4,21.5400009,26.299572,0.018505333,-0.0842196494,6.60258092e-06,30,1.00100005,1
686103400106565,93930601,2458693.8099876461,58693.306018499999,17.0400944,0.024274556,0,zg,298.00375150000002,29.870621,0.546999991,0.00700000022,20190729305984,686,0x3,0x4,21.2900009,26.3377609,0.017810408,-0.0920493454,5.97274584e-06,30,1,1
686103400106565,94031827,2458694.8222473427,58694.318275500002,17.0390472,0.0242687017,0,zg,298.003758,29.870623599999998,0.635999978,-0.0309999995,20190730318264,686,0x3,0x4,21.6499996,26.353653,0.0172308106,-0.085213013,5.58577085e-06,30,1.005,1
686103400106565,94131962,2458695.8236030224,58695.319629600002,17.0225563,0.0241771527,0,zg,298.00377029999999,29.870623399999999,1.05400002,-0.0209999997,20190731319549,686,0x3,0x4,21.3899994,26.3270073,0.018025279,-0.0997811854,6.0301868e-06,30,1.00800002,1
686103400106565,94232078,2458696.8247609171,58696.320786999997,17.0403175,0.0242758095,0,zg,298.00375789999998,29.8706298,1.02100003,0.00700000022,20190801320706,686,0x3,0x4,21.4400005,26.3798904,0.019251883,-0.111358024,7.33585057e-06,30,1.00999999,1
686103400106565,94336151,2458697.8654894698,58697.361516199999,17.0475082,0.0243161619,0,zg,298.00377400000002,29.870619099999999,1.55700004,-0.0160000008,20190802361458,686,0x3,0x4,21.5,26.3641834,0.0203461703,-0.0976792648,7.73555348e-06,30,1.07299995,3
686103400106565,94336968,2458697.8736607558,58697.369687500002,17.0483818,0.0243210755,0,zg,298.0037648,29.870619300000001,0.83099997,-0.0199999996,20190802369641,686,0x3,0x4,21.5200005,26.3240681,0.0191626046,-0.0844373703,6.83266489e-06,30,1.09200001,3
686103400106565,94432271,2458698.8266915567,58698.322719900003,16.9614067,0.0238483995,32768,zg,298.00373150000001,29.870616800000001,0.92900002,0.0590000004,20190803322639,686,0x3,0x4,19.1900005,24.2827625,0.0811558217,-0.0926536992,0.000123805497,30,1.01699996,1
686103400106565,94532274,2458699.8267120053,58699.322743099998,17.0484467,0.0243214443,0,zg,298.00376399999999,29.870615399999998,1.13999999,-0.0240000002,20190804322662,686,0x3,0x4,21.3700008,26.3311634,0.0218167473,-0.096049279,9.08831316e-06,30,1.01999998,1
686103400106565,94535640,2458699.8603692809,58699.356400500001,17.0025444,0.0240677316,0,zg,298.00376230000001,29.870619000000001,0.77700001,0.0170000009,20190804356343,686,0x3,0x4,21.5100002,26.2730179,0.0204350967,-0.0663028359,7.84515032e-06,30,1.074,3
686103400106565,94536458,2458699.8685520501,58699.364583299997,17.0285988,0.0242105536,0,zg,298.00377500000002,29.870618100000002,0.848999977,-0.0359999985,20190804364525,686,0x3,0x4,21.4400005,26.2961979,0.0168647338,-0.0824016854,5.40598512e-06,30,1.09300005,3
686103400106565,94631930,2458700.8232706902,58700.319305600002,16.9980087,0.02404318,0,zg,298.00376219999998,29.870620299999999,0.532000005,-0.023,20190805319225,686,0x3,0x4,21.6399994,26.3394127,0.0220527966,-0.0745226145,9.26436951e-06,30,1.01900005,1
686103400106565,94635776,2458700.8617311069,58700.357766200003,17.0565491,0.0243672412,0,zg,298.00376679999999,29.870616200000001,2.35599995,-0.0140000004,20190805357708,686,0x3,0x4,21.2900009,26.3891602,0.0224867277,-0.129089519,9.52829851e-06,30,1.08299994,3
686103400106565,94636592,2458700.8698907671,58700.365925899998,17.0303173,0.0242200866,0,zg,298.00378210000002,29.870613500000001,1.37899995,0.0260000005,20190805365880,686,0x3,0x4,21.5100002,26.3338203,0.0216987412,-0.0961682647,8.90944466e-06,30,1.10300004,3
686103400106565,94732275,2458701.8267147681,58701.322754599998,17.0543022,0.02435451,32768,zg,298.00377479999997,29.8706073,1.39999998,-0.00400000019,20190806322685,686,0x3,0x4,21.4099998,26.3270168,0.0261385385,-0.116878204,1.30909484e-05,30,1.02600002,1
686103400106565,94735738,2458701.8613442644,58701.357384299998,17.0647469,0.0244138837,32768,zg,298.00380569999999,29.870616200000001,1.03299999,0.00999999978,20190806357326,686,0x3,0x4,20.8400002,26.0814629,0.0254038665,-0.139523387,1.22842412e-05,30,1.08899999,3
686103400106565,94736554,2458701.8695039134,58701.365544,17.0311546,0.0242247302,0,zg,298.00376499999999,29.870623500000001,0.606999993,-0.0500000007,20190806365486,686,0x3,0x4,21.4799995,26.2717457,0.0164001193,-0.0850977525,5.06904189e-06,30,1.11000001,3
686103400106565,94832188,2458702.8258407931,58702.321886600002,17.0960083,0.0245947167,32768,zg,298.00381390000001,29.870611400000001,1.08899999,-0.00499999989,20190807321817,686,0x3,0x4,21,26.3478928,0.0288162306,-0.163854793,1.58507792e-05,30,1.028,1
686103400106565,94836577,2458702.8697293838,58702.365775500002,17.0069008,0.0240914002,0,zg,298.00375489999999,29.870615099999998,1.03600001,-0.0359999985,20190807365718,686,0x3,0x4,21.3700008,26.1443596,0.0219616722,-0.0708369315,9.15248711e-06,30,1.11800003,3
686103400106565,94932226,2458703.8262156355,58703.3222685,17.0011482,0.0240601674,0,zg,298.00376979999999,29.870619600000001,1.38,0.00800000038,20190808322199,686,0x3,0x4,21.5400009,26.2956505,0.0201575235,-0.0753947273,7.64762444e-06,30,1.03199995,1
686103400106565,94935774,2458703.8616899494,58703.357743100001,17.0162659,0.0241425689,0,zg,298.0037777,29.8706256,1.14999998,-0.0160000008,20190808357697,686,0x3,0x4,21.2900009,26.2727852,0.0172339492,-0.0877351016,5.53515883e-06,30,1.10300004,3
686103400106565,94936589,2458703.8698379821,58703.365891200003,17.0200806,0.0241635237,0,zg,298.00375919999999,29.870626300000001,0.808000028,-0.0520000011,20190808365833,686,0x3,0x4,21.3799992,26.271637,0.0194406398,-0.084551312,6.98177382e-06,30,1.12699997,3
686103400106565,95031777,2458704.8217168543,58704.317777800003,17.0322857,0.0242310166,0,zg,298.00376519999998,29.870614700000001,0.833999991,-0.0960000008,20190809317708,686,0x3,0x4,20.9599991,26.2978573,0.0173393991,-0.0743739456,5.75740705e-06,30,1.02999997,1
686103400106565,95035778,2458704.8617280875,58704.357789399997,17.0335617,0.0242381096,0,zg,298.00375209999999,29.8706374,1.14100003,-0.00600000005,20190809357743,686,0x3,0x4,20.5799999,26.3070869,0.0207921807,-0.0816872567,8.2984634e-06,30,1.11099994,3
686103400106565,95036593,2458704.8698761109,58704.365937499999,17.0482826,0.0243205186,32768,zg,298.00372590000001,29.870633099999999,1.38600004,-0.0189999994,20190809365891,686,0x3,0x4,20.6100006,26.389883,0.0286701079,-0.140789449,1.56874867e-05,30,1.13499999,3
686103400106565,95123792,2458705.7418588372,58705.237928199997,17.1027641,0.0246344227,32768,zg,298.00365240000002,29.870741899999999,2.00300002,0.101999998,20190810237801,686,0x3,0x4,20.2000008,26.5336342,0.0346381143,-0.2048475,2.55442392e-05,30,1.01300001,1
686103400106565,95137968,2458705.8836167348,58705.379687499997,17.0224934,0.0241768137,0,zg,298.0037676,29.870624299999999,0.797999978,-0.0670000017,20190810379630,686,0x3,0x4,21.2999992,26.2830448,0.0165128913,-0.0760185644,5.16460113e-06,30,1.19400001,3
686103400106565,95138778,2458705.8917185497,58705.387789400003,17.0413284,0.0242814664,0,zg,298.00376879999999,29.870616699999999,0.754999995,-0.00200000009,20190810387731,686,0x3,0x4,21.0100002,26.3039875,0.020773707,-0.106139049,8.12828421e-06,30,1.22899997,3
686103400106565,95224092,2458706.744846358,58706.240925899998,17.0117226,0.0241176896,0,zg,298.00375759999997,29.8706304,0.381999999,-0.00200000009,20190811240799,686,0x3,0x4,20.7600002,26.3311176,0.0176428594,-0.0946916193,5.85894259e-06,30,1.00899994,1
686103400106565,95237692,2458706.8808402554,58706.376921299998,17.0336342,0.0242385138,0,zg,298.00378410000002,29.870622099999999,0.569000006,-0.00600000005,20190811376875,686,0x3,0x4,20.6700001,26.307085,0.0173216145,-0.0926168263,5.7598977e-06,30,1.19400001,3
686103400106565,95238502,2458706.8889419609,58706.385023100003,16.9926567,0.0240143333,0,zg,298.00377099999997,29.870625400000002,1.01499999,0.00700000022,20190811384965,686,0x3,0x4,20.7199993,26.289957,0.0172452871,-0.0800645947,5.68187716e-06,30,1.22800004,3
686103400106565,95323781,2458707.7417217726,58707.237812500003,17.1226845,0.024752792,32768,zg,298.00385319999998,29.870667699999998,1.59899998,-0.00700000022,20190812237685,686,0x3,0x4,19.9300003,26.5165558,0.0341006368,-0.198198736,2.31696122e-05,30,1.00899994,1
686103400106565,95338093,2458707.8848450361,58707.380937499998,17.0154724,0.0241382159,0,zg,298.00377470000001,29.870617500000002,0.838999987,-0.00400000019,20190812380891,686,0x3,0x4,20.5499992,26.265976,0.0194153264,-0.0680037886,7.19728905e-06,30,1.222,3
686103400106565,95338903,2458707.8929468337,58707.389039399997,17.0408344,0.0242786985,0,zg,298.00378280000001,29.870616299999998,0.634000003,-0.0179999992,20190812388982,686,0x3,0x4,20.4200001,26.3094711,0.0207638573,-0.114375442,8.26115138e-06,30,1.25999999,3
686103400106565,95423916,2458708.7430636799,58708.239166699997,17.0500946,0.0243307333,0,zg,298.00375880000001,29.870621400000001,0.449999988,-0.0260000005,20190813239039,686,0x3,0x4,20.2800007,26.3267956,0.0197983682,-0.102964662,7.43401324e-06,30,1.00600004,1
686103400106565,95437777,2458708.88167295,58708.3777778,17.0439148,0.0242959615,0,zg,298.00376510000001,29.870619000000001,0.944999993,-0.0270000007,20190813377731,686,0x3,0x4,20.2000008,26.3164635,0.0200929679,-0.108878434,7.67314032e-06,30,1.22099996,3
686103400106565,95438586,2458708.8897631383,58708.385868099998,17.0065384,0.0240894295,0,zg,298.00374840000001,29.870619000000001,0.834999979,-0.057,20190813385822,686,0x3,0x4,20.2099991,26.2419491,0.0208051018,-0.0600305721,8.32337537e-06,30,1.25800002,3
686103400106565,95523885,2458709.74273786,58709.238854199997,17.1216965,0.0247468706,32768,zg,298.00384359999998,29.870568899999999,0.379000008,0.00700000022,20190814238738,686,0x3,0x4,19.75,26.4477005,0.0348711535,-0.212822333,2.36260021e-05,30,1.005,1
686103400106565,95537868,2458709.8825622578,58709.378680599999,17.0248604,0.0241898727,0,zg,298.00376210000002,29.870615900000001,0.688000023,-0.00600000005,20190814378623,686,0x3,0x4,19.9699993,26.2944412,0.023181865,-0.0976713002,1.02826998e-05,30,1.23699999,3
686103400106565,95538677,2458709.8906523404,58709.386770800003,17.0833893,0.0245211609,32768,zg,298.0038333,29.870623200000001,1.28999996,0.0299999993,20190814386713,686,0x3,0x4,19.6800003,26.3772545,0.0306878537,-0.169402391,1.81015293e-05,30,1.27600002,3
686103400106565,95619685,2458710.7007217882,58710.1968519,17.0055618,0.0240841135,0,zg,298.00376899999998,29.870612900000001,0.363000005,-0.00200000009,20190815196725,686,0x3,0x4,20.1000004,26.2749367,0.0227589738,-0.0440796912,9.68326458e-06,30,1.04900002,1
686103400106565,95719623,2458711.7000929229,58711.1962384,17.1407661,0.0248619486,32768,zg,298.00395909999997,29.870599599999998,0.572000027,-0.0109999999,20190816196111,686,0x3,0x4,19.5100002,26.4416542,0.0350391157,-0.18569164,4.39129581e-05,30,1.04499996,1
686103400106565,95920502,2458713.7088435646,58713.205023100003,17.0616951,0.024396481,32768,zg,298.00375389999999,29.8706295,0.856999993,-0.0410000011,20190818204884,686,0x3,0x4,19.3700008,25.3093796,0.0538006164,-0.0794067383,5.25596661e-05,30,1.02499998,1
686103400106565,96019680,2458714.7006077073,58714.196805599997,17.001833,0.024063874,0,zg,298.00376039999998,29.870608900000001,0.800999999,0.00700000022,20190819196678,686,0x3,0x4,21.0699997,26.2612438,0.020908745,-0.0561822653,8.30964291e-06,30,1.03199995,1
686103400106565,96128148,2458715.7852623696,58715.281481500002,17.0310383,0.0242240895,0,zg,298.00376119999999,29.8706073,1.16499996,-0.0850000009,20190820280938,686,0x3,0x4,20.7800007,26.2775822,0.0187534094,-0.0519610569,6.60040314e-06,30,1.02199996,1
686103400106565,96135076,2458715.8545433357,58715.350763900002,17.026638,0.0241996963,0,zg,298.00376449999999,29.870621199999999,0.43900001,0.00400000019,20190820350752,686,0x3,0x4,20.75,26.3022556,0.0190917645,-0.0906312391,6.90783327e-06,30,1.18799996,3
686103400106565,96230192,2458716.805681074,58716.301921300001,17.0241795,0.0241861101,0,zg,298.00376069999999,29.870616999999999,0.653999984,-0.0659999996,20190821301412,686,0x3,0x4,20.9200001,26.2806568,0.0194095485,-0.063705802,7.11159146e-06,30,1.05700004,1
686103400106565,96235207,2458716.8558304799,58716.3520718,17.0601616,0.0243877564,0,zg,298.00376119999999,29.870622999999998,1.18900001,-0.0529999994,20190821352060,686,0x3,0x4,20.7000008,26.323864,0.0185721852,-0.117143691,6.51132268e-06,30,1.204,3
686103400106565,96328140,2458717.7851390387,58717.281400499996,17.0290813,0.0242132302,32768,zg,298.00376670000003,29.870590400000001,0.94599998,-0.0579999983,20190822280868,686,0x3,0x4,20.8999996,26.2635098,0.0205658264,-0.0479750931,8.12003509e-06,30,1.02900004,1
686103400106565,96335046,2458717.854199965,58717.350463000002,17.0332508,0.0242363848,0,zg,298.00376890000001,29.8706195,0.367000014,-0.0130000003,20190822350463,686,0x3,0x4,20.7099991,26.3037834,0.0200810935,-0.119626306,7.55727024e-06,30,1.20899999,3
686103400106565,96430240,2458718.8061227417,58718.302407399999,17.0115948,0.024116993,0,zg,298.003758,29.870612600000001,0.497000009,-0.0370000005,20190823301921,686,0x3,0x4,21.2600002,26.2770538,0.0184833445,-0.0612957291,6.33318587e-06,30,1.06900001,1
686103400106565,96528206,2458719.7857523076,58719.282060199999,16.9991264,0.0240492225,0,zg,298.00376790000001,29.870610200000002,0.521000028,-0.0140000004,20190824281516,686,0x3,0x4,20.7900009,26.2445354,0.018761104,-0.0483703017,6.69110841e-06,30,1.03699994,1
686103400106565,96630152,2458720.8051946815,58720.301527800002,17.0369225,0.0242568385,0,zg,298.00376619999997,29.870620899999999,0.790000021,-0.0439999998,20190825301065,686,0x3,0x4,21.4400005,26.2215099,0.0204866547,-0.0684062541,7.84753411e-06,30,1.079,1
686103400106565,96728196,2458721.7856092514,58721.2819676,17.0552139,0.0243596733,32768,zg,298.00376540000002,29.870646499999999,0.56099999,0.0469999984,20190826281447,686,0x3,0x4,20.1599998,25.2818756,0.200637862,-0.21010536,0.000740322808,30,1.046,1
686103400106565,96828130,2458722.7849228405,58722.281307899997,17.0046082,0.0240789298,0,zg,298.00375159999999,29.870611199999999,1.04299998,-0.0599999987,20190827280787,686,0x3,0x4,21.3299999,26.228035,0.0180138797,-0.0516808815,6.14946293e-06,30,1.04999995,1
686103400106565,96930440,2458723.8079962549,58723.304409700002,17.0072422,0.0240932573,0,zg,298.00376399999999,29.870614,0.601000011,-0.0120000001,20190828304028,686,0x3,0x4,21.5300007,26.2728519,0.0185353793,-0.0633611083,6.21691606e-06,30,1.10699999,1
686103400106565,97030444,2458724.8080022214,58724.304444399997,17.0265884,0.0241994262,0,zg,298.00376069999999,29.8706143,0.92900002,-0.0670000017,20190829304086,686,0x3,0x4,21.4200001,26.2731266,0.0166182667,-0.0720048249,5.16055434e-06,30,1.11500001,1
686103400106565,97127969,2458725.7832279713,58725.2796991,17.0046616,0.0240792222,0,zg,298.00376360000001,29.870617299999999,0.537999988,-0.0199999996,20190830279190,686,0x3,0x4,21.5100002,26.2830868,0.0239629652,-0.0670375749,1.08096001e-05,30,1.06200004,1
686103400106565,97228112,2458726.7846208713,58726.281122699998,16.9815216,0.0239547137,0,zg,298.00375930000001,29.870596899999999,0.852999985,-0.0260000005,20190831280648,686,0x3,0x4,20.9699993,26.2418613,0.0212194305,-0.0341574214,8.39192307e-06,30,1.07000005,1
686103400106565,97330399,2458727.8074589055,58727.303993100002,16.9939003,0.0240210239,0,zg,298.00375530000002,29.8706137,0.814999998,0.0189999994,20190901303715,686,0x3,0x4,21.3899994,26.2422848,0.0180941205,-0.0667437986,6.16676016e-06,30,1.13800001,1
686103400106565,97417787,2458728.6813078071,58728.177870400003,17.0056934,0.0240848325,0,zg,298.00374549999998,29.8706101,0.833999991,0.023,20190902177870,686,0x3,0x4,21.4400005,26.2412128,0.0200159606,-0.0701040328,7.50716936e-06,30,1.01100004,2
686103400106565,97628025,2458730.7836206681,58730.280254600002,17.0212154,0.024169771,32768,zg,298.0037701,29.870622099999999,1.15699995,-0.0680000037,20190904279838,686,0x3,0x4,20.9799995,26.0626774,0.0222404879,-0.0937752947,9.35575918e-06,30,1.09399998,1
686103400106565,97927833,2458733.7815906592,58733.278333299997,17.0100632,0.0241086297,0,zg,298.00378160000002,29.870611,0.326000005,0.00999999978,20190907277963,686,0x3,0x4,20.9099998,26.2544804,0.016454557,-0.0703943297,5.04398122e-06,30,1.11000001,1
686103400106565,98027958,2458734.7828025622,58734.279583299998,17.0239105,0.0241846237,0,zg,298.00377090000001,29.870619900000001,0.694000006,-0.0209999997,20190908279248,686,0x3,0x4,20.6200008,26.2544842,0.0179246254,-0.0673817322,6.1235969e-06,30,1.12199998,1
686103400106565,98127817,2458735.7813516948,58735.2781713,17.041748,0.024283817,0,zg,298.00377140000001,29.870624100000001,0.947000027,-0.0689999983,20190909277847,686,0x3,0x4,20.4400005,26.2604122,0.0191081408,-0.0812083557,7.04450758e-06,30,1.12600005,1
686103400106565,98228775,2458736.7908948157,58736.287754600002,17.0445175,0.0242993459,0,zg,298.00377359999999,29.8706301,0.889999986,-0.0469999984,20190910287546,686,0x3,0x4,20.3299999,26.2861958,0.0195981096,-0.0942743868,7.17643434e-06,30,1.16600001,1
686103400106565,98330064,2458737.8037471268,58737.300648099997,16.9925079,0.0240135323,0,zg,298.0037734,29.8706301,0.606999993,-0.0260000005,20190911300521,686,0x3,0x4,19.8199997,26.2339859,0.0225210413,-0.0626213998,9.48042452e-06,30,1.23000002,1
686103400106565,98512729,2458739.6303143282,58739.127291700002,17.0042534,0.0240770075,0,zg,298.00375029999998,29.870612900000001,0.693000019,0.00100000005,20190913127280,686,0x3,0x4,20.3700008,26.2667713,0.0188476164,-0.0737309605,6.56649263e-06,30,1.03400004,1
686103400106565,98813041,2458742.6333077317,58742.130416699998,17.2268829,0.0254050251,32768,zg,298.00380469999999,29.8706171,1.097,-0.0610000007,20190916130405,686,0x3,0x4,19.4200001,25.0423126,0.113816522,-0.164224058,0.000239561021,30,1.01999998,1
686103400106565,99120690,2458745.7096585338,58745.206909699999,17.0554981,0.0243612807,32768,zg,298.00379939999999,29.8706256,0.77700001,-0.0719999969,20190919206898,686,0x3,0x4,20.9200001,26.3982086,0.0196317993,-0.136492267,7.2508692e-06,30,1.03199995,1
686103400106565,100026524,2458754.7675332418,58754.265243100002,16.9940891,0.024022039,0,zg,298.00375689999998,29.870628,0.680000007,-0.0289999992,20190928265243,686,0x3,0x4,20.9899998,26.2155838,0.0207362119,-0.0538027473,8.03690909e-06,30,1.28299999,1
686103400106565,101020785,2458764.7095871535,58764.2078588,17.0346889,0.0242443867,0,zg,298.00377109999999,29.870624200000002,1.01800001,-0.0120000001,20191008207847,686,0x3,0x4,20.5699997,26.2654953,0.0233017169,-0.102814026,1.00723246e-05,30,1.15400004,1
686103400106565,101424789,2458768.7493797108,58768.247893500004,17.0452709,0.0243035778,0,zg,298.00375250000002,29.870620899999999,0.795000017,-0.0500000007,20191012247859,686,0x3,0x4,19.7099991,26.179121,0.0236500837,-0.0820472687,1.06493317e-05,30,1.41199994,1
686103400106565,101711585,2458771.6171670151,58771.115856500001,17.0265503,0.0241992157,0,zg,298.0037542,29.870619399999999,0.458000004,-0.023,20191015115856,686,0x3,0x4,20.3999996,26.2673836,0.0214246046,-0.104947492,8.52323137e-06,30,1.00999999,1
686103400106565,102112253,2458775.6235950729,58775.1225347,17.0614853,0.024395287,0,zg,298.00376189999997,29.8706283,0.681999981,0.0540000014,20191019122407,686,0x3,0x4,20.9699993,26.1235237,0.0197566506,-0.108578801,7.20218623e-06,30,1.028,1
686103400106565,102412364,2458778.6245159116,58778.123645799998,17.0281715,0.0242081899,0,zg,298.00377259999999,29.8706183,0.978999972,-0.00899999961,20191022123530,686,0x3,0x4,21.0699997,26.3251247,0.0193840619,-0.110179208,7.08910056e-06,30,1.04200006,1
686103400106565,102711804,2458781.6187223466,58781.118044000003,17.020916,0.024168117,0,zg,298.003761,29.8706128,0.455000013,-0.00999999978,20191025117998,686,0x3,0x4,20.4400005,26.3007011,0.0210457295,-0.0735895708,8.17078308e-06,30,1.046,1
686103400106565,103411877,2458788.6189986197,58788.118773100003,17.0327263,0.0242334679,0,zg,298.0037734,29.8706113,0.731999993,-0.00499999989,20191101118762,686,0x3,0x4,20.6399994,26.2936916,0.0188092403,-0.0805600211,6.50943593e-06,30,1.08599997,1
686103400106565,103712887,2458791.6289075292,58791.128877299998,16.9982491,0.0240444802,0,zg,298.00374749999997,29.870597100000001,0.936999977,-0.0320000015,20191104128877,686,0x3,0x4,20.5499992,26.1999054,0.0224082228,-0.0389821827,9.04600074e-06,30,1.13699996,1
686103400106565,104013083,2458794.6306692171,58794.130833299998,17.0196609,0.0241612159,0,zg,298.00377209999999,29.870615600000001,0.837000012,-0.0670000017,20191107130822,686,0x3,0x4,20.5300007,26.2123432,0.0184086971,-0.0773492083,6.23486312e-06,30,1.17200005,1
686103400106565,104313226,2458797.6319110943,58797.132268499998,17.0044498,0.0240780748,0,zg,298.00374679999999,29.870610299999999,1.14600003,-0.0860000029,20191110132257,686,0x3,0x4,20.1499996,26.1921196,0.0216437522,-0.045061361,8.71661177e-06,30,1.21000004,1
686103400106565,105109327,2458805.5924138054,58805.093275500003,17.0384445,0.0242653303,0,zg,298.0037203,29.870600499999998,0.572000027,0.00700000022,20191118093275,686,0x3,0x4,19.9899998,26.2652454,0.0299347155,-0.0738016143,1.64487356e-05,30,1.14499998,1
686103400106565,105812046,2458812.6191722509,58812.120462999999,17.014183,0.0241311472,0,zg,298.0037648,29.870629999999998,0.527999997,-0.0250000004,20191125120463,686,0x3,0x4,20.5699997,26.190197,0.0281162746,-0.0747903362,1.42371773e-05,30,1.36300004,1
686103400106565,106614206,2458820.6403072532,58820.1420602,16.98666,0.0239821561,32768,zg,298.00377420000001,29.870638199999998,0.934000015,0.0120000001,20191203142060,686,0x3,0x4,19.1000004,25.158535,0.0384717025,-0.0640993565,2.59112894e-05,30,1.75300002,1
686103400106565,107509784,2458829.595624147,58829.097847199999,16.9899864,0.0239999872,32768,zg,298.0039069,29.8705967,0.532999992,-0.0590000004,20191212097847,686,0x3,0x4,17.3799992,24.8707829,0.0991198272,-0.00226656115,0.0036530639,30,1.54400003,1
686103400106565,108411131,2458838.6086829761,58838.111319399999,17.1922512,0.0251819231,32768,zg,298.00378490000003,29.8706517,1.15600002,0.112000003,20191221111319,686,0x3,0x4,17.9200001,24.7596931,0.0799082965,0.0180796273,0.000424704194,30,2.023,1
686103400106565,113856767,2458893.0642794175,58892.567673600002,16.9810486,0.0239521936,0,zg,298.00377930000002,29.870581600000001,0.50999999,-0.00800000038,20200213567662,686,0x3,0x4,19.2000008,26.2554531,0.0401030779,-0.0789263844,2.94937199e-05,30,1.76199996,1
686103400106565,114655793,2458901.0547104888,58900.557939799997,16.9846954,0.0239716489,32768,zg,298.00375459999998,29.870623299999998,0.680000007,-0.0320000015,20200221557928,686,0x3,0x4,19.6399994,25.6380196,0.0422725976,-0.0854604915,3.44188411e-05,30,1.62399995,1
686103400106565,115952711,2458914.024296016,58913.527118099999,17.0546017,0.0243562032,0,zg,298.00373509999997,29.870643300000001,0.578000009,-0.00400000019,20200305527106,686,0x3,0x4,20.6599998,25.8982239,0.0210673846,-0.10076762,8.47004594e-06,30,1.57799995,1
686103400106565,118648716,2458940.9856410492,58940.487164400001,17.0242615,0.0241865646,0,zg,298.00375600000001,29.870627800000001,0.620000005,-0.0430000015,20200401487153,686,0x3,0x4,20.6000004,25.8828716,0.0196457654,-0.0898014009,7.28353507e-06,30,1.324,1
686103400106565,119048679,2458944.9855021699,58944.486793999997,17.0519962,0.0243414659,0,zg,298.00377150000003,29.870637500000001,0.523999989,0.0130000003,20200405486794,686,0x3,0x4,20.3899994,26.339756,0.0198973902,-0.0829994604,7.60027478e-06,30,1.26600003,1
686103400106565,120042976,2458954.929079568,58954.429768499998,17.0431423,0.0242916271,0,zg,298.00374720000002,29.870642400000001,1.33399999,-0.0219999999,20200415429769,686,0x3,0x4,20.3199997,26.3039207,0.0230691582,-0.0818158984,1.00685183e-05,30,1.45200002,1
686103400106565,120848542,2458962.9852472185,58962.485428200001,17.0345459,0.0242435914,0,zg,298.00375980000001,29.870627500000001,0.714999974,-0.0140000004,20200423485417,686,0x3,0x4,21.1299992,26.422121,0.0199997928,-0.105956994,7.63623302e-06,30,1.09200001,1
686103400106565,120948244,2458963.9824982621,58963.482442100001,17.0329094,0.0242344812,0,zg,298.00375680000002,29.870618799999999,0.91900003,-0.0350000001,20200424482442,686,0x3,0x4,21.4200001,27.1374035,0.0153981242,-0.0806464702,4.45981641e-06,60,1.09300005,2
686103400106565,121143439,2458965.9344052277,58965.434398099998,17.0519791,0.0243413709,0,zg,298.00375009999999,29.870616600000002,0.89200002,-0.0189999994,20200426434387,686,0x3,0x4,21.1399994,26.4033699,0.0183394365,-0.11610309,6.38899564e-06,30,1.24199998,1
686103400106565,121447675,2458968.9769609589,58968.4767593,17.0310631,0.0242242198,0,zg,298.00374590000001,29.8706152,0.697000027,-0.0109999999,20200429476759,686,0x3,0x4,21.3799992,26.4753761,0.0173530858,-0.100212708,5.69864324e-06,30,1.074,1
686103400106565,121744399,2458971.9443843211,58971.443993100002,17.0501518,0.0243310556,0,zg,298.00377989999998,29.870623899999998,0.708999991,-0.0140000004,20200502443993,686,0x3,0x4,21.1499996,26.4596539,0.0176289175,-0.125457361,6.03182525e-06,30,1.13999999,1
686103400106565,122048790,2458974.9884901997,58974.487905100003,17.0090485,0.0241030958,0,zg,298.00376139999997,29.870623899999998,1.02400005,-0.0149999997,20200505487894,686,0x3,0x4,20.9300003,26.4214039,0.017003037,-0.0727980062,5.48517528e-06,30,1.02699995,2
686103400106565,122048883,2458974.9894161574,58974.488831000002,17.0649109,0.0244148243,0,zg,298.00378009999997,29.8706137,0.660000026,-0.0140000004,20200505488831,686,0x3,0x4,20.7099991,26.4905033,0.020510722,-0.12012884,8.09014637e-06,30,1.02600002,1
686103400106565,122130270,2458975.8033449771,58975.302708299998,17.0358238,0.0242507104,0,zg,298.00373519999999,29.8706377,0.5,-0.0130000003,20200506302639,686,0x3,0x4,19.2299995,26.1048565,0.0302129332,-0.0400417075,1.69035466e-05,30,2.46099997,2
686103400106565,122248369,2458976.9844037262,58976.483692100002,17.0152206,0.0241368376,0,zg,298.00376549999999,29.870614799999998,0.545000017,-0.0320000015,20200507483692,686,0x3,0x4,19.8500004,26.2778931,0.0272789747,-0.0784574151,1.42006711e-05,30,1.02499998,2
686103400106565,122338141,2458977.8821802889,58977.381412000002,17.0839939,0.0245246645,32768,zg,298.00372110000001,29.870671099999999,0.874000013,-0.100000001,20200508381412,686,0x3,0x4,18.2999992,25.1594429,0.0654994994,-0.0690382421,0.000184087927,30,1.352,1
686103400106565,122338234,2458977.8831178481,58977.382349500003,17.1091137,0.0246719383,32768,zg,298.00376160000002,29.8706049,0.363000005,-0.0280000009,20200508382350,686,0x3,0x4,18.5900002,25.3916836,0.0523811243,-0.0989003032,7.58364622e-05,30,1.34599996,2
686103400106565,122440422,2458978.9050572705,58978.404224500002,17.0285606,0.0242103431,0,zg,298.00373200000001,29.870605099999999,0.711000025,-0.0140000004,20200509404016,686,0x3,0x4,19.8899994,26.2228889,0.0215999484,-0.0635219961,8.89223884e-06,30,1.21800005,2
686103400106565,122545129,2458979.9521948849,58979.451296300002,17.0609779,0.0243924018,0,zg,298.00376349999999,29.870618499999999,0.758000016,-0.0379999988,20200510451262,686,0x3,0x4,20.4799995,26.3614998,0.0190995932,-0.0916245133,6.97860924e-06,30,1.06400001,2
686103400106565,122643178,2458980.9327423782,58980.431782400003,17.0400295,0.0242741928,0,zg,298.00376870000002,29.8706189,0.595000029,-0.00700000022,20200511431782,686,0x3,0x4,20.2700005,26.4344578,0.0201561861,-0.107977882,7.80577557e-06,30,1.10399997,2
686103400106565,122643271,2458980.9336799388,58980.432719900004,17.0423775,0.024287343,0,zg,298.00374770000002,29.870623999999999,0.962000012,-0.0250000004,20200511432720,686,0x3,0x4,20.1700001,26.4608154,0.022033494,-0.126046002,9.27323163e-06,30,1.10099995,1
686103400106565,122732128,2458981.8223001105,58981.321284700003,17.063385,0.0244061165,0,zg,298.0037671,29.870597400000001,0.591000021,-0.0109999999,20200512321285,686,0x3,0x4,19.7099991,26.2591095,0.0298152361,-0.0804176405,1.74100132e-05,30,1.80599999,2
686103400106565,123144335,2458985.9446266717,58985.4433565,17.0274467,0.0242041741,0,zg,298.00376679999999,29.870622300000001,0.796999991,-0.00800000038,20200516443345,686,0x3,0x4,21.2800007,26.4099331,0.0185883399,-0.0688854232,6.67165841e-06,30,1.04900002,2
686103400106565,123242651,2458986.9278463745,58986.426516200001,17.045454,0.0243046042,0,zg,298.0037648,29.8706198,0.912,-0.0140000004,20200517426516,686,0x3,0x4,21.5,26.4791527,0.017639555,-0.107766934,5.74261321e-06,30,1.07700002,2
686103400106565,123343762,2458987.9390188647,58987.437627300002,17.0115738,0.0241168812,0,zg,298.0037719,29.870613299999999,1.11800003,-0.0350000001,20200518437419,686,0x3,0x4,21.6200008,26.4290791,0.0168794561,-0.0655395836,5.27885732e-06,30,1.04900002,2
686103400106565,123740864,2458991.910274839,58991.408645800002,17.0487099,0.0243229289,0,zg,298.00375150000002,29.8706295,1.08099997,-0.0140000004,20200522408646,686,0x3,0x4,21.3500004,26.493351,0.0179188494,-0.123887353,6.08859318e-06,30,1.08599997,2
686103400106565,123743046,2458991.9320933362,58991.430462999997,17.0105629,0.024111364,0,zg,298.00376499999999,29.870620899999999,0.444999993,-0.00499999989,20200522430463,686,0x3,0x4,21.6399994,26.4380817,0.017258523,-0.0710823014,5.54522103e-06,30,1.04299998,1
686103400106565,124041821,2458994.9200223116,58994.418217600003,17.0453529,0.0243040398,0,zg,298.0037471,29.870626099999999,0.750999987,-0.0329999998,20200525418194,686,0x3,0x4,21.4500008,26.4499111,0.01701607,-0.0946852714,5.54435701e-06,30,1.04999995,2
686103400106565,124042717,2458994.9289811314,58994.427175899997,17.0341988,0.0242416598,0,zg,298.00376249999999,29.870617899999999,0.617999971,-0.0460000001,20200525426968,686,0x3,0x4,21.4899998,26.4386921,0.0163026415,-0.0699009895,4.98076361e-06,30,1.03499997,1
686103400106565,124243159,2458996.9335170924,58996.431597199997,17.0083828,0.024099471,0,zg,298.00375810000003,29.870615000000001,0.497999996,-0.0489999987,20200527431597,686,0x3,0x4,21.5200005,26.4537239,0.0167893562,-0.083902441,5.39502753e-06,30,1.02199996,2
686103400106565,124340344,2458997.9054238559,58997.403449099998,17.0130386,0.0241248868,0,zg,298.00377079999998,29.870619099999999,1.13499999,-0.0250000004,20200528403449,686,0x3,0x4,21.5499992,26.417347,0.0169611797,-0.0649795607,5.2956666e-06,30,1.06200004,1
686103400106565,124442697,2458998.929011229,58998.426979199998,17.0184917,0.024154786,0,zg,298.00376019999999,29.870608799999999,0.658999979,-0.063000001,20200529426979,686,0x3,0x4,21.6299992,26.4389324,0.0168378241,-0.0802376196,5.3547983e-06,30,1.02199996,2
686103400106565,124845222,2459002.9544738634,59002.452222200001,17.0412712,0.024281146,0,zg,298.00376410000001,29.870614499999999,0.563000023,-0.0140000004,20200602452188,686,0x3,0x4,21.3199997,26.3927536,0.0182416439,-0.0928066373,6.3532807e-06,30,1,2
686103400106565,125047733,2459004.9796965984,59004.477337999997,17.0120888,0.0241196956,0,zg,298.00375969999999,29.8706155,0.742999971,-0.0390000008,20200604477303,686,0x3,0x4,20.6399994,26.4184475,0.0170581732,-0.0641735867,5.57086605e-06,30,1.01100004,2
686103400106565,125047827,2459004.9806341468,59004.478275499998,17.0501556,0.0243310742,0,zg,298.00376619999997,29.870618,1.255,-0.061999999,20200604478275,686,0x3,0x4,20.5400009,26.4336777,0.0193892717,-0.0787421912,7.194114e-06,30,1.01100004,1
686103400106565,125527861,2459009.7812128491,59009.278611100002,17.0250053,0.0241906755,0,zg,298.0037504,29.870625199999999,0.85799998,-0.00899999961,20200609278611,686,0x3,0x4,19.9899998,26.381403,0.025090389,-0.0786162019,1.21527864e-05,30,1.46000004,1
686103400106565,125832454,2459012.8272966528,59012.324548600001,17.03508,0.0242465623,0,zg,298.00376080000001,29.870626900000001,1.05299997,-0.064000003,20200612324549,686,0x3,0x4,21.3799992,26.4915295,0.0159406494,-0.0942177474,4.72805186e-06,30,1.16600001,1
686103400106565,125832548,2459012.8282341976,59012.325486100002,17.0237885,0.0241839532,0,zg,298.0037671,29.870616800000001,0.560000002,-0,20200612325486,686,0x3,0x4,21.4799995,26.4901905,0.017434705,-0.0873789713,5.7008956e-06,30,1.16299999,2
686103400106565,125847465,2459012.9774079174,59012.474652800003,17.0536842,0.0243510101,0,zg,298.00379390000001,29.870621199999999,2.05200005,-0.0670000017,20200612474653,686,0x3,0x4,20.7800007,26.5593491,0.020930877,-0.12448813,8.41685596e-06,30,1.03100002,1
686103400106565,126036458,2459014.8674256094,59014.364583299997,17.0292664,0.0242142528,0,zg,298.00376799999998,29.870615999999998,0.727999985,-0.0130000003,20200614364572,686,0x3,0x4,21.3099995,26.4908772,0.016424777,-0.088062115,5.11590679e-06,30,1.04799998,2
686103400106565,126236538,2459016.8683135957,59016.365381900003,17.0388069,0.0242673568,0,zg,298.00377479999997,29.870614700000001,0.263999999,-0.00200000009,20200616365382,686,0x3,0x4,21.25,26.3023167,0.0184529256,-0.118561372,6.49682124e-06,30,1.03799999,2
686103400106565,126437018,2459018.8732033377,59018.370185200001,17.0531998,0.0243482701,0,zg,298.00376399999999,29.8706359,0.882000029,-0.0549999997,20200618370185,686,0x3,0x4,21.4200001,26.5087757,0.0189798437,-0.122341171,6.9147286e-06,30,1.02400005,1
686103400106565,126437112,2459018.8741408782,59018.371122700002,17.0384846,0.0242655594,0,zg,298.00376260000002,29.8706259,0.333000004,-0.050999999,20200618371111,686,0x3,0x4,21.5799999,26.4980049,0.0162629168,-0.102591753,4.97666088e-06,30,1.023,2
686103400106565,126639547,2459020.8985766866,59020.395474500001,17.0258942,0.0241955835,0,zg,298.00376080000001,29.870609099999999,1.09599996,-0.0130000003,20200620395475,686,0x3,0x4,21.6700001,26.4833832,0.0190633833,-0.0963013172,6.69976225e-06,30,1.00199997,2
686103400106565,126835405,2459022.8572311173,59022.354050900001,17.0098305,0.0241073612,0,zg,298.00377509999998,29.870617200000002,0.488000005,-0.0379999988,20200622354051,686,0x3,0x4,21.4899998,26.4702358,0.0165183134,-0.0704593509,5.04507216e-06,30,1.03100002,1
686103400106565,126836807,2459022.8712594686,59022.368078699998,17.0302734,0.0242198389,0,zg,298.0037681,29.8706143,0.626999974,-0.0469999984,20200622368079,686,0x3,0x4,21.5200005,26.4787636,0.0157537907,-0.0748480856,4.60000683e-06,30,1.01499999,2
686103400106565,127039347,2459024.8967302074,59024.393472199998,17.042654,0.0242888927,0,zg,298.0037671,29.870623699999999,1.09300005,-0.063000001,20200624393461,686,0x3,0x4,21.6399994,26.4632053,0.0190531332,-0.0835436285,7.02629268e-06,30,1,2
686103400106565,127132153,2459025.8248315868,59025.3215394,17.0017891,0.0240636393,0,zg,298.00371999999999,29.870643300000001,1.23399997,-0.0410000011,20200625321470,686,0x3,0x4,21.2700005,26.4329453,0.017186746,-0.0654721633,5.42270254e-06,30,1.07299995,1
686103400106565,127238219,2459026.8855294539,59026.3821991,17.0490971,0.0243251063,0,zg,298.00376890000001,29.8706219,0.597000003,-0.0350000001,20200626382188,686,0x3,0x4,21.4899998,26.4796753,0.0164542515,-0.106936999,5.21046741e-06,30,1.00100005,2
686103400106565,127639285,2459030.8963242299,59030.392858799998,17.0405312,0.0242770016,0,zg,298.00378180000001,29.870621199999999,0.753000021,-0.00600000005,20200630392859,686,0x3,0x4,21.0599995,26.4222031,0.019837793,-0.115062267,7.37634537e-06,30,1.00300002,2
686103400106565,128022557,2459034.729159235,59034.225578700003,17.0273781,0.0242037941,0,zg,298.00374369999997,29.870582800000001,0.898000002,-0.00200000009,20200704225567,686,0x3,0x4,19.4799995,26.3077774,0.0456623957,-0.0498137027,3.90910063e-05,30,1.35300004,1
686103400106565,128047800,2459034.9815969546,59034.478009300001,17.0162144,0.0241422802,0,zg,298.0037519,29.870616099999999,0.465000004,-0.0120000001,20200704478009,686,0x3,0x4,20.2600002,26.3706512,0.0192080718,-0.0744980648,7.14273301e-06,30,1.19200003,2
686103400106565,128224186,2459036.7454989334,59036.241863399999,17.0544281,0.024355216,0,zg,298.00373739999998,29.870638,1.07500005,-0.00100000005,20200706241794,686,0x3,0x4,19.8199997,26.4079418,0.0288050734,-0.117840566,1.57639515e-05,30,1.23599994,2
686103400106565,128324898,2459037.7526430353,59037.248981500001,17.0548782,0.0243577696,0,zg,298.00377270000001,29.8706116,0.560000002,0.0179999992,20200707248981,686,0x3,0x4,19.9699993,26.3844414,0.0241317134,-0.0829201415,1.10383817e-05,30,1.19400001,1
686103400106565,128424821,2459038.751903946,59038.248217599998,17.0467834,0.0243120845,0,zg,298.00376460000001,29.870630800000001,0.635999978,-0.0390000008,20200708248160,686,0x3,0x4,20.6399994,26.4243431,0.0178680159,-0.108691394,6.07713355e-06,30,1.18599999,2
686103400106565,128626228,2459040.7660134756,59040.262280100003,17.0424614,0.0242878124,0,zg,298.00377270000001,29.8706177,0.574999988,0.0120000001,20200710262280,686,0x3,0x4,21.2900009,26.5169315,0.0205684248,-0.117284514,8.15135809e-06,30,1.12,1
686103400106565,128626321,2459040.7669509975,59040.263217599997,17.0362492,0.0242530815,0,zg,298.00376790000001,29.870613200000001,1.07700002,-0.101000004,20200710263218,686,0x3,0x4,21.3500004,26.4536953,0.0165454857,-0.0745242313,5.11664302e-06,30,1.11699998,2
686103400106565,128738343,2459041.8871953189,59041.383437500001,16.9922276,0.0240120236,32768,zg,298.00376440000002,29.870618700000001,0.361999989,-0.00200000009,20200711383426,686,0x3,0x4,20.7099991,26.0965614,0.0397194661,-0.0705277771,3.03922843e-05,30,1.01699996,1
686103400106565,128830971,2459042.8134876415,59042.309710599999,17.0187626,0.0241562724,0,zg,298.0037767,29.870608300000001,0.644999981,0.00400000019,20200712309711,686,0x3,0x4,21.3600006,26.4321785,0.0178795494,-0.107218914,5.99814939e-06,30,1.01800001,2
686103400106565,128934872,2459043.8525244715,59043.348726900003,17.0414581,0.0242821872,0,zg,298.00377229999998,29.8706201,0.998000026,-0.0219999999,20200713348727,686,0x3,0x4,21.3099995,26.4929657,0.0175587181,-0.108408198,5.75799595e-06,30,1,1
686103400106565,129035281,2459044.8566288617,59044.352812500001,17.0433083,0.0242925566,0,zg,298.00375289999999,29.8706216,0.587000012,0.00499999989,20200714352801,686,0x3,0x4,21.2000008,26.5098038,0.0181604438,-0.0997349173,6.19148796e-06,30,1.00199997,2
686103400106565,129234210,2459046.8459570282,59046.3421065,17.0170975,0.0241471268,0,zg,298.00377309999999,29.8706177,0.665000021,-0.0520000011,20200716342095,686,0x3,0x4,21.4400005,26.5085526,0.0168361012,-0.0880273059,5.33215052e-06,30,1.00100005,1
686103400106565,129437094,2459048.8748302339,59048.370949099997,17.026886,0.024201069,0,zg,298.00376799999998,29.8706183,0.76700002,-0.0120000001,20200718370949,686,0x3,0x4,21.5799999,26.5073166,0.0205380227,-0.0779769346,7.80210758e-06,30,1.02400005,2
686103400106565,129533111,2459049.8350052238,59049.3311111,17.0305901,0.024221601,0,zg,298.00377429999998,29.870619600000001,0.73299998,-0.0399999991,20200719331111,686,0x3,0x4,21.5499992,26.5011063,0.016749233,-0.0896105543,5.28967848e-06,30,1,1
686103400106565,129633189,2459050.8358047223,59050.331898099997,17.023756,0.0241837762,0,zg,298.00376499999999,29.870617299999999,0.694999993,-0.0579999983,20200720331898,686,0x3,0x4,21.5,26.5013161,0.0171604324,-0.0950317085,5.65575237e-06,30,1.00100005,1
686103400106565,129638290,2459050.8868123186,59050.382905099999,17.0304222,0.0242206678,0,zg,298.00377309999999,29.870622900000001,0.796999991,0.00700000022,20200720382905,686,0x3,0x4,21.5400009,26.4779701,0.017080998,-0.0817296728,5.46316778e-06,30,1.04900002,2
686103400106565,129831715,2459052.8210810758,59052.317152800002,17.02318,0.0241806004,0,zg,298.00376720000003,29.870615799999999,0.619000018,0.00400000019,20200722317153,686,0x3,0x4,21.7700005,26.5246048,0.0186273269,-0.079342939,6.4259807e-06,30,1,2
686103400106565,129832395,2459052.8278866424,59052.323958300003,17.0137787,0.0241289344,0,zg,298.00376790000001,29.870620200000001,0.566999972,-0.023,20200722323738,686,0x3,0x4,21.6700001,26.5262241,0.0179716386,-0.0921835154,5.9835761e-06,30,1,1
686103400106565,130027849,2459054.7824409408,59054.278495400002,17.0326805,0.024233209,0,zg,298.00376189999997,29.870633000000002,0.368999988,0.00200000009,20200724278495,686,0x3,0x4,21.4899998,26.4922676,0.017764559,-0.0932307094,5.91693015e-06,30,1.01699996,2
686103400106565,130139332,2459055.8972753058,59055.393321800002,17.0344849,0.0242432524,0,zg,298.00376690000002,29.870619399999999,0.811999977,-0.050999999,20200725393322,686,0x3,0x4,21.3199997,26.4340668,0.0175074339,-0.0881128907,5.85959424e-06,30,1.102,1
686103400106565,130240221,2459056.9061701773,59056.402210599997,17.0253963,0.0241928343,0,zg,298.00376249999999,29.870628100000001,1.05900002,-0.0260000005,20200726402188,686,0x3,0x4,21.2399998,26.473959,0.0195625536,-0.105914839,7.32685703e-06,30,1.13600004,2
686103400106565,130539179,2459059.8957651909,59059.391794000003,17.0293102,0.0242144987,0,zg,298.0037749,29.870619300000001,0.575999975,-0.0260000005,20200729391782,686,0x3,0x4,21.2299995,26.457859,0.0187610406,-0.0832140744,6.63679612e-06,30,1.12899995,1
686103400106565,130631599,2459060.8199682725,59060.3159954,17.0556946,0.0243623946,0,zg,298.00377450000002,29.870614100000001,0.510999978,-0.00700000022,20200730315938,686,0x3,0x4,20.5599995,26.4693985,0.0209476594,-0.0785600767,8.31509988e-06,30,1.005,1
686103400106565,130639519,2459060.8991697384,59060.395196799996,17.0256023,0.0241939742,0,zg,298.00376180000001,29.870620599999999,0.963999987,-0.0810000002,20200730395197,686,0x3,0x4,21.4300003,26.474102,0.0174973086,-0.0948541015,5.71736882e-06,30,1.148,2
686103400106565,130840981,2459062.9137879866,59062.409814799998,17.0067406,0.0240905248,0,zg,298.00376299999999,29.8706186,0.593999982,-0.0270000007,20200801409803,686,0x3,0x4,19.9400005,26.3888626,0.036637675,-0.0734549239,2.52259488e-05,30,1.22599995,2
686103400106565,130841075,2459062.9147254857,59062.410752299998,16.9996986,0.0240523182,0,zg,298.00377800000001,29.870617299999999,0.753000021,-0.0109999999,20200801410741,686,0x3,0x4,20.1299992,26.4067936,0.0258272793,-0.0907789543,1.25877932e-05,30,1.23099995,1
686103400106565,131020777,2459064.7117475811,59064.207777800002,16.9905319,0.0240029115,0,zg,298.00376039999998,29.8706055,1.09300005,-0.0320000015,20200803207535,686,0x3,0x4,19.4899998,26.3588219,0.0280640125,-0.0665534586,1.47733463e-05,30,1.09000003,2
686103400106565,131124826,2459065.7522301306,59065.248263900001,17.0240192,0.0241852291,0,zg,298.00379090000001,29.870631199999998,0.973999977,-0.0469999984,20200804248264,686,0x3,0x4,19.6100006,26.432415,0.0294295084,-0.0874907821,1.64542325e-05,30,1.01699996,1
686103400106565,131232070,2459066.8246673401,59066.320705999999,17.0313301,0.0242257025,0,zg,298.0037547,29.870631899999999,0.910000026,0.0289999992,20200805320694,686,0x3,0x4,20.2000008,26.4549103,0.020227842,-0.0775801465,7.76899287e-06,30,1.023,1
686103400106565,131339333,2459067.8972884822,59067.393333300002,17.0572128,0.0243710019,0,zg,298.00375450000001,29.8706329,0.523000002,0.00700000022,20200806393333,686,0x3,0x4,20.0599995,26.4818172,0.022120323,-0.116855562,9.4252664e-06,30,1.21399999,1
686103400106565,131420474,2459068.7086951672,59068.204745399999,17.0313187,0.0242256448,0,zg,298.00376210000002,29.8706192,1.16100001,-0.0970000029,20200807204745,686,0x3,0x4,21.2900009,26.4729347,0.0192402601,-0.0791337267,6.98304939e-06,30,1.07200003,2
686103400106565,131421381,2459068.7177691055,59068.2138194,17.0313148,0.0242256243,0,zg,298.00376390000002,29.8706292,1.22800004,-0.0529999994,20200807213785,686,0x3,0x4,21.0900002,26.5349236,0.0181247648,-0.110920563,6.16482748e-06,30,1.05400002,1
686103400106565,131535991,2459069.8638597922,59069.359919000002,17.0170555,0.0241468959,0,zg,298.0037567,29.870619900000001,0.813000023,-0.023,20200808359792,686,0x3,0x4,20.8099995,26.4626217,0.0165122561,-0.0772004351,5.08803578e-06,30,1.11500001,1
686103400106565,131724372,2459071.747650044,59071.2437269,17.0213356,0.0241704267,0,zg,298.00376699999998,29.870610200000002,0.563000023,0.00800000038,20200810243727,686,0x3,0x4,21.5599995,26.4937305,0.0186612643,-0.0792468786,6.60882552e-06,30,1.00699997,1
686103400106565,131823454,2459072.7384609287,59072.234548599998,17.0383835,0.0242649894,0,zg,298.00376189999997,29.870623699999999,0.493000001,-0.0140000004,20200811234549,686,0x3,0x4,21.5599995,26.4350357,0.0180906393,-0.0865477547,6.15590125e-06,30,1.01199996,2
686103400106565,132031815,2459074.8220458766,59074.3181597,16.37883,0.021417262,32768,zg,298.00377270000001,29.870615000000001,1.06400001,-0.075000003,20200813318160,686,0x3,0x4,19.3099995,24.2895622,0.441786528,0.14399074,0.00407715468,30,1.051,1
686103400106565,132032002,2459074.8239092496,59074.320023100001,17.000042,0.0240541752,32768,zg,298.00375680000002,29.870615799999999,0.884000003,0.00100000005,20200813320023,686,0x3,0x4,21.2099991,26.2104378,0.0446968153,-0.0797557011,3.8167851e-05,30,1.05400002,2
686103400106565,132229930,2459076.8031626581,59076.299305599998,17.0085487,0.0241003744,0,zg,298.0037701,29.870605600000001,0.783999979,-0.0130000003,20200815299306,686,0x3,0x4,21.2800007,26.3329601,0.0182485152,-0.0853039548,6.43894873e-06,30,1.02999997,2
686103400106565,132421380,2459078.717632886,59078.2138079,17.012825,0.024123719,0,zg,298.00376499999999,29.8706189,0.541999996,0.0270000007,20200817213808,686,0x3,0x4,21.5200005,26.3742428,0.0178315975,-0.0687685683,6.08724349e-06,30,1.01600003,2
686103400106565,132621776,2459080.7215535045,59080.217766200003,17.0338974,0.0242399797,0,zg,298.00375989999998,29.870619999999999,0.907999992,0.00100000005,20200819217766,686,0x3,0x4,21.1900005,26.1053543,0.0188731011,-0.0679780394,6.81439724e-06,30,1.00800002,2
686103400106565,132639394,2459080.89773052,59080.393946800003,17.0362968,0.024253346,0,zg,298.00379609999999,29.870613299999999,0.670000017,0.0149999997,20200819393947,686,0x3,0x4,20.8099995,26.0757103,0.0207418669,-0.0747534037,8.19425986e-06,30,1.41600001,1
686103400106565,132827886,2459082.7826098949,59082.278865699998,17.0802765,0.0245031361,32768,zg,298.00373489999998,29.870651800000001,2.74300003,-0.0149999997,20200821278866,686,0x3,0x4,20.7700005,26.7597656,0.0739899576,-0.0816000029,0.000104438004,30,1.02499998,2
686103400106565,132832909,2459082.8328402699,59082.329097200003,17.0073509,0.0240938477,32768,zg,298.0037633,29.870623899999998,1.28999996,-0.0480000004,20200821329039,686,0x3,0x4,20.6900005,25.8214436,0.0313871689,-0.0602044314,1.86240723e-05,30,1.12899995,1
686103400106565,133032581,2459084.8295072601,59084.325810200004,17.0182037,0.0241532028,0,zg,298.00374920000002,29.8706353,1,-0.0790000036,20200823325787,686,0x3,0x4,21.2299995,26.263834,0.0159463547,-0.079528302,4.72279089e-06,30,1.13600004,1
686103400106565,133032767,2459084.8313706154,59084.327673599997,17.0443878,0.0242986195,0,zg,298.00376770000003,29.870628,1.56099999,-0.0790000036,20200823327674,686,0x3,0x4,21.1900005,26.2741108,0.0168979671,-0.0844021812,5.24561665e-06,30,1.14199996,2
686103400106565,133227752,2459086.7811713261,59086.277523099998,17.0080261,0.0240975283,0,zg,298.00376970000002,29.870616200000001,0.75,-0.0379999988,20200825277512,686,0x3,0x4,21.5,26.3733177,0.018940283,-0.0588799194,6.77860908e-06,30,1.03799999,2
686103400106565,133230773,2459086.8113789279,59086.307731499997,17.0400219,0.0242741536,0,zg,298.00380840000003,29.870616999999999,1.523,-0.0209999997,20200825307731,686,0x3,0x4,21.25,26.4544277,0.019521812,-0.117683634,7.10797713e-06,30,1.09899998,1
686103400106565,133332217,2459087.8257963918,59087.322175900001,17.0335655,0.0242381357,0,zg,298.00377630000003,29.8706213,0.810000002,-0.0419999994,20200826322176,686,0x3,0x4,21.1000004,26.2129345,0.0180181861,-0.0812997296,6.25843086e-06,30,1.15100002,1
686103400106565,133426637,2459088.769971848,59088.266377300002,17.038393,0.0242650453,0,zg,298.00376319999998,29.870617500000002,1.38300002,0.00300000003,20200827266377,686,0x3,0x4,20.5599995,26.218441,0.0187992025,-0.0858558863,7.23327184e-06,30,1.02999997,1
686103400106565,133525913,2459089.7626982043,59089.259131899998,17.0147972,0.0241345186,0,zg,298.0037701,29.870629300000001,0.657999992,-0.0160000008,20200828259132,686,0x3,0x4,20.2299995,26.3236008,0.0203960817,-0.101954803,8.26381347e-06,30,1.02400005,1
686103400106565,133535567,2459089.8592347503,59089.3556713,17.0399094,0.0242735203,0,zg,298.00378899999998,29.8706253,0.947000027,-0.023,20200828355602,686,0x3,0x4,20.6200008,26.2145691,0.0190521535,-0.0890555084,7.15528495e-06,30,1.32700002,2
686103400106565,133625668,2459090.760226761,59090.2566898,17.0429325,0.0242904518,0,zg,298.00376369999998,29.870618199999999,0.486999989,-0.0460000001,20200829256690,686,0x3,0x4,20.3199997,26.3586788,0.0191501286,-0.0822489634,7.23896937e-06,30,1.02400005,1
686103400106565,133641017,2459090.9137058477,59090.410173600001,17.0075378,0.0240948666,0,zg,298.00375009999999,29.870615099999998,0.589999974,-0.0240000002,20200829410174,686,0x3,0x4,20.5,26.1619606,0.0206820443,-0.0742213503,8.0693917e-06,30,1.86000001,2
686103400106565,133722400,2459091.727512199,59091.224004600001,16.9945488,0.0240245145,0,zg,298.00375259999998,29.870622600000001,0.709999979,0.00600000005,20200830224005,686,0x3,0x4,20.3199997,26.5191154,0.0201995485,-0.117032126,8.09908488e-06,30,1.00199997,1
686103400106565,133729260,2459091.7961096605,59091.292604200004,17.036871,0.0242565461,0,zg,298.00376110000002,29.8706256,0.499000013,-0.00300000003,20200830292384,686,0x3,0x4,20.3199997,26.4334469,0.0200182423,-0.0626890883,7.74701584e-06,30,1.09599996,2
686103400106565,133825797,2459092.7614497165,59092.257974499997,17.0215607,0.024171669,0,zg,298.00377220000001,29.870618,1.38999999,0.00600000005,20200831257847,686,0x3,0x4,20.3600006,26.4282379,0.0195010342,-0.0820913836,7.57381122e-06,30,1.03299999,2
686103400106565,133826274,2459092.7662181635,59092.2627431,17.0696316,0.0244418345,0,zg,298.00379120000002,29.870626999999999,1.38600004,0.0240000002,20200831262708,686,0x3,0x4,20.1000004,26.4934845,0.0252129193,-0.134460494,1.25207634e-05,30,1.03999996,1
686103400106565,133917202,2459093.6754712565,59093.172025499996,17.0044632,0.0240781456,0,zg,298.00374820000002,29.8706225,0.76700002,-0.0350000001,20200901172025,686,0x3,0x4,20.1200008,26.4149303,0.0221751034,-0.0770314634,9.53941526e-06,30,1.01699996,1
686103400106565,133941197,2459093.9154169671,59093.411979199998,16.9797783,0.023945434,0,zg,298.00376670000003,29.870621499999999,0.828000009,-0.0189999994,20200901411968,686,0x3,0x4,18.9699993,26.1459675,0.0564321987,-0.0631844103,5.83659203e-05,30,2.01600003,2
686103400106565,134021439,2459094.7178093074,59094.214398099997,17.0335484,0.0242380351,0,zg,298.00376110000002,29.870619699999999,0.43599999,-0.0280000009,20200902214398,686,0x3,0x4,19.7999992,26.300045,0.0224890057,-0.0968095288,9.79668039e-06,30,1.00100005,2
686103400106565,134128106,2459095.7844395838,59095.281064800001,17.0391426,0.0242692363,0,zg,298.00378610000001,29.870612600000001,1.07500005,-0.00600000005,20200903281065,686,0x3,0x4,19.9899998,26.3906937,0.0252972804,-0.0946086049,1.22186757e-05,30,1.09399998,2
686103400106565,134133157,2459095.8349470962,59095.331574099997,17.0014267,0.024061678,0,zg,298.00375079999998,29.870627599999999,0.805000007,-0.00899999961,20200903331528,686,0x3,0x4,19.8700008,26.3277931,0.0234343391,-0.0876330882,1.05132203e-05,30,1.28400004,1
686103400106565,134215478,2459096.6581243007,59096.154780099998,17.0459538,0.0243074168,0,zg,298.00376640000002,29.870605300000001,1.046,-0.0460000001,20200904154780,686,0x3,0x4,20.9200001,26.4432068,0.0184501391,-0.0982834026,6.6596026e-06,30,1.02699995,1
686103400106565,134217146,2459096.6748135118,59096.1714699,17.0423412,0.0242871381,0,zg,298.00375339999999,29.870614700000001,0.725000024,0.00300000003,20200904171470,686,0x3,0x4,20.8199997,26.4387188,0.0207046941,-0.0899663791,8.29422879e-06,30,1.00999999,2
686103400106565,134332011,2459097.8234179602,59097.3201157,17.035183,0.0242471341,0,zg,298.00377079999998,29.870627500000001,0.347000003,-0.0199999996,20200905320116,686,0x3,0x4,20.3400002,26.3293877,0.0198407527,-0.0728950202,7.79088623e-06,30,1.25399995,2
686103400106565,134538309,2459099.8863153388,59099.383090299998,17.016798,0.0241454858,0,zg,298.0037706,29.8705964,0.552999973,-0.0260000005,20200907383079,686,0x3,0x4,19.8099995,26.023243,0.024994256,-0.0567179993,1.15754174e-05,30,1.82500005,2
686103400106565,135228829,2459106.7912385925,59106.288298599997,17.0065727,0.0240896102,32768,zg,298.00377159999999,29.8706207,0.126000002,-0.0109999999,20200914288264,686,0x3,0x4,20.2900009,25.4490471,0.0224829055,-0.0453124344,9.61922524e-06,30,1.22000003,2
686103400106565,135317317,2459107.6760719311,59107.173171299997,17.0038033,0.02407456,32768,zg,298.0037519,29.870616200000001,0.388000011,0.0270000007,20200915173148,686,0x3,0x4,20.7600002,25.7152576,0.0183940511,-0.0675333291,6.6040584e-06,30,1,2
686103400106565,135317409,2459107.6769977906,59107.174097199997,17.0270958,0.0242022295,32768,zg,298.00376210000002,29.870605699999999,1.04299998,-0.0520000011,20200915174097,686,0x3,0x4,20.7099991,25.7016506,0.0208842643,-0.0580992699,8.42478221e-06,30,1,1
686103400106565,135428244,2459108.7852924019,59108.282442099997,16.9862556,0.0239799935,32768,zg,298.00376560000001,29.870629399999999,0.683000028,-0.00300000003,20200916282431,686,0x3,0x4,20.8299999,25.6216431,0.0193072278,-0.0525978878,7.16973727e-06,30,1.21899998,2
686103400106565,135522353,2459109.7263370189,59109.223530099996,17.0161877,0.0241421349,0,zg,298.00377609999998,29.870628799999999,0.550999999,-0.00300000003,20200917223518,686,0x3,0x4,21.0799999,26.1936264,0.0190976914,-0.0937129036,7.03056139e-06,30,1.05200005,2
686103400106565,135616472,2459110.6674850257,59110.164722200003,17.019207,0.0241587181,0,zg,298.00376979999999,29.8706149,1.06500006,-0.0520000011,20200918164676,686,0x3,0x4,21.2199993,26.1886559,0.0172943641,-0.0719235167,5.81991753e-06,30,1,1
686103400106565,135629988,2459110.8026406704,59110.299884300002,16.9701786,0.0238945484,32768,zg,298.00375730000002,29.870616600000002,0.456999987,-0.00200000009,20200918299873,686,0x3,0x4,19.5100002,24.9373589,0.0587275736,-0.0786996037,6.36271288e-05,30,1.33599997,2
686103400106565,135716318,2459111.665898202,59111.163182900003,17.0115356,0.0241166744,0,zg,298.0037676,29.870616900000002,0.649999976,0.00400000019,20200919163090,686,0x3,0x4,21.3899994,26.2898865,0.0176422689,-0.0734473169,5.90348736e-06,30,1,2
686103400106565,135815180,2459112.6544731152,59112.151805599999,17.0543175,0.0243545976,0,zg,298.00375759999997,29.870624899999999,0.801999986,-0.0179999992,20200920151690,686,0x3,0x4,21.5,26.4728355,0.017500516,-0.0893933028,5.94118228e-06,30,1,2
686103400106565,135920146,2459113.7040858935,59113.201469899999,17.0295105,0.0242156088,0,zg,298.00377789999999,29.870625400000002,0.699999988,-0.0260000005,20200921201458,686,0x3,0x4,21.2700005,26.3957672,0.0170733817,-0.0938849822,5.65769142e-06,30,1.03400004,2
686103400106565,135920239,2459113.7050117464,59113.202395799999,17.0395355,0.0242714342,0,zg,298.00376849999998,29.870624400000001,0.782999992,0.0320000015,20200921202396,686,0x3,0x4,21.3199997,26.3948364,0.0190345943,-0.10485068,7.06493256e-06,30,1.03600001,1
686103400106565,136022469,2459114.7272641086,59114.224699099999,17.0192051,0.024158705,0,zg,298.00376929999999,29.870618499999999,1.14999998,0.00800000038,20200922224699,686,0x3,0x4,21.3299999,26.3301506,0.0159005709,-0.0808693543,4.90327557e-06,30,1.08299994,2
686103400106565,136124072,2459115.7432428622,59115.240729199999,16.9993324,0.0240503382,0,zg,298.00377989999998,29.870621499999999,0.584999979,0.00200000009,20200923240729,686,0x3,0x4,21.0400009,26.3879604,0.0193286631,-0.0762127638,6.92160802e-06,30,1.13399994,2
686103400106565,136221376,2459116.7162254532,59116.213761600004,17.0239029,0.0241845846,0,zg,298.00378389999997,29.870626699999999,0.699999988,0.0109999999,20200924213750,686,0x3,0x4,20.9799995,26.3414536,0.0181120969,-0.0809557512,6.05039395e-06,30,1.07099998,2
686103400106565,136322483,2459117.7272494044,59117.224838000002,17.0258713,0.0241954569,0,zg,298.00375489999999,29.870614,0.958000004,-0.0260000005,20200925224826,686,0x3,0x4,20.9699993,26.4115429,0.0164436437,-0.076850377,4.88040314e-06,30,1.10399997,1
686103400106565,136322577,2459117.7281868551,59117.225775500003,17.013176,0.0241256412,0,zg,298.00375659999997,29.870621700000001,1.55900002,-0.0280000009,20200925225775,686,0x3,0x4,20.8500004,26.4197807,0.0173206441,-0.0707672611,5.53924701e-06,30,1.10699999,2
686103400106565,136326289,2459117.7653028932,59117.262893500003,16.999733,0.0240525063,0,zg,298.00377079999998,29.870615399999998,0.451000005,-0.0599999987,20200925262894,686,0x3,0x4,20.8799992,26.3862324,0.0164486971,-0.0748076066,5.09610754e-06,30,1.24100006,1
686103400106565,136419497,2459118.6973373778,59118.194976899998,17.0307732,0.0242226142,0,zg,298.00377950000001,29.870607799999998,0.944999993,-0.0320000015,20200926194977,686,0x3,0x4,20.6200008,26.4544315,0.0185538549,-0.0905550644,6.36785717e-06,30,1.046,2
686103400106565,136520788,2459119.7101885439,59119.207881900002,17.0189896,0.0241575185,0,zg,298.00377609999998,29.870613899999999,0.458000004,-0.0160000008,20200927207882,686,0x3,0x4,20.4400005,26.4225655,0.0186739415,-0.0775005668,6.40286953e-06,30,1.07599998,2
686103400106565,136526859,2459119.7709028553,59119.268599499999,17.0228539,0.0241787974,0,zg,298.00376519999998,29.8706174,0.578999996,0.00800000038,20200927268600,686,0x3,0x4,20.4200001,26.3663769,0.0191099085,-0.0731372982,6.91341074e-06,30,1.29799998,1
686103400106565,136621478,2459120.7170325988,59120.214780100003,17.0312881,0.0242254734,0,zg,298.00376679999999,29.870615300000001,0.565999985,-0.0350000001,20200928214769,686,0x3,0x4,20.2199993,26.4154682,0.0191770438,-0.0902479142,7.09839287e-06,30,1.09899998,2
686103400106565,136624984,2459120.7521000779,59120.249849500004,17.0282478,0.0242086127,0,zg,298.00375489999999,29.870638,0.465999991,0.00600000005,20200928249850,686,0x3,0x4,20.0599995,26.369463,0.0204428416,-0.0741812438,7.88283887e-06,30,1.21899998,1
686103400106565,136717276,2459121.6749666356,59121.172766199998,17.046669,0.0243114382,0,zg,298.00376799999998,29.8706119,1.24300003,-0.0329999998,20200929172766,686,0x3,0x4,20.3799992,26.4453316,0.0227921084,-0.111542545,9.9270419e-06,30,1.02499998,2
686103400106565,136823495,2459122.7370957225,59122.234953699997,17.0425472,0.024288293,0,zg,298.00376419999998,29.8706225,0.499000013,-0.0460000001,20200930234919,686,0x3,0x4,19.9300003,26.3146191,0.02188983,-0.0795774832,9.26065331e-06,30,1.18099999,2
686103400106565,136829344,2459122.7955878386,59122.293449099998,17.0282116,0.0242084078,0,zg,298.0037605,29.870592800000001,0.700999975,-0.0529999994,20200930293449,686,0x3,0x4,19.7199993,26.2493248,0.0250312705,-0.0756636634,1.18132984e-05,30,1.52900004,1
686103400106565,136912541,2459123.6275093188,59123.125416700001,17.0274525,0.0242042094,0,zg,298.00376319999998,29.870616200000001,0.421000004,-0.00800000038,20201001125417,686,0x3,0x4,20.2800007,26.3805866,0.0201060232,-0.0869475454,7.95341111e-06,30,1,1
686103400106565,137118474,2459125.6867219661,59125.184745400002,17.0510616,0.0243361872,0,zg,298.00375969999999,29.870628799999999,1.28299999,-0.0560000017,20201003184745,686,0x3,0x4,20.4099998,26.4192123,0.022503214,-0.0956505314,9.75932744e-06,30,1.06200004,1
686103400106565,137317420,2459127.6760637267,59127.174201399997,17.1193542,0.0247328617,32768,zg,298.0037676,29.870628100000001,0.677999973,0.0460000001,20201005174201,686,0x3,0x4,18.6700001,24.5062561,0.0533784069,-0.0851238519,9.34473501e-05,30,1.05200005,1
686103400106565,137517590,2459129.677648176,59129.175902800001,17.1759453,0.0250790901,32768,zg,298.00375350000002,29.870622099999999,0.521000028,-0.0240000002,20201007175903,686,0x3,0x4,19.5,24.7652931,0.153252095,-0.118387997,0.000438903662,30,1.06599998,1
686103400106565,137718563,2459131.6872626632,59131.185636599999,17.0412579,0.0242810659,0,zg,298.00375839999998,29.870625700000002,0.907999992,-0.00499999989,20201009185637,686,0x3,0x4,20.9599991,26.4550781,0.0191917308,-0.114187077,7.04175136e-06,30,1.10099995,1
686103400106565,138122478,2459135.7261611647,59135.224780099998,17.0228386,0.0241787117,0,zg,298.00376299999999,29.8706116,1.09200001,-0.0379999988,20201013224757,686,0x3,0x4,21.1200008,26.3650665,0.0176688228,-0.0784429461,6.03717444e-06,30,1.29700005,1
686103400106565,138316181,2459137.66307854,59137.161817100001,17.017868,0.0241513606,0,zg,298.00375100000002,29.870616500000001,0.823000014,-0.0270000007,20201015161817,686,0x3,0x4,21.3199997,26.4004135,0.0174859036,-0.071002014,5.73014131e-06,30,1.08299994,1
686103400106565,138519981,2459139.7009489876,59139.199814799998,17.0228996,0.024179047,0,zg,298.00377830000002,29.870615699999998,0.537999988,-0.00400000019,20201017199815,686,0x3,0x4,21.2600002,26.3293953,0.0168269966,-0.0779473037,5.28110058e-06,30,1.22800004,1
686103400106565,138720379,2459141.7048042105,59141.203796299997,17.0239487,0.0241848361,0,zg,298.00376940000001,29.870616900000002,0.481000006,-0.0480000004,20201019203796,686,0x3,0x4,21.0100002,26.1811352,0.0163323358,-0.0773528516,5.09293204e-06,30,1.273,1
686103400106565,138918079,2459143.6816809815,59143.180798599999,17.0266552,0.024199795,0,zg,298.00376690000002,29.8706195,0.713,-0.0149999997,20201021180799,686,0x3,0x4,21.2199993,26.4254055,0.0177963059,-0.085479036,5.78462686e-06,30,1.19299996,1
686103400106565,139120699,2459145.7077435483,59145.206990699997,17.0315876,0.0242271367,0,zg,298.00375739999998,29.870621799999999,1.08099997,-0.0120000001,20201023206991,686,0x3,0x4,20.8899994,26.3924751,0.0169127677,-0.0884333402,5.49328206e-06,30,1.352,1
686103400106565,139614281,2459150.6432473273,59150.142812500002,17.0151196,0.0241362788,0,zg,298.00374690000001,29.8706207,0.462000012,-0.0219999999,20201028142812,686,0x3,0x4,20.1499996,26.4659176,0.0221527182,-0.0783073679,9.38665926e-06,30,1.12699997,1
686103400106565,139824444,2459152.7447430207,59152.244444399999,16.9869919,0.0239839368,0,zg,298.00378030000002,29.8706371,0.625,-0.0209999997,20201030244444,686,0x3,0x4,19.4799995,26.2786026,0.0305084921,-0.0615354665,1.71794036e-05,30,1.90900004,1
686103400106565,140020090,2459154.7010745951,59154.200902800003,17.0584679,0.0243781265,0,zg,298.00376779999999,29.8706174,0.229000002,0.00400000019,20201101200903,686,0x3,0x4,19.7000008,26.3953991,0.027162835,-0.0781553611,1.39656331e-05,30,1.48399997,1
686103400106565,140212064,2459156.6206954704,59156.120648099997,17.0108929,0.0241131596,0,zg,298.00377550000002,29.870620800000001,0.888999999,0.00200000009,20201103120648,686,0x3,0x4,20.9200001,26.452589,0.0161471087,-0.0808447599,4.87946454e-06,30,1.11000001,1
686103400106565,140416150,2459158.6614197418,59158.161504600001,17.0185204,0.0241549425,0,zg,298.00373480000002,29.8705958,1.40900004,0.00100000005,20201105161505,686,0x3,0x4,20.2099991,26.4232559,0.0257395413,-0.0791662261,1.26309551e-05,30,1.29400003,1
686103400106565,141022026,2459164.7197912703,59164.220266199998,16.9633713,0.0238587055,0,zg,298.0035719,29.870653099999998,0.254999995,-0.0130000003,20201111220231,686,0x3,0x4,19.2299995,26.2409992,0.0438742787,-0.0682569891,3.81657592e-05,30,2.04999995,1
686103400106565,141313454,2459167.6338884328,59167.134548599999,17.0374756,0.0242599268,0,zg,298.00375680000002,29.8706295,0.897000015,-0.0430000015,20201114134525,686,0x3,0x4,20.8199997,26.4814472,0.0200432055,-0.101962581,7.69788858e-06,30,1.28100002,1
686103400106565,141510947,2459169.6086946558,59169.1094792,17.0373917,0.0242594555,0,zg,298.00376349999999,29.8706067,0.966000021,-0.0299999993,20201116109479,686,0x3,0x4,20.9099998,26.4612198,0.017018659,-0.0733440071,5.50482173e-06,30,1.19099998,1
686103400106565,142013460,2459174.6335109915,59174.134606500003,17.0060062,0.0240865313,0,zg,298.003758,29.870622900000001,0.736000001,-0.0659999996,20201121134606,686,0x3,0x4,20.4500008,26.1259003,0.0184945017,-0.0677784458,6.47739716e-06,30,1.39600003,1
686103400106565,142411737,2459178.6160377213,59178.117372699999,17.0562782,0.0243657008,0,zg,298.0037509,29.870625199999999,0.893999994,-0.0209999997,20201125117292,686,0x3,0x4,20.4200001,26.4333,0.0195373073,-0.108837552,7.34132118e-06,30,1.35500002,1
686103400106565,142613891,2459180.637458202,59180.138912000002,17.0098839,0.0241076555,0,zg,298.00370529999998,29.870600899999999,0.30399999,0.00300000003,20201127138912,686,0x3,0x4,18.8199997,26.3116055,0.0517749637,-0.071830906,5.46977753e-05,30,1.56299996,1
686103400106565,142813329,2459182.6317296219,59182.133298599998,16.9983025,0.0240447707,0,zg,298.0037547,29.870626399999999,1.26900005,-0.0289999992,20201129133299,686,0x3,0x4,19.6299992,26.3601074,0.0260086544,-0.0657688975,1.30039389e-05,30,1.56099999,1
686103400106565,143015230,2459184.6506197611,59184.152303199997,16.9912262,0.0240066405,0,zg,298.00375789999998,29.870626600000001,0.908999979,0.00300000003,20201201152292,686,0x3,0x4,19.6000004,26.2909756,0.0246601254,-0.0610985421,1.15557978e-05,30,1.84000003,1
686103400106565,143413997,2459188.6380743943,59188.139976899998,17.00243,0.0240671113,0,zg,298.003713,29.8706058,0.526000023,0.0250000004,20201205139977,686,0x3,0x4,19.5,26.2852402,0.0336518511,-0.0349779353,2.1407297e-05,30,1.82200003,1
686103400106565,143914218,2459193.6400246262,59193.142187500001,17.0666485,0.0244247559,32768,zg,298.00369669999998,29.870682200000001,0.616999984,-0.063000001,20201210142187,686,0x3,0x4,18.3299999,24.5127316,0.0788047686,-0.0783853158,0.000239081797,30,2.06999993,1
686103400106565,144114223,2459195.6399717517,59195.142233799997,16.9086227,0.0235776696,32768,zg,298.00378039999998,29.8705514,0.603999972,0.064000003,20201212142234,686,0x3,0x4,18.2399998,25.1370411,0.099573493,0.00823019538,0.000396166026,30,2.17499995,1
686103400106565,151151358,2459266.0103512784,59265.513588000002,17.0486603,0.0243226476,0,zg,298.00378649999999,29.870591699999999,0.479999989,0.0240000002,20210220513588,686,0x3,0x4,19.8099995,26.2116089,0.0328619108,-0.0552926995,2.03350864e-05,30,2.3210001,1
686103400106565,152049547,2459274.9924995285,59274.4954745,17.0327606,0.0242336541,0,zg,298.00380860000001,29.870609600000002,0.425000012,0.0219999999,20210301495475,686,0x3,0x4,18.3999996,26.2109108,0.0566387586,-0.0614021905,0.000117384472,30,2.18099999,1
686103400106565,152251203,2459277.0091316584,59276.512037,17.0296097,0.0242161583,0,zg,298.00375170000001,29.870628199999999,0.690999985,-0.0270000007,20210303512037,686,0x3,0x4,19.9500008,26.2786598,0.0241830908,-0.0878363624,1.09633511e-05,30,1.81799996,1
686103400106565,154443273,2459298.9308062908,59298.432731499997,17.0107307,0.024112273,0,zg,298.00378469999998,29.8706283,0.625999987,-0.00499999989,20210325432720,686,0x3,0x4,19.3199997,25.9815254,0.034555424,-0.06876643,2.28978297e-05,30,2.12899995,1
686103400106565,154850237,2459303.0006673555,59302.502372700001,17.0832214,0.0245201848,0,zg,298.00374490000002,29.8706189,0.768999994,-0.0240000002,20210329502373,686,0x3,0x4,20.1100006,26.4041538,0.0213560294,-0.10494063,8.70866188e-06,30,1.28799999,1
686103400106565,155149398,2459305.9924436565,59305.493981500003,17.0421143,0.0242858678,0,zg,298.00377109999999,29.870610599999999,0.44600001,-0.0340000018,20210401493981,686,0x3,0x4,20.2700005,26.3979836,0.0204147752,-0.0868027657,8.10091205e-06,30,1.28900003,1
686103400106565,155349121,2459307.9897918552,59307.491215299997,17.0609703,0.0243923552,0,zg,298.0037633,29.870638700000001,0.848999977,-0.0149999997,20210403491146,686,0x3,0x4,20.7399998,26.4488621,0.019300282,-0.123916708,7.21948481e-06,30,1.27499998,1
686103400106565,155544834,2459309.9470353704,59309.448344900004,17.0410881,0.0242801178,0,zg,298.00374909999999,29.8706292,0.924000025,-0.0209999997,20210405448345,686,0x3,0x4,20.7399998,26.358881,0.0187838357,-0.096964106,6.78830975e-06,30,1.52900004,1
686103400106565,155745710,2459311.9559157025,59311.457106499998,17.0604858,0.0243896004,0,zg,298.00377200000003,29.870630299999998,0.592000008,-0.0160000008,20210407457095,686,0x3,0x4,21.0100002,26.4353981,0.0177480206,-0.116917714,5.94859921e-06,30,1.41600001,1
686103400106565,156048712,2459314.986120976,59314.487129599998,17.0580978,0.0243760291,0,zg,298.00376240000003,29.8706304,0.43599999,-0.00100000005,20210410487130,686,0x3,0x4,20.9300003,26.4459877,0.017544888,-0.120750703,5.93109553e-06,30,1.20500004,1
686103400106565,156239179,2459316.8909014664,59316.391794000003,17.0522194,0.0243427306,0,zg,298.00377170000002,29.870619399999999,0.758000016,-0.0410000011,20210412391782,686,0x3,0x4,21.0499992,26.2119846,0.0244143065,-0.0848468989,1.13688229e-05,30,1.98300004,1
686103400106565,156545456,2459319.9538568784,59319.4545602,17.003458,0.0240726918,0,zg,298.00378760000001,29.870631400000001,1.00899994,0.00300000003,20210415454560,686,0x3,0x4,20.4599991,26.3882828,0.0205379818,-0.0789105073,8.07975539e-06,30,1.29499996,1
686103400106565,156844471,2459322.9441942507,59322.444710600001,17.0343418,0.0242424533,0,zg,298.00374390000002,29.870630899999998,0.48300001,-0.0209999997,20210418444711,686,0x3,0x4,20.9500008,26.3951473,0.022496216,-0.0905019492,9.73362785e-06,30,1.30400002,1
686103400106565,157145679,2459325.9564677868,59325.456793999998,17.0347328,0.0242446326,0,zg,298.00376690000002,29.8706256,0.842999995,-0.023,20210421456794,686,0x3,0x4,20.9200001,26.4375744,0.0182761494,-0.099821642,6.55835493e-06,30,1.20599997,1
686103400106565,158245396,2459336.9543450307,59336.453969900002,17.0349979,0.0242461078,0,zg,298.00376199999999,29.8706268,0.879999995,-0.0450000018,20210502453970,686,0x3,0x4,20.6800003,26.407795,0.0172327179,-0.0845485926,5.61226443e-06,30,1.11199999,2
686103400106565,158245740,2459336.9577827523,59336.457407399997,17.0390739,0.0242688488,0,zg,298.00376360000001,29.870624400000001,1.10599995,-0.050999999,20210502457326,686,0x3,0x4,20.5799999,26.4228802,0.0185500607,-0.0948851779,6.72564784e-06,30,1.10300004,1
686103400106565,158343454,2459337.9349862929,59337.434548600002,17.022068,0.0241744649,0,zg,298.00374340000002,29.8706256,0.629999995,-0.00800000038,20210503434525,686,0x3,0x4,20.2600002,26.3818398,0.0231383201,-0.103711329,1.04361698e-05,30,1.16499996,2
686103400106565,158444017,2459338.9406753965,59338.4401736,17.030611,0.0242217127,0,zg,298.00375059999999,29.870625100000002,0.720000029,0.0109999999,20210504440174,686,0x3,0x4,21.1399994,26.4224167,0.018780604,-0.0830128565,6.80516587e-06,30,1.13699996,2
686103400106565,158540881,2459339.9093828322,59339.4088194,17.042778,0.0242895875,0,zg,298.00375759999997,29.870616800000001,0.742999971,-0.0430000015,20210505408785,686,0x3,0x4,21.2199993,26.4015636,0.0184810441,-0.109823786,6.50017091e-06,30,1.25,1
686103400106565,158644870,2459340.9493332389,59340.4487037,17.0302811,0.0242198799,0,zg,298.00374950000003,29.870629999999998,0.620000005,-0.00999999978,20210506448692,686,0x3,0x4,21.4099998,26.4690418,0.0167224426,-0.103678152,5.35540585e-06,30,1.097,2
686103400106565,158747418,2459341.9748843797,59341.474189799999,17.0319061,0.0242289081,0,zg,298.0037572,29.870627200000001,0.853999972,-0.00999999978,20210507474190,686,0x3,0x4,20.6599998,26.4296532,0.0221659038,-0.0877676457,9.41415692e-06,30,1.03999996,1
686103400106565,158847365,2459342.9744152101,59342.473657399998,17.0493698,0.024326643,0,zg,298.00376230000001,29.870621400000001,0.745999992,-0.0299999993,20210508473657,686,0x3,0x4,21.3999996,26.4582348,0.0162942503,-0.112718329,5.13478381e-06,30,1.03600001,2
686103400106565,159046880,2459344.9696914158,59344.468807899997,17.059248,0.0243825633,0,zg,298.00376369999998,29.8706253,0.871999979,-0.00200000009,20210510468808,686,0x3,0x4,21.2900009,26.4611588,0.0172684304,-0.129824668,5.65931032e-06,30,1.03499997,2
686103400106565,159046974,2459344.970628975,59344.469745399998,17.0616302,0.0243961141,0,zg,298.003758,29.8706295,0.70599997,0.00499999989,20210510469745,686,0x3,0x4,21.2600002,26.4405518,0.0173448641,-0.119518563,5.82083658e-06,30,1.03400004,1
686103400106565,159247085,2459346.9718653429,59346.470856499996,17.0266991,0.024200039,0,zg,298.00376240000003,29.870620800000001,0.460000008,-0.0199999996,20210512470856,686,0x3,0x4,21.5499992,26.4274559,0.017263433,-0.076254271,5.70795555e-06,30,1.02499998,1
686103400106565,159542510,2459349.9262961424,59349.425104200003,17.0562134,0.0243653338,0,zg,298.00379359999999,29.870638799999998,1.63,-0.0260000005,20210515425104,686,0x3,0x4,21.0699997,26.4520779,0.0193556342,-0.101378776,7.12463225e-06,30,1.09399998,1
686103400106565,159940863,2459353.9100689907,59353.408634300002,17.0376568,0.0242609363,0,zg,298.00375389999999,29.870615300000001,0.685000002,-0.0130000003,20210519408623,686,0x3,0x4,20.9699993,26.421463,0.0184433833,-0.0912994668,6.5483423e-06,30,1.10899997,1
686103400106565,160245018,2459356.9518014085,59356.450185200003,17.0361862,0.0242527314,0,zg,298.00378189999998,29.8706374,1.02699995,-0.0370000005,20210522450174,686,0x3,0x4,21.0200005,26.4612255,0.0173677392,-0.0986821279,5.88466173e-06,30,1.01800001,1
686103400106565,160532754,2459359.8293306259,59359.327546300003,17.0476227,0.0243168063,0,zg,298.0037514,29.870620200000001,0.739000022,-0.0270000007,20210525327546,686,0x3,0x4,19.8099995,26.3033943,0.0251336507,-0.0993795693,1.18338558e-05,30,1.40499997,1
686103400106565,160841282,2459362.9147846098,59362.4128241,17.0346603,0.0242442265,0,zg,298.00375400000001,29.8706201,0.661000013,0.00100000005,20210528412824,686,0x3,0x4,20.4400005,26.4474487,0.0174922105,-0.0773256943,5.87205886e-06,30,1.046,1
686103400106565,161038465,2459364.8867233805,59364.384652799999,17.0561848,0.0243651737,0,zg,298.00376490000002,29.870625,0.638999999,-0.0419999994,20210530384618,686,0x3,0x4,20.6499996,26.4080601,0.0185067318,-0.0882743075,6.51375512e-06,30,1.09300005,1
686103400106565,161444800,2459368.9503000807,59368.448009300002,17.0570641,0.0243701618,0,zg,298.00376849999998,29.870629399999999,1.52499998,-0.00600000005,20210603447928,686,0x3,0x4,21.2199993,26.4839439,0.0174173862,-0.118277445,5.84771396e-06,30,1,1
686103400106565,161640123,2459370.9036315707,59370.401238400002,17.0562477,0.0243655313,0,zg,298.00377479999997,29.870627599999999,1.04200006,-0.0289999992,20210605401238,686,0x3,0x4,21.2099991,26.4891396,0.0195225142,-0.125388861,7.37449636e-06,30,1.03100002,1
686103400106565,161945378,2459373.9563330701,59373.453784700003,17.0418892,0.0242846068,0,zg,298.00379140000001,29.8706262,0.551999986,-0.00400000019,20210608453750,686,0x3,0x4,21.0400009,26.5217857,0.0181036424,-0.0987063795,6.18450349e-06,30,1.00300002,1
686103400106565,162238416,2459376.8868581494,59376.384166700002,17.0074158,0.0240942035,0,zg,298.00376899999998,29.8706277,0.523000002,-0.0289999992,20210611384167,686,0x3,0x4,21.3799992,26.4810715,0.0171657372,-0.0828625634,5.66017161e-06,30,1.03100002,1
686103400106565,162437293,2459378.8757248777,59378.3729398,17.0404358,0.0242764689,0,zg,298.00376199999999,29.870622300000001,0.573000014,-0.0250000004,20210613372940,686,0x3,0x4,21.2700005,26.483242,0.0158911496,-0.0838029832,4.70853001e-06,30,1.03999996,1
686103400106565,162641487,2459380.9177508638,59380.414872699999,17.1308136,0.0248016622,32768,zg,298.003739,29.870610899999999,0.648000002,-0.0270000007,20210615414850,686,0x3,0x4,19.1499996,24.2600231,0.0568897873,-0.0887091085,6.52972813e-05,30,1,1
686103400106565,162840706,2459382.9100260828,59382.407060199999,17.0449162,0.0243015848,0,zg,298.00375459999998,29.870619000000001,0.787999988,-0.0289999992,20210617407060,686,0x3,0x4,21.1000004,26.2887554,0.0195792336,-0.0744992346,7.35164031e-06,30,1.00100005,1
686103400106565,163141013,2459385.9132310469,59385.410138899999,17.0306225,0.0242217798,0,zg,298.00378060000003,29.870606800000001,0.700999975,-0.0340000018,20210620410069,686,0x3,0x4,21.1000004,26.4194279,0.0178233366,-0.0813277066,6.20981109e-06,30,1,1
686103400106565,163336319,2459387.8663646891,59387.363194400001,17.0492706,0.024326086,0,zg,298.00377809999998,29.870611100000001,0.569999993,0.0120000001,20210622363137,686,0x3,0x4,20.3799992,26.3751221,0.0195355844,-0.1061702,7.27328234e-06,30,1.01999998,1
686103400106565,163830000,2459392.8033533199,59392.300000000003,17.0194893,0.0241602696,0,zg,298.00376230000001,29.870612600000001,0.736999989,0.0109999999,20210627299988,686,0x3,0x4,20.3799992,26.3692245,0.0205916632,-0.0627012551,8.12068356e-06,30,1.11500001,1
686103400106565,164037263,2459394.8760627024,59394.3726389,17.0386276,0.0242663566,0,zg,298.00376949999998,29.870608000000001,1.12,-0.064000003,20210629372639,686,0x3,0x4,20.7000008,26.2994442,0.0185874347,-0.0722335652,6.56368502e-06,30,1.00100005,1
686103400106565,164330167,2459397.8051948622,59397.301678199998,17.0362015,0.0242528189,0,zg,298.00375839999998,29.870618499999999,1.102,-0.0199999996,20210702301667,686,0x3,0x4,21.1100006,26.4360218,0.0174958128,-0.110342443,5.77591527e-06,30,1.07599998,1
686103400106565,164638012,2459400.8837329051,59400.380127299999,17.0292664,0.0242142528,0,zg,298.00374390000002,29.870627200000001,0.751999974,-0.00700000022,20210705380127,686,0x3,0x4,21.3400002,26.4510231,0.0179570261,-0.0868893489,6.21810614e-06,30,1.00300002,1
686103400106565,164831979,2459402.8234486384,59402.3197917,17.0420914,0.0242857393,0,zg,298.00375730000002,29.870622099999999,0.280000001,-0.00300000003,20210707319792,686,0x3,0x4,21.2800007,26.4819088,0.0168430507,-0.109014466,5.40474548e-06,30,1.023,1
686103400106565,165035885,2459404.8625611216,59404.3588542,17.0474682,0.0243159346,0,zg,298.00375509999998,29.870620200000001,1.57299995,-0.0610000007,20210709358727,686,0x3,0x4,21.2900009,26.3823071,0.01753789,-0.0938121751,5.92929746e-06,30,1,1
686103400106565,165236430,2459406.8680576221,59406.3643056,17.0053253,0.0240828283,32768,zg,298.00377379999998,29.870618499999999,0.806999981,-0.0340000018,20210711364259,686,0x3,0x4,20.9099998,26.0049801,0.045867689,-0.0796298012,4.09253335e-05,30,1.00300002,1
686103400106565,165436219,2459408.8659920022,59408.362199100004,17.0050735,0.024081463,0,zg,298.0037691,29.870619999999999,0.477999985,-0.0329999998,20210713362188,686,0x3,0x4,21.2900009,26.1287251,0.0180115364,-0.059303388,6.12234817e-06,30,1.005,1
686103400106565,165634467,2459410.8485053275,59410.3446759,17.0182648,0.0241535343,0,zg,298.00375380000003,29.870622300000001,1.08099997,-0.0179999992,20210715344549,686,0x3,0x4,21.3400002,26.244976,0.0199774466,-0.0719268695,7.53988388e-06,30,1.00100005,1
686103400106565,165834109,2459412.8449616036,59412.341099500001,17.038311,0.0242645871,0,zg,298.0037595,29.8706204,0.538999975,-0.0489999987,20210717340972,686,0x3,0x4,20.9500008,25.9771004,0.0187548921,-0.0719187334,6.62388993e-06,30,1.00100005,1
686103400106565,166143116,2459415.9350734539,59415.431169000003,17.0489197,0.0243241116,0,zg,298.00378970000003,29.870630800000001,0.515999973,-0.0179999992,20210720431157,686,0x3,0x4,21.1399994,26.3797703,0.0189252943,-0.101734906,6.73295108e-06,30,1.176,1
686103400106565,166431848,2459418.8224188522,59418.318483800002,17.0168076,0.0241455361,32768,zg,298.00372579999998,29.870625799999999,0.596000016,-0.0260000005,20210723318391,686,0x3,0x4,19.2900009,25.9465218,0.0437185653,-0.0818476602,3.7018759e-05,30,1,1
686103400106565,167026863,2459424.7726044976,59424.268634300002,17.0624676,0.0244008843,0,zg,298.00377040000001,29.870634200000001,0.904999971,-0.0480000004,20210729268623,686,0x3,0x4,21.1700001,26.478384,0.0184352826,-0.107876353,6.52857307e-06,30,1.01400006,1
686103400106565,167329841,2459427.8023879654,59427.2984144,17.0079498,0.0240971111,0,zg,298.00376649999998,29.870613299999999,0.467000008,-0.0460000001,20210801298356,686,0x3,0x4,21.3999996,26.3946342,0.0180838108,-0.067488566,6.21858135e-06,30,1.00100005,1
686103400106565,167533354,2459429.8375119711,59429.333541699998,17.0195122,0.0241603963,0,zg,298.00377179999998,29.870626900000001,0.575999975,0.0179999992,20210803333542,686,0x3,0x4,21.4400005,26.47826,0.0182202011,-0.0987071246,6.39132259e-06,30,1.03100002,1
686103400106565,168026829,2459434.7722423724,59434.2682986,17.0753174,0.0244745109,0,zg,298.00375759999997,29.870625499999999,1.64999998,0.00899999961,20210808268264,686,0x3,0x4,21.3600006,26.5152607,0.0193547476,-0.127363086,7.0991905e-06,30,1,1
686103400106565,168534725,2459439.8511460493,59439.347256900001,17.0152893,0.0241372101,0,zg,298.0037542,29.8706274,0.961000025,-0.0370000005,20210813347245,686,0x3,0x4,20.9500008,26.2320557,0.0232680012,-0.0859135762,1.02481054e-05,30,1.11600006,1
686103400106565,168830383,2459442.8076757798,59442.303830999997,17.0559425,0.024363799,0,zg,298.00375819999999,29.870618199999999,0.600000024,-0.0120000001,20210816303831,686,0x3,0x4,20.9899998,26.3598003,0.0183899105,-0.0978102013,6.35381002e-06,30,1.03900003,1
686103400106565,169032641,2459444.8302211384,59444.326412000002,17.0008278,0.0240584295,0,zg,298.00376189999997,29.870628199999999,0.683000028,-0.0419999994,20210818326412,686,0x3,0x4,20.1399994,26.2054729,0.0262613837,-0.0891085342,1.36909057e-05,30,1.09599996,1
686103400106565,169420415,2459448.7078841818,59448.2041551,17.0556622,0.0243622139,0,zg,298.00376080000001,29.870619099999999,0.750999987,-0.061999999,20210822204144,686,0x3,0x4,20.0200005,26.3945141,0.021289438,-0.0960100964,8.80835887e-06,30,1.01300001,1
686103400106565,169626313,2459450.7668169606,59450.263136599999,17.0309792,0.0242237579,0,zg,298.00376130000001,29.870626099999999,0.856999993,-0.0700000003,20210824263137,686,0x3,0x4,19.9699993,26.1617489,0.0228810683,-0.0710297376,9.87295607e-06,30,1.01600003,1
686103400106565,169830622,2459452.8098547044,59452.3062269,17.0402946,0.0242756736,0,zg,298.00374590000001,29.870628799999999,0.52700001,0.0260000005,20210826306215,686,0x3,0x4,20.75,26.4892292,0.0205729995,-0.108651631,8.26375799e-06,30,1.10099995,1
686103400106565,170021517,2459454.7187486123,59454.215173600001,17.0442276,0.0242977217,0,zg,298.00375459999998,29.8706259,1.07500005,0.0179999992,20210828215150,686,0x3,0x4,21.2900009,26.5030766,0.0182221942,-0.103766009,6.20425772e-06,30,1,1
686103400106565,170426831,2459458.771761314,59458.268310200001,17.0269089,0.0242011975,0,zg,298.0037858,29.870631199999998,0.211999997,-0.00200000009,20210901268299,686,0x3,0x4,21.3199997,26.3787041,0.0187856108,-0.0780335516,6.85133728e-06,30,1.05299997,1
686103400106565,170628549,2459460.7888813126,59460.285497700002,17.0403175,0.0242758095,0,zg,298.00375939999998,29.870628400000001,1.13100004,-0.00200000009,20210903285498,686,0x3,0x4,21.4300003,26.4832573,0.017149698,-0.0971136168,5.68846053e-06,30,1.10300004,1
686103400106565,170828872,2459462.7920397376,59462.288726899998,17.0273495,0.0242036358,0,zg,298.0037494,29.870625799999999,0.924000025,-0.0109999999,20210905288715,686,0x3,0x4,21.2900009,26.4712219,0.0178350061,-0.0868611932,6.02599903e-06,30,1.12800002,1
686103400106565,171024376,2459464.747001864,59464.243761600002,17.0184174,0.0241543744,0,zg,298.00375530000002,29.8706216,0.842000008,-0.0130000003,20210907243762,686,0x3,0x4,21.4899998,26.4621525,0.0201163441,-0.0830282122,7.69272083e-06,30,1.03900003,1
686103400106565,171232100,2459466.8241662532,59466.321006899998,17.038168,0.0242637862,0,zg,298.00377040000001,29.870624299999999,0.972000003,-0.0359999985,20210909320995,686,0x3,0x4,21.1499996,26.3759708,0.017854711,-0.0941998959,6.01767442e-06,30,1.31099999,1
686103400106565,171419599,2459468.6990786139,59468.195995399998,17.0031509,0.0240710229,0,zg,298.00376870000002,29.870616399999999,0.801999986,0.00100000005,20210911195972,686,0x3,0x4,21.3899994,26.4637871,0.0193165895,-0.0823195577,7.08442485e-06,30,1.00300002,1
686103400106565,171624739,2459470.7503922358,59470.247395799997,17.0434532,0.0242933724,0,zg,298.0037906,29.870624299999999,0.60799998,0.00899999961,20210913247384,686,0x3,0x4,21.2199993,26.5883331,0.0255051274,-0.118876763,1.24620574e-05,30,1.07700002,1
686103400106565,171927956,2459473.782422109,59473.279560199997,17.0373497,0.0242592208,0,zg,298.0037719,29.8706307,0.595000029,-0.00499999989,20210916279560,686,0x3,0x4,20.6100006,26.4381771,0.0200105552,-0.105963022,7.80016944e-06,30,1.20299995,1
686103400106565,172224087,2459476.7436032719,59476.240879600002,17.0393848,0.0242705885,0,zg,298.00376019999999,29.870622999999998,1.22399998,-0.0610000007,20210919240880,686,0x3,0x4,19.9400005,26.446188,0.0225848816,-0.0958503187,9.79963988e-06,30,1.10099995,1
686103400106565,172429916,2459478.8017903902,59478.299166700002,17.0376511,0.0242609046,0,zg,298.00377320000001,29.870631299999999,0.500999987,-0.00700000022,20210921299167,686,0x3,0x4,19.8199997,26.3474922,0.0243060365,-0.0705547035,1.13131118e-05,30,1.37800002,1
686103400106565,173018767,2459484.6899951492,59484.187673599998,17.0238152,0.0241840985,0,zg,298.00375580000002,29.8706231,0.861000001,-0.0480000004,20210927187674,686,0x3,0x4,21.4300003,26.4506283,0.0203885995,-0.0836690664,7.82555526e-06,30,1.03699994,1
686103400106565,173319420,2459487.6963599925,59487.194201400001,17.0154285,0.0241379719,0,zg,298.00376030000001,29.870620599999999,0.822000027,-0.0520000011,20210930194201,686,0x3,0x4,20.9300003,26.3632107,0.0200728998,-0.0745096058,7.68625341e-06,30,1.06299996,1
686103400106565,173520581,2459489.7078567562,59489.205810200001,17.0322914,0.0242310483,0,zg,298.00376990000001,29.8706195,0.587000012,-0.0250000004,20211002205799,686,0x3,0x4,21.2399998,26.4022026,0.0178907719,-0.0797931924,6.06854837e-06,30,1.102,1
686103400106565,173725731,2459491.7592447409,59491.257314800001,17.0050507,0.0240813401,0,zg,298.00376970000002,29.870624200000002,0.504999995,-0.0460000001,20211004257315,686,0x3,0x4,20.8400002,26.1607819,0.0189865269,-0.0655395165,6.94343544e-06,30,1.33800006,1
686103400106565,174814113,2459502.642412744,59502.1411343,17.0328636,0.0242342297,0,zg,298.003761,29.870614,0.648999989,-0.0370000005,20211015141134,686,0x3,0x4,20.2999992,26.450758,0.0219473764,-0.0822570696,9.1606571e-06,30,1.04100001,1
686103400106565,175019374,2459504.6949005141,59504.193749999999,17.0043564,0.0240775626,0,zg,298.00376039999998,29.870630599999998,0.48300001,-0.0329999998,20211017193750,686,0x3,0x4,20.4099998,26.4061337,0.0187769048,-0.0632134154,6.78018796e-06,30,1.19799995,1
686103400106565,175620390,2459510.7046700991,59510.203900499997,17.0307159,0.0242222957,0,zg,298.00377159999999,29.870619399999999,0.735000014,-0.0140000004,20211023203889,686,0x3,0x4,20.2299995,26.3786888,0.019901054,-0.0943736732,7.56746886e-06,30,1.329,1
686103400106565,175818254,2459512.6831888962,59512.182546299999,17.039257,0.0242698751,0,zg,298.00377580000003,29.870628499999999,0.430000007,-0.0170000009,20211025182546,686,0x3,0x4,20.9500008,26.4464512,0.016787624,-0.0787313357,5.55100632e-06,30,1.245,1
686103400106565,176316351,2459517.6638391721,59517.163518499998,17.0126228,0.0241226181,0,zg,298.00376419999998,29.870625400000002,0.933000028,0.0599999987,20211030163519,686,0x3,0x4,21.3099995,26.4733849,0.0200753249,-0.0856173187,7.76285287e-06,30,1.22000003,2
686103400106565,176814243,2459522.6424282696,59522.142430599997,17.0212517,0.0241699684,0,zg,298.00376010000002,29.8706262,1.01199996,-0.0350000001,20211104142431,686,0x3,0x4,21.2800007,26.4640884,0.0169189442,-0.0796650648,5.38795439e-06,30,1.18900001,1
686103400106565,176915268,2459523.6526173963,59523.152685200002,17.0339966,0.024240531,0,zg,298.00376820000002,29.870627500000001,0.368999988,-0.0199999996,20211105152674,686,0x3,0x4,21.1900005,26.4708443,0.0198175423,-0.0865636095,7.41957365e-06,30,1.24600005,2
686103400106565,177012247,2459524.6223463435,59524.122476899996,17.010519,0.02411112,0,zg,298.00375860000003,29.870621,0.579999983,-0.0540000014,20211106122477,686,0x3,0x4,21.3600006,26.5122967,0.0194136072,-0.0833232924,6.9859725e-06,30,1.13800001,1
686103400106565,177112091,2459525.6207193108,59525.120914400002,17.0235405,0.024182586,0,zg,298.00374950000003,29.870626399999999,1.57500005,-0.0469999984,20211107120914,686,0x3,0x4,21.4899998,26.4843922,0.0190250482,-0.0768550858,6.82548762e-06,30,1.14199996,2
686103400106565,177219682,2459526.6965641361,59526.196828699998,17.0144005,0.024132343,0,zg,298.00375179999997,29.870635100000001,1.04499996,-0.075000003,20211108196782,686,0x3,0x4,21.0400009,26.3802185,0.0185207166,-0.0742100477,6.62927732e-06,30,1.61500001,1
686103400106565,177315496,2459527.6546390965,59527.154965299997,17.0235558,0.0241826698,0,zg,298.00376490000002,29.870622699999998,0.77700001,-0.0529999994,20211109154954,686,0x3,0x4,21,26.4514122,0.0165644791,-0.0908738226,5.20475305e-06,30,1.31400001,2
686103400106565,177719582,2459531.6952372263,59531.1958218,17.0465107,0.0243105479,0,zg,298.00372759999999,29.870613800000001,0.717000008,-0.0170000009,20211113195810,686,0x3,0x4,19.5,26.3264313,0.0317180306,-0.0621086434,1.88593949e-05,30,1.75699997,1
686103400106565,178311562,2459537.6146693504,59537.115624999999,17.074173,0.024467919,32768,zg,298.0037734,29.8706189,0.624000013,-0.0410000011,20211119115625,686,0x3,0x4,18.8999996,25.5522442,0.0433210731,-0.0823182166,3.90113055e-05,30,1.25100005,1
686103400106565,178916333,2459543.6620109309,59543.163333299999,16.9840984,0.0239684638,0,zg,298.00373059999998,29.870616800000001,0.592000008,0.0379999988,20211125163333,686,0x3,0x4,19.5799999,26.276844,0.0370750204,-0.0569975898,2.62949507e-05,30,1.76100004,1
686103400106565,188649410,2459640.9911588356,59640.494108799998,16.9737091,0.0239132121,0,zg,298.0037476,29.8706146,0.451999992,-0.0450000018,20220302494097,686,0x3,0x4,20.5900002,26.2141914,0.020457333,-0.032485228,7.83899213e-06,30,2.17000008,1
686103400106565,191649525,2459670.9937023064,59670.495254599999,17.040638,0.0242775958,0,zg,298.003761,29.8706301,1.45299995,-0.0599999987,20220401495243,686,0x3,0x4,21.3500004,26.4526176,0.0171455257,-0.101233549,5.60064154e-06,30,1.28600001,1
686103400106565,191947565,2459673.9742785757,59673.475659700001,17.013979,0.0241300315,0,zg,298.00378060000003,29.870630999999999,0.469999999,0.00700000022,20220404475648,686,0x3,0x4,20.2399998,26.2408142,0.025918806,-0.0809234753,1.30724511e-05,30,1.35099995,1
686103400106565,192246797,2459676.9667693437,59676.467974500003,17.0140343,0.0241303388,0,zg,298.00372499999997,29.870659,1.03699994,-0.0120000001,20220407467963,686,0x3,0x4,19.7600002,26.2897739,0.0347907245,-0.0706424043,2.3910743e-05,30,1.34800005,1
686103400106565,192449076,2459678.9896797868,59678.490763900001,17.0615768,0.0243958086,32768,zg,298.00377659999998,29.8706274,0.247999996,0,20220409490741,686,0x3,0x4,20.9599991,26.5005016,0.0199068207,-0.140217662,7.60582316e-06,30,1.204,1
686103400106565,192841278,2459682.9119440145,59682.412789399998,17.0592957,0.0243828334,0,zg,298.00376039999998,29.8706517,0.847000003,-0.0130000003,20220413412789,686,0x3,0x4,19.7700005,26.3104172,0.0229350142,-0.10673508,1.02234708e-05,30,1.67200005,1
686103400106565,193239366,2459686.8930706121,59686.393668999997,17.0096474,0.0241063647,0,zg,298.00371460000002,29.870670400000002,0.509000003,-0.0280000009,20220417393657,686,0x3,0x4,18.4500008,26.1104336,0.0500609688,-0.0580998175,7.32817352e-05,30,1.76900005,1
686103400106565,193546862,2459689.9682176742,59689.468622699998,17.0211945,0.0241696518,0,zg,298.00382819999999,29.870632100000002,0.609000027,0.0179999992,20220420468611,686,0x3,0x4,19.5400009,26.3859692,0.0294658355,-0.0790624544,1.68151328e-05,30,1.17299998,1
686103400106565,194044653,2459694.9464505347,59694.4465394,17.0230522,0.0241798889,0,zg,298.00373480000002,29.870606500000001,0.971000016,-0.0109999999,20220425446528,686,0x3,0x4,20.0900002,26.2528725,0.0280884802,-0.0778948143,1.50355145e-05,30,1.20599997,1
686103400106565,194243449,2459696.9345287792,59696.434490699998,17.0536041,0.0243505575,0,zg,298.00376560000001,29.870636900000001,0.792999983,-0.0160000008,20220427434479,686,0x3,0x4,20.8099995,26.4215126,0.0205233488,-0.101217926,8.06822845e-06,30,1.23500001,1
686103400106565,194445311,2459698.953280583,59698.453113399999,17.0752258,0.0244739819,0,zg,298.0037403,29.870642199999999,1.23000002,-0.0109999999,20220429453102,686,0x3,0x4,20.8899994,26.4143276,0.0195222795,-0.133223593,7.32715989e-06,30,1.14199996,1
686103400106565,194740761,2459701.9079717649,59701.407615700002,17.0579472,0.0243751705,32768,zg,298.00375200000002,29.870642199999999,0.425000012,0.00899999961,20220502407604,686,0x3,0x4,20.8400002,26.4208832,0.0244215149,-0.155333951,1.17514446e-05,30,1.30200005,1
686103400106565,194745053,2459701.9508912368,59701.450532399998,17.0710907,0.0244502034,0,zg,298.00376519999998,29.870631299999999,0.814999998,-0.0130000003,20220502450532,686,0x3,0x4,21.25,26.4140911,0.017719157,-0.125226915,6.02512e-06,30,1.12399995,1
686103400106565,195742601,2459711.9270087411,59711.426018500002,17.0573788,0.0243719481,0,zg,298.00375459999998,29.870621199999999,1.00800002,-0.0130000003,20220512426007,686,0x3,0x4,20.0100002,26.419508,0.0243471041,-0.100912981,1.11246709e-05,30,1.11600006,1
686103400106565,195946336,2459713.964484978,59713.463368099998,17.0326309,0.024232937,0,zg,298.00375509999998,29.870615300000001,0.349000007,0.0130000003,20220514463356,686,0x3,0x4,20.6599998,26.4194298,0.017781198,-0.0794134364,6.02896262e-06,30,1.02900004,1
686103400106565,196940568,2459723.9073989931,59723.405682899996,17.0564117,0.0243664589,0,zg,298.0037471,29.870624400000001,1.06299996,-0.0149999997,20220524405683,686,0x3,0x4,20.9500008,26.442318,0.0193045344,-0.114987515,7.20257913e-06,30,1.08399999,1
686103400106565,197144777,2459725.9496122049,59725.4477778,17.0269718,0.024201544,0,zg,298.00376999999997,29.870623500000001,0.312999994,-0.0260000005,20220526447766,686,0x3,0x4,21.4899998,26.5067196,0.0193243194,-0.104505949,7.17156945e-06,30,1.01100004,1
686103400106565,197342547,2459727.9274215964,59727.4254745,17.0531197,0.0243478175,0,zg,298.00375509999998,29.8706207,0.5,-0.0189999994,20220528425463,686,0x3,0x4,21.0100002,26.3399925,0.018858945,-0.121729001,6.67724589e-06,30,1.028,1
686103400106565,197738642,2459731.8885903242,59731.386423600001,17.0403519,0.0242759958,0,zg,298.00376240000003,29.870627299999999,0.592000008,0.00700000022,20220601386343,686,0x3,0x4,21.0599995,26.4851532,0.0183713511,-0.109506264,6.35678543e-06,30,1.07799995,1
686103400106565,197932048,2459733.8227568464,59733.320486099998,17.061409,0.024394853,0,zg,298.0037481,29.870625700000002,1.14100003,-0.0309999995,20220603320475,686,0x3,0x4,21.0599995,26.4503059,0.0190301407,-0.11835812,6.87479815e-06,30,1.301,1
686103400106565,198145127,2459735.9536559479,59735.4512731,17.1070709,0.0246598441,32768,zg,298.00382910000002,29.870616099999999,0.907000005,-0.00899999961,20220605451262,686,0x3,0x4,20.9799995,26.4761467,0.0228592306,-0.184945077,9.89470664e-06,30,1,1
686103400106565,198441659,2459738.919131184,59738.416597199997,17.0716286,0.0244532898,0,zg,298.00380189999998,29.870604400000001,1.36199999,-0.0130000003,20220608416597,686,0x3,0x4,21.2000008,26.4775524,0.0197556801,-0.122343533,7.28741043e-06,30,1.00800002,1
686103400106565,198639870,2459740.9013354364,59740.398703699997,17.0164223,0.0241434239,0,zg,298.00374540000001,29.870625400000002,0.884000003,-0.0179999992,20220610398542,686,0x3,0x4,21.2399998,26.4411221,0.0163052715,-0.0754826516,4.97767132e-06,30,1.01800001,1
686103400106565,199043356,2459744.9363869769,59744.433564799998,17.0570736,0.0243702177,0,zg,298.00377150000003,29.8706216,0.335999995,0.00999999978,20220614433449,686,0x3,0x4,19.7399998,26.5159645,0.0234523322,-0.130223811,1.04650489e-05,30,1.00100005,1
686103400106565,199438968,2459748.8926846473,59748.389687499999,17.0603867,0.0243890379,0,zg,298.00376249999999,29.870619300000001,0.680999994,0.00300000003,20220618389676,686,0x3,0x4,20.3099995,26.5292511,0.0199329704,-0.128448904,7.57316002e-06,30,1.00800002,1
686103400106565,199632721,2459750.8302889499,59750.3272106,17.0652962,0.0244170222,0,zg,298.00374970000001,29.870644299999999,1.14900005,-0.00100000005,20220620327211,686,0x3,0x4,20.4899998,26.4922047,0.0264085233,-0.134359866,1.33487611e-05,30,1.09500003,1
686103400106565,199832166,2459752.8248254652,59752.321666700002,17.0666771,0.0244249199,0,zg,298.0037921,29.870615999999998,0.65200001,-0.0149999997,20220622321667,686,0x3,0x4,21.1599998,26.4275875,0.0200292319,-0.128274009,7.77785772e-06,30,1.09500003,1
686103400106565,200139747,2459755.9007531242,59755.397476899998,17.0070076,0.0240919795,0,zg,298.0037499,29.870626699999999,0.395000011,-0.023,20220625397280,686,0x3,0x4,21.3999996,26.4896564,0.0160450079,-0.0760183409,4.88474734e-06,30,1,1
686103400106565,200332166,2459757.825012187,59757.321666700002,17.0306702,0.0242220443,0,zg,298.0037572,29.870610500000002,0.833999991,-0.074000001,20220627321667,686,0x3,0x4,21.4200001,26.4444447,0.0164217111,-0.0794342086,5.17472063e-06,30,1.06400001,1
686103400106565,200336454,2459757.8678956055,59757.364548600002,17.0261078,0.0241967682,0,zg,298.00375550000001,29.870625100000002,0.666000009,-0.0430000015,20220627364537,686,0x3,0x4,21.5100002,26.4448586,0.0177078266,-0.0765641481,5.85848693e-06,30,1.00800002,1
686103400106565,200542370,2459759.9271210795,59759.423703699998,17.0198479,0.0241622385,0,zg,298.00375709999997,29.870621199999999,0.700999975,-0.0160000008,20220629423692,686,0x3,0x4,21.4699993,26.4365978,0.0159107447,-0.0738621131,4.78979791e-06,30,1.023,1
686103400106565,200732398,2459761.827460377,59761.323981499998,16.6881847,0.0225655343,32768,zg,298.003671,29.8705997,1.21300006,-0.136000007,20220701323970,686,0x3,0x4,17.1499996,22.257513,0.208882719,0.134212047,0.0690897554,30,1.04100001,1
686103400106565,200938891,2459763.8924538768,59763.388912000002,17.0365524,0.0242547709,0,zg,298.00374859999999,29.870615600000001,0.412,-0.0359999985,20220703388900,686,0x3,0x4,21.3799992,26.5073452,0.0159380715,-0.0907487497,4.79736127e-06,30,1.00399995,1
686103400106565,201139540,2459765.8990042941,59765.395405099996,17.0216618,0.0241722278,0,zg,298.00373830000001,29.8706225,1.61399996,-0.0860000029,20220705395394,686,0x3,0x4,21.4200001,26.5274029,0.0176117048,-0.0959439054,5.83133669e-06,30,1.01199996,1
686103400106565,201436633,2459768.8700078945,59768.366330999997,17.0205288,0.0241659898,0,zg,298.00375930000001,29.870617599999999,0.634000003,-0.050999999,20220708366331,686,0x3,0x4,21.5100002,26.4832535,0.0167181809,-0.078618139,5.31312753e-06,30,1.00100005,1
686103400106565,201442288,2459768.9265601737,59768.422881899998,17.0379391,0.0242625084,0,zg,298.00375919999999,29.870627599999999,0.971000016,-0.0299999993,20220708422882,686,0x3,0x4,21.4799995,26.4957542,0.0175285153,-0.0946548581,5.82189614e-06,30,1.05999994,1
686103400106565,201638266,2459770.8863866711,59770.382662000004,17.0277157,0.0242056623,0,zg,298.00376360000001,29.870620200000001,0.699999988,-0.0500000007,20220710382662,686,0x3,0x4,21.2700005,26.4754143,0.0166894719,-0.0814175084,5.29136287e-06,30,1.01199996,1
686103400106565,201643075,2459770.9344780422,59770.430752300002,17.0504608,0.0243327953,0,zg,298.00378719999998,29.870625499999999,0.823000014,-0.023,20220710430752,686,0x3,0x4,21.2800007,26.5072899,0.0179789811,-0.110524349,6.1289943e-06,30,1.08899999,1
686103400106565,202727944,2459781.7833560389,59781.279444400003,17.0042076,0.0240767542,0,zg,298.00375009999999,29.870622000000001,1.13800001,-0.0529999994,20220721279433,686,0x3,0x4,21.3299999,26.430912,0.0177806728,-0.0869917944,5.83190558e-06,30,1.02699995,1
686103400106565,202734862,2459781.852535136,59781.348622700003,17.0524597,0.0243440866,0,zg,298.00377120000002,29.8706371,1.43799996,-0.0610000007,20220721348588,686,0x3,0x4,20.8700008,26.3703003,0.0204428248,-0.122746848,7.82463576e-06,30,1.00899994,1
686103400106565,202929472,2459783.7986549092,59783.2947222,17.0348816,0.0242454614,0,zg,298.00375709999997,29.870620599999999,0.981999993,-0.0209999997,20220723294630,686,0x3,0x4,21.4699993,26.4846554,0.0169896614,-0.0887028798,5.33741559e-06,30,1.00699997,1
686103400106565,203135194,2459785.8558941577,59785.351944399998,17.0288696,0.024212053,0,zg,298.00374749999997,29.870621,0.462000012,-0.0359999985,20220725351771,686,0x3,0x4,21.3500004,26.416626,0.0175104272,-0.0931494758,5.94617268e-06,30,1.02199996,1
686103400106565,203337090,2459787.8748648823,59787.370902800001,17.069294,0.0244399011,0,zg,298.00372779999998,29.870629099999999,0.855000019,-0.0130000003,20220727370891,686,0x3,0x4,21.3500004,26.4642105,0.0198436584,-0.118449949,7.44679892e-06,30,1.05999994,1
686103400106565,203536231,2459789.8662847597,59789.362314799997,17.0862389,0.0245377012,32768,zg,298.00377300000002,29.8706183,1.50199997,0.00999999978,20220729362303,686,0x3,0x4,21.0900002,26.4112396,0.0216917489,-0.141725153,8.87045462e-06,30,1.05400002,1
686103400106565,203928215,2459793.7861257801,59793.282152799999,17.0233002,0.0241812561,0,zg,298.00375400000001,29.870624200000002,0.727999985,-0.0610000007,20220802282118,686,0x3,0x4,21.4699993,26.45401,0.0190425552,-0.071637921,6.76826949e-06,30,1.00100005,1
686103400106565,204130958,2459795.8135513305,59795.309583299997,17.0447941,0.0243008994,0,zg,298.00375700000001,29.870627200000001,1.43099999,0.0359999985,20220804309572,686,0x3,0x4,21.4400005,26.5035229,0.0219459198,-0.11499162,8.79427353e-06,30,1.00899994,1
686103400106565,204431884,2459798.822795135,59798.318842599998,17.0338421,0.0242396742,0,zg,298.00375000000003,29.870630800000001,0.531000018,-0.0480000004,20220807318843,686,0x3,0x4,21.1399994,26.4505882,0.0164401215,-0.0858122259,5.2204532e-06,30,1.02499998,1
686103400106565,204831023,2459802.8141485695,59802.3102315,17.0771923,0.0244853143,0,zg,298.00374829999998,29.870623999999999,1.09899998,-0.0579999983,20220811310231,686,0x3,0x4,20.2900009,26.5091496,0.0213716831,-0.114651725,8.81499182e-06,30,1.028,1
686103400106565,205129208,2459805.7959628706,59805.292083300003,17.0708714,0.0244489461,0,zg,298.00375279999997,29.870629999999998,0.578000009,-0.0410000011,20220814292060,686,0x3,0x4,20.5,26.4628048,0.0200392567,-0.106280409,7.63629214e-06,30,1.01699996,1
686103400106565,205325592,2459807.7597756721,59807.255925899997,17.0365982,0.0242550299,0,zg,298.00376189999997,29.870622300000001,1.00600004,-0.0140000004,20220816255903,686,0x3,0x4,21.0300007,26.4653549,0.0177726131,-0.0890351683,6.04424258e-06,30,1,1
686103400106565,205533033,2459809.8341494878,59809.330335600003,17.043148,0.0242916625,0,zg,298.00377270000001,29.870626900000001,0.367000014,-0.0309999995,20220818330312,686,0x3,0x4,20.9099998,26.395998,0.017188577,-0.0991547927,5.67022516e-06,30,1.10500002,1
686103400106565,205928848,2459813.7922169031,59813.288483800003,17.0638237,0.024408618,0,zg,298.00374360000001,29.8706228,0.68900001,-0.00300000003,20220822288484,686,0x3,0x4,21.0400009,26.4597588,0.0217938256,-0.1183578,9.29499129e-06,30,1.03999996,1
686103400106565,206124357,2459815.7472636793,59815.243576399997,17.0380898,0.024263354,0,zg,298.00375320000001,29.870634299999999,0.716000021,-0.0289999992,20220824243553,686,0x3,0x4,21.2600002,26.4278488,0.0178530719,-0.0958501101,6.06531694e-06,30,1.00300002,1
686103400106565,206517666,2459819.6802501208,59819.176666699997,17.0086594,0.0241009779,0,zg,298.00376,29.870623500000001,0.726999998,-0.00499999989,20220828176667,686,0x3,0x4,21.4500008,26.4622517,0.016125245,-0.070779182,4.90973935e-06,30,1.02499998,1
686103400106565,206717328,2459821.6768118711,59821.173286999998,17.0778046,0.0244888496,32768,zg,298.00396080000002,29.8705316,1.29200006,0.0199999996,20220830173275,686,0x3,0x4,20.7299995,26.5607872,0.0295120496,-0.177338421,1.70597868e-05,30,1.023,1
686103400106565,206931671,2459823.8201706656,59823.316713,17.0540352,0.0243529994,0,zg,298.0037552,29.870624899999999,0.477999985,-0.0289999992,20220901316713,686,0x3,0x4,21.1000004,26.431921,0.0197291095,-0.102163941,7.47523927e-06,30,1.18499994,1
686103400106565,207129151,2459825.7949081631,59825.291516199999,17.034462,0.0242431257,0,zg,298.00376590000002,29.8706134,0.657000005,-0.0309999995,20220903291516,686,0x3,0x4,21.2000008,26.4392643,0.018087564,-0.0958546698,6.31249668e-06,30,1.11800003,1
686103400106565,207328491,2459827.7882409706,59827.284918999998,17.0430508,0.024291113,0,zg,298.00376499999999,29.870616299999998,1.08700001,-0.061999999,20220905284919,686,0x3,0x4,20.7700005,26.3738842,0.0178187136,-0.0863422081,6.20608489e-06,30,1.11500001,1
686103400106565,208315592,2459837.6588499751,59837.155925899999,17.0253105,0.0241923593,0,zg,298.00375309999998,29.870623299999998,0.758000016,-0.0390000008,20220915155880,686,0x3,0x4,21.3700008,26.4598465,0.0174560789,-0.0852148682,5.71706869e-06,30,1.00300002,1
686103400106565,208623748,2459840.7402717737,59840.237488400002,17.0227928,0.0241784621,0,zg,298.00376890000001,29.870626600000001,0.623000026,-0.0299999993,20220918237454,686,0x3,0x4,21.6000004,26.5024738,0.0172668677,-0.0784006193,5.54290182e-06,30,1.08399999,1
686103400106565,208627858,2459840.7813694216,59840.278588000001,17.0406723,0.0242777895,0,zg,298.00377789999999,29.870631800000002,1.66900003,-0.0410000011,20220918278576,686,0x3,0x4,21.2199993,26.5265522,0.0185303316,-0.123165518,6.47231536e-06,30,1.21899998,1
686103400106565,208827826,2459842.7809500583,59842.2782639,17.0896301,0.0245574415,32768,zg,298.00378160000002,29.8706432,0.833999991,-0.00499999989,20220920278264,686,0x3,0x4,20.7999992,26.531702,0.021472387,-0.14933683,8.71584598e-06,30,1.24199998,1
686103400106565,209024122,2459844.7438166961,59844.241226899998,17.0470619,0.0243136473,0,zg,298.00376390000002,29.8706259,0.959999979,-0.0109999999,20220922241192,686,0x3,0x4,21.1800003,26.5239258,0.0176218096,-0.111792579,5.91327034e-06,30,1.12300003,1
686103400106565,209315952,2459847.6619669986,59847.159525499999,17.0659485,0.0244207513,0,zg,298.00378269999999,29.870616699999999,1.54299998,0.023,20220925159502,686,0x3,0x4,21.2000008,26.5748005,0.0252376162,-0.128030211,1.19764545e-05,30,1.00399995,1
686103400106565,209520541,2459849.7077507791,59849.205416700002,17.0274086,0.0242039636,0,zg,298.00376670000003,29.870627899999999,0.261000007,-0.0160000008,20220927205405,686,0x3,0x4,21.2299995,26.4671745,0.0192185473,-0.100598946,7.08686184e-06,30,1.06700003,1
686103400106565,209719226,2459851.6944957287,59851.192268500003,17.0295448,0.0242157988,0,zg,298.00375400000001,29.8706207,0.86500001,-0.0659999996,20220929192268,686,0x3,0x4,21.2099991,26.4482651,0.0164323542,-0.0998328105,5.03635465e-06,30,1.05200005,1
686103400106565,209915306,2459853.6551865535,59853.1530671,17.0504684,0.0243328419,0,zg,298.00378160000002,29.870625199999999,1.09800005,-0.0890000015,20221001153067,686,0x3,0x4,21.3500004,26.5423183,0.0190164428,-0.100256942,6.87596412e-06,30,1.00999999,1
686103400106565,210123802,2459855.7400231925,59855.238020800003,17.0305233,0.0242212303,0,zg,298.00374440000002,29.870630599999998,1.051,-0.0680000037,20221003238021,686,0x3,0x4,20.8600006,26.3732815,0.0177843291,-0.0955104604,5.91343814e-06,30,1.22099996,1
686103400106565,210324490,2459857.7467949549,59857.244907400003,17.0672226,0.0244280342,0,zg,298.00376249999999,29.870616600000002,0.842000008,0.0170000009,20221005244861,686,0x3,0x4,20.3999996,26.3501492,0.0199280046,-0.0981933847,7.43155806e-06,30,1.27999997,1
686103400106565,210517679,2459859.6785691488,59859.176793999999,17.0494118,0.0243268814,0,zg,298.00374549999998,29.8706253,0.97299999,-0.0350000001,20221007176782,686,0x3,0x4,20.4899998,26.4162464,0.0188052785,-0.0829599798,6.89386161e-06,30,1.06500006,1
686103400106565,210718149,2459861.6831497098,59861.181493099997,17.0294189,0.0242151003,0,zg,298.00375200000002,29.870615600000001,0.398999989,-0.0299999993,20221009181481,686,0x3,0x4,20.25,26.3980732,0.0197838005,-0.0692558959,7.42207021e-06,30,1.08700001,1
686103400106565,211117952,2459865.6809405931,59865.179525500003,17.0479088,0.0243184175,0,zg,298.00375780000002,29.870615300000001,0.839999974,0.00800000038,20221013179525,686,0x3,0x4,20.6200008,26.4708099,0.0194167085,-0.11424917,7.1335935e-06,30,1.11000001,1
686103400106565,211314351,2459867.6448127273,59867.143518500001,17.0409794,0.0242795125,0,zg,298.00375910000002,29.870632799999999,0.685000002,-0.0710000023,20221015143507,686,0x3,0x4,21.4300003,26.4657555,0.0166614037,-0.0922844857,5.25350515e-06,30,1.04400003,1
686103400106565,211614336,2459870.6444752188,59870.143368099998,17.0098724,0.0241075903,0,zg,298.0037658,29.870615999999998,0.958000004,-0.00100000005,20221018143356,686,0x3,0x4,21.3999996,26.4675598,0.0178975593,-0.0805343837,6.14131068e-06,30,1.05799997,1
686103400106565,212018371,2459874.6845664415,59874.183715300001,17.0456238,0.0243055634,0,zg,298.00376890000001,29.8706295,1.41400003,-0.0410000011,20221022183715,686,0x3,0x4,21.2299995,26.4405155,0.0175240058,-0.1020924,5.71695455e-06,30,1.21000004,1
686103400106565,212322473,2459877.7253899574,59877.224733800002,17.066925,0.0244263392,0,zg,298.00375919999999,29.870630999999999,0.963999987,-0.0149999997,20221025224722,686,0x3,0x4,20.3400002,26.3659744,0.0345493741,-0.0663956702,2.2618975e-05,30,1.51199996,1
686103400106565,212520192,2459879.7024499704,59879.201921300002,17.0845203,0.024527723,0,zg,298.00377309999999,29.870646700000002,0.973999977,-0.0179999992,20221027201921,686,0x3,0x4,20.7900009,26.4166412,0.0210267045,-0.114758238,8.53278016e-06,30,1.38100004,1
686103400106565,212713760,2459881.6380076846,59881.137604199997,17.0582733,0.0243770238,0,zg,298.00374950000003,29.870633300000001,0.811999977,-0.0240000002,20221029137593,686,0x3,0x4,20.75,26.4662266,0.0213123169,-0.101362169,8.58246494e-06,30,1.11500001,1
686103400106565,212916187,2459883.662147251,59883.161874999998,17.0781441,0.0244908109,0,zg,298.00379809999998,29.8706149,0.889999986,0.00400000019,20221031161863,686,0x3,0x4,20.5400009,26.448185,0.0216965415,-0.110807255,8.91322634e-06,30,1.222,1
686103400106565,213316079,2459887.6608114876,59887.160798600002,17.0565243,0.0243670996,32768,zg,298.00374929999998,29.8706672,1.33299994,0.0170000009,20221104160787,686,0x3,0x4,19.9699993,26.4545784,0.0257830732,-0.139534086,1.25772967e-05,30,1.26900005,1
686103400106565,213511826,2459889.6181500945,59889.118263900004,17.0377769,0.0242616031,0,zg,298.00375769999999,29.870627899999999,0.810000002,-0.0250000004,20221106118264,686,0x3,0x4,20.3799992,26.4756851,0.0203620233,-0.100540981,7.93481286e-06,30,1.12300003,1
686103400106565,214017793,2459894.6775003257,59894.1779398,17.0595379,0.0243842099,0,zg,298.00379820000001,29.870645799999998,0.838999987,-0.0419999994,20221111177894,686,0x3,0x4,19.75,26.4147682,0.0303565338,-0.132671162,1.84872006e-05,30,1.50800002,1
686103400106565,214215502,2459896.6544575477,59896.1550231,17.0324955,0.0242321827,0,zg,298.0037648,29.8706365,1.21000004,-0.0149999997,20221113154988,686,0x3,0x4,20.5,26.4166088,0.0228227153,-0.109353654,1.01940514e-05,30,1.37699997,1
686103400106565,214514069,2459899.6399401231,59899.140694399997,17.0443344,0.0242983177,0,zg,298.00376929999999,29.8705827,0.602999985,-0.00100000005,20221116140683,686,0x3,0x4,19.8899994,26.409441,0.0308452547,-0.079959847,1.87890419e-05,30,1.33899999,1
686103400106565,214711738,2459901.6165064275,59901.1173843,17.0025749,0.0240678992,32768,zg,298.00375250000002,29.8706608,0.742999971,0.00499999989,20221118117384,686,0x3,0x4,18.8700008,24.8732567,0.0731741264,-0.128171057,0.000111255547,30,1.24300003,1
686103400106565,214918576,2459903.6847579386,59903.185763900001,17.0235443,0.0241826065,0,zg,298.00371869999998,29.870613299999999,1.31299996,-0.00600000005,20221120185752,686,0x3,0x4,19.7800007,26.303463,0.0276725497,-0.0916495621,1.48943191e-05,30,1.86899996,1
686103400106565,215311384,2459907.612597961,59907.113842600003,17.0859165,0.0245358311,0,zg,298.00372900000002,29.8706107,0.749000013,-0.00700000022,20221124113843,686,0x3,0x4,19.9500008,26.4040775,0.0359049886,-0.0880823061,2.50411613e-05,30,1.30900002,1
686103400106565,215520375,2459909.7023809268,59909.203750000001,17.0216293,0.024172049,32768,zg,298.0037317,29.870634500000001,1.21300006,0.0140000004,20221126203738,686,0x3,0x4,19.8400002,26.1424141,0.0257464983,-0.0475106426,1.26870018e-05,30,2.56800008,1
686103400106565,216816656,2459922.6644752733,59922.166562500002,17.0894966,0.0245566629,0,zg,298.00373409999997,29.870710299999999,0.254000008,0.00700000022,20221209166551,686,0x3,0x4,18.8799992,26.1778698,0.0431748517,-0.116175823,3.74746778e-05,30,2.52099991,1
686103400106565,217015281,2459924.6506247208,59924.152812499997,16.978672,0.0239395499,0,zg,298.00372329999999,29.870767600000001,0.981999993,0.023,20221211152801,686,0x3,0x4,19.1000004,26.2093906,0.0388578847,-0.127939299,2.97937131e-05,30,2.31299996,1
686103400106565,224253475,2459997.0315325391,59996.534756900001,17.049614,0.0243280232,32768,zg,298.00368090000001,29.8706763,0.64200002,-0.00400000019,20230221534722,686,0x3,0x4,20.3299999,26.3605537,0.0266692061,-0.156378612,1.39508729e-05,30,1.903,1
686103400106565,228849070,2460042.9895462408,60042.490705999997,17.0611324,0.0243932772,32768,zg,298.00375910000002,29.8706365,0.497999996,-0.0160000008,20230408490706,686,0x3,0x4,20.0400009,26.4652462,0.0242982451,-0.160481825,1.11201043e-05,30,1.21899998,1
686103400106565,229247291,2460046.9719976345,60046.472916699997,17.0404167,0.0242763627,32768,zg,298.00375589999999,29.870623200000001,0.99000001,-0.0309999995,20230412472917,686,0x3,0x4,19.4500008,25.5142231,0.0328477323,-0.126408458,2.08403835e-05,30,1.25,1
686103400106565,229747581,2460051.9752007211,60051.475810199998,17.0548325,0.0243575107,32768,zg,298.003805,29.870634299999999,1.07099998,-0.00700000022,20230417475799,686,0x3,0x4,21.1100006,26.5058041,0.020539131,-0.140966371,7.88730449e-06,30,1.17900002,1
686103400106565,230045417,2460054.9537559454,60054.454178200001,17.0861053,0.0245369263,32768,zg,298.00372900000002,29.870650900000001,1.38699996,-0.0120000001,20230420454178,686,0x3,0x4,20.7999992,26.4913197,0.0239805933,-0.149680033,1.11554018e-05,30,1.23599994,1
686103400106565,230245511,2460056.9548201305,60056.455115700002,17.0680428,0.0244327299,32768,zg,298.00381199999998,29.8706137,0.797999978,0.00899999961,20230422455104,686,0x3,0x4,20.9500008,26.5630341,0.0243980344,-0.1734211,1.11705285e-05,30,1.20799994,1
686103400106565,230448060,2460058.9804351446,60058.480601900003,17.0441399,0.0242972262,0,zg,298.00376829999999,29.8706216,0.870000005,-0,20230424480440,686,0x3,0x4,21.1200008,26.3500271,0.0175529141,-0.112635143,5.75442937e-06,30,1.10300004,1
686103400106565,230742324,2460061.9232616746,60061.423240700002,17.0313377,0.0242257509,0,zg,298.00373830000001,29.870633399999999,0.811999977,-0.0329999998,20230427423229,686,0x3,0x4,21.0799999,26.4081364,0.0185504053,-0.111150883,6.63512719e-06,30,1.29499996,1
686103400106565,230944660,2460063.9467591261,60063.446608799997,17.0382919,0.0242644791,0,zg,298.00378439999997,29.870621700000001,1.85099995,-0.0179999992,20230429446609,686,0x3,0x4,21.2099991,26.4551182,0.0193519499,-0.121232927,6.97877567e-06,30,1.16600001,1
686103400106565,232240559,2460076.9065629281,60076.405590299997,17.0537434,0.0243513454,0,zg,298.00374049999999,29.8706335,0.601999998,0.00800000038,20230512405590,686,0x3,0x4,20.8400002,26.4387264,0.0196003933,-0.118696086,7.33156048e-06,30,1.18700004,1
686103400106565,232439239,2460078.8934921166,60078.392395800001,17.0425739,0.0242884401,0,zg,298.00375400000001,29.870619099999999,0.933000028,-0.057,20230514392396,686,0x3,0x4,21.3199997,26.3933754,0.0178777911,-0.0939423889,6.12435133e-06,30,1.21899998,1
686103400106565,232736600,2460081.8672863711,60081.366006900003,17.0303917,0.0242204946,0,zg,298.00374720000002,29.870635799999999,0.819000006,-0.0309999995,20230517366007,686,0x3,0x4,21.1499996,26.3671494,0.0177756082,-0.0982194096,6.03999206e-06,30,1.30900002,1
686103400106565,232943018,2460083.9315902572,60083.430185199999,17.0600948,0.0243873764,0,zg,298.0037585,29.870615099999998,1.88600004,-0.0599999987,20230519430174,686,0x3,0x4,21.3199997,26.4919605,0.0221482534,-0.127353102,9.24238793e-06,30,1.06200004,1
686103400106565,233136585,2460085.86737788,60085.365856500001,17.0521126,0.0243421234,32768,zg,298.00375980000001,29.870623699999999,0.584999979,0.00200000009,20230521365856,686,0x3,0x4,21.0100002,26.4379921,0.0226129964,-0.145047471,9.80900131e-06,30,1.25300002,1
686103400106565,233345428,2460087.9559277352,60087.454282400002,17.0299454,0.0242180228,0,zg,298.00378060000003,29.870623800000001,0.957000017,0.0130000003,20230523454271,686,0x3,0x4,21.5,26.4797058,0.0183135457,-0.109706849,6.41394854e-06,30,1.01300001,1
686103400106565,233543516,2460089.9369231528,60089.435162000002,17.0362453,0.024253061,0,zg,298.00376180000001,29.870633900000001,0.660000026,-0.00600000005,20230525435150,686,0x3,0x4,21.2999992,26.457058,0.0183305312,-0.105718456,6.39744894e-06,30,1.02699995,1
686103400106565,233834159,2460092.8435249613,60092.3415972,17.0663033,0.0244227778,0,zg,298.0037355,29.870634599999999,0.465999991,0.00999999978,20230528341586,686,0x3,0x4,20.7800007,26.4333,0.0194907226,-0.132155821,7.42561542e-06,30,1.27900004,1
686103400106565,234445572,2460098.9579932997,60098.455729200003,17.0149784,0.0241355095,0,zg,298.0037567,29.870626000000001,0.307000011,-0,20230603455718,686,0x3,0x4,20.4699993,26.4477539,0.0183077659,-0.106135525,6.47759043e-06,30,1,1
686103400106565,234932228,2460103.8247962007,60103.322280100001,17.0892563,0.0245552603,32768,zg,298.00373739999998,29.870635499999999,0.847000003,-0.0219999999,20230608322269,686,0x3,0x4,20.3299999,26.341383,0.0211059358,-0.15094009,8.58618841e-06,30,1.227,1
686103400106565,235635952,2460110.8623781423,60110.359525499996,17.0787392,0.0244942456,0,zg,298.00374849999997,29.870623200000001,1.07799995,-0.0379999988,20230615359514,686,0x3,0x4,21.3600006,26.4527893,0.0185776949,-0.12237031,6.60443902e-06,30,1.05599999,1
686103400106565,235842231,2460112.925259206,60112.422314800002,17.0260201,0.024196282,0,zg,298.0037524,29.870618400000001,0.588,0.00499999989,20230617422292,686,0x3,0x4,21.4500008,26.4058399,0.0156852379,-0.0794681609,4.6096302e-06,30,1,1
686103400106565,236141973,2460115.9228055431,60115.419733800001,17.0286713,0.0242109559,0,zg,298.00375930000001,29.870636699999999,1.20299995,-0.0599999987,20230620419711,686,0x3,0x4,21.1100006,26.3934097,0.0194289498,-0.0961640924,7.15388342e-06,30,1.00199997,1
686103400106565,236440129,2460118.9044873854,60118.401296299999,17.0411453,0.0242804401,0,zg,298.00376080000001,29.8706289,0.759000003,-0.00999999978,20230623401273,686,0x3,0x4,20.7199993,26.491066,0.0197017863,-0.111480869,7.41084978e-06,30,1,1
686103400106565,236643322,2460120.9364972743,60120.433229200004,17.0491791,0.0243255682,0,zg,298.00375059999999,29.870618700000001,0.879999995,-0.00899999961,20230625433229,686,0x3,0x4,21.1599998,26.4941006,0.0191768948,-0.100775309,6.95481049e-06,30,1.02100003,1
686103400106565,236843312,2460122.9364653216,60122.433125000003,17.031353,0.0242258366,0,zg,298.00376460000001,29.8706307,0.693000019,-0.0329999998,20230627433125,686,0x3,0x4,21.3600006,26.4931698,0.0162183139,-0.0965610817,4.98124382e-06,30,1.02699995,1
686103400106565,237040815,2460124.9115678701,60124.408159699997,17.0547714,0.0243571643,0,zg,298.00375400000001,29.870636399999999,0.816999972,0.00300000003,20230629408160,686,0x3,0x4,21.1499996,26.5047626,0.0184841547,-0.126025736,6.4929809e-06,30,1.00800002,1
686103400106565,237243379,2460126.9372703545,60126.4337963,17.0503731,0.0243323054,0,zg,298.0037585,29.870618199999999,0.681999981,-0.0179999992,20230701433785,686,0x3,0x4,21.0599995,26.4372272,0.0167302955,-0.0820589662,5.37997403e-06,30,1.04400003,1
686103400106565,237444502,2460128.9485588088,60128.445023100001,17.0336418,0.0242385585,0,zg,298.00378990000002,29.8706204,0.561999977,-0.0140000004,20230703445023,686,0x3,0x4,19.9400005,26.4413929,0.0212832857,-0.10620448,8.65190486e-06,30,1.07599998,1
686103400106565,238039261,2460134.8963112524,60134.392615700002,17.0254383,0.0241930634,0,zg,298.00375589999999,29.870626900000001,0.492000014,-0.0450000018,20230709392616,686,0x3,0x4,21.0900002,26.4902096,0.0166132227,-0.0813122466,5.29574982e-06,30,1.01800001,1
686103400106565,238235949,2460136.8632315029,60136.359490700001,17.0344315,0.0242429525,0,zg,298.0037805,29.870609300000002,1.02699995,0.0500000007,20230711359491,686,0x3,0x4,21.2700005,26.5382519,0.0182466097,-0.1204556,6.34678509e-06,30,1.00100005,1
686103400106565,238438693,2460138.8907162696,60138.386932900001,17.0408592,0.0242788363,0,zg,298.00377709999998,29.8706189,0.81400001,-0.0189999994,20230713386910,686,0x3,0x4,21.0900002,26.3406086,0.0203683656,-0.0997174606,7.98305427e-06,30,1.02400005,1
686103400106565,238634922,2460140.8530450938,60140.349224500002,17.0337811,0.0242393296,0,zg,298.00376499999999,29.8706216,0.63499999,-0.0140000004,20230715349201,686,0x3,0x4,21.4699993,26.4545498,0.0162601788,-0.0722210333,5.04143964e-06,30,1.00100005,1
686103400106565,238635944,2460140.8632651758,60140.359444399997,17.0266171,0.0241995845,0,zg,298.00376560000001,29.8706265,1.005,-0.0309999995,20230715359421,686,0x3,0x4,21.3999996,26.4693546,0.0174027309,-0.0757207349,5.83103247e-06,30,1.005,1
686103400106565,238941655,2460143.9204216781,60143.416550900001,17.0443306,0.0242982972,0,zg,298.0037676,29.870631199999998,0.708000004,-0.0480000004,20230718416551,686,0x3,0x4,21.2000008,26.4821014,0.016901087,-0.112072356,5.36886455e-06,30,1.10699999,1
686103400106565,239139057,2460145.8944766019,60145.390578699997,17.0222416,0.0241754204,0,zg,298.00377250000003,29.870626600000001,0.708999991,-0.00800000038,20230720390567,686,0x3,0x4,21.4200001,26.4689369,0.0158286076,-0.0814026818,4.69575525e-06,30,1.05999994,1
686103400106565,239340731,2460147.9112361455,60147.407314800002,17.03368,0.0242387708,0,zg,298.00375830000002,29.870627200000001,0.637000024,-0.00800000038,20230722407303,686,0x3,0x4,21.0300007,26.2934418,0.0260737762,-0.105077162,1.30436065e-05,30,1.11199999,1
686103400106565,239536045,2460149.864391367,60149.360451400004,17.0442047,0.0242975876,0,zg,298.00376790000001,29.870624899999999,0.529999971,-0.0260000005,20230724360440,686,0x3,0x4,21.2600002,26.5090656,0.0177699365,-0.122461066,6.07548509e-06,30,1.02900004,1
686103400106565,239745276,2460151.9567215256,60151.452766199996,17.032505,0.0242322329,0,zg,298.00376349999999,29.870630800000001,0.84799999,-0.0430000015,20230726452755,686,0x3,0x4,21.1100006,26.3692722,0.0180508606,-0.0872997642,6.40032249e-06,30,1.35599995,1
686103400106565,240036164,2460154.8656125506,60154.3616435,17.0200062,0.0241631102,32768,zg,298.00377020000002,29.870616399999999,0.771000028,-0.0520000011,20230729361632,686,0x3,0x4,20.0499992,25.6226768,0.0230665337,-0.0879499912,1.02650392e-05,30,1.051,1
686103400106565,240221715,2460156.7211258356,60156.217152800004,17.074791,0.0244714767,0,zg,298.00378369999999,29.870615099999998,0.788999975,0.0130000003,20230731217153,686,0x3,0x4,19.9699993,26.4297771,0.0242562145,-0.136335552,1.12619082e-05,30,1.09200001,1
686103400106565,240633201,2460160.8359826715,60160.332013899999,17.0126572,0.0241228007,0,zg,298.0037585,29.870626099999999,0.99000001,0.00499999989,20230804332014,686,0x3,0x4,20.6499996,26.4643478,0.0190446731,-0.0714668557,6.92409185e-06,30,1.03100002,1
686103400106565,240821670,2460162.720662158,60162.216701400001,17.0384769,0.0242655165,0,zg,298.00375810000003,29.870627800000001,1.16900003,-0.0140000004,20230806216632,686,0x3,0x4,21.2600002,26.521225,0.0183336698,-0.0961856395,6.50364063e-06,30,1.05700004,1
686103400106565,241534078,2460169.8446831317,60169.340787000001,16.5757256,0.0221149176,32768,zg,298.00376319999998,29.870611400000001,1.62899995,-0.0489999987,20230813340752,686,0x3,0x4,18.4599991,23.9994831,0.442834258,0.406881064,0.00626459485,30,1.09500003,1
686103400106565,241733287,2460171.8367387787,60171.332870400001,17.0406799,0.0242778361,0,zg,298.00375409999998,29.8706265,0.966000021,-0.0549999997,20230815332870,686,0x3,0x4,21.3500004,26.4625397,0.0158460625,-0.0876170471,4.74014132e-06,30,1.08800006,1
686103400106565,241925518,2460173.7590228436,60173.255185200003,17.035656,0.0242497735,0,zg,298.0037734,29.870629099999999,1.38800001,-0.0359999985,20230817255139,686,0x3,0x4,21.3299999,26.5154629,0.0193816144,-0.103828974,7.15965416e-06,30,1,1
686103400106565,242625157,2460180.7552673705,60180.251574100002,17.0867004,0.0245403852,32768,zg,298.00381090000002,29.870596500000001,1.977,-0.103,20230824251447,686,0x3,0x4,21.1499996,26.5776939,0.0223373193,-0.150333539,9.65773052e-06,30,1.00600004,1
686103400106565,242823458,2460182.7382265916,60182.2345833,17.035923,0.0242512617,0,zg,298.00375229999997,29.870625100000002,0.523000002,0.00499999989,20230826234479,686,0x3,0x4,20.9200001,26.5197201,0.0179853588,-0.102194332,6.15019462e-06,30,1.00100005,1
686103400106565,243024206,2460184.7456489368,60184.242060199998,17.089613,0.0245573446,32768,zg,298.00382280000002,29.870602300000002,1.06700003,0.063000001,20230828242025,686,0x3,0x4,20.2700005,26.553627,0.0235571284,-0.148137748,1.07768783e-05,30,1.00699997,1
686103400106565,243218619,2460186.6897242526,60186.186192100002,16.9985962,0.024046354,0,zg,298.0037519,29.870614199999999,0.656000018,-0.0320000015,20230830186192,686,0x3,0x4,20.2199993,26.4732094,0.021415757,-0.095656991,8.93487595e-06,30,1.01100004,1
686103400106565,243741618,2460191.9195425725,60191.416180599997,17.0015736,0.0240624715,0,zg,298.00377989999998,29.870622099999999,0.282999992,-0.00300000003,20230904416169,686,0x3,0x4,19.5400009,26.212244,0.0281291381,-0.0628646985,1.47878736e-05,30,2.20600009,1
686103400106565,244027983,2460194.7830962562,60194.279838000002,17.0446777,0.0243002456,0,zg,298.00377040000001,29.870624100000001,0.904999971,-0.0329999998,20230907279803,686,0x3,0x4,21.0300007,26.5184269,0.017261127,-0.123238757,5.58519241e-06,30,1.11399996,1
686103400106565,244627021,2460200.773237512,60200.270219899998,17.0419464,0.0242849253,0,zg,298.00377150000003,29.870626600000001,0.409999996,0.00100000005,20230913270185,686,0x3,0x4,21.1900005,26.5037785,0.0169488285,-0.11163523,5.49335573e-06,30,1.13399994,1
686103400106565,244817854,2460202.6814763076,60202.178541699999,17.0501022,0.0243307799,0,zg,298.00375509999998,29.8706374,1.10899997,-0.050999999,20230915178495,686,0x3,0x4,21.25,26.4859352,0.0183229037,-0.0997365937,6.45269438e-06,30,1.00100005,1
686103400106565,245021998,2460204.7228309242,60204.2199884,17.0390472,0.0242687017,0,zg,298.00377250000003,29.870625100000002,0.959999979,-0.00400000019,20230917219954,686,0x3,0x4,21.3500004,26.4998703,0.0178423934,-0.108451277,6.30292425e-06,30,1.04299998,1
686103400106565,245224652,2460206.7492756937,60206.246527800002,17.0371571,0.0242581423,0,zg,298.00375839999998,29.870621400000001,0.667999983,-0.0289999992,20230919246481,686,0x3,0x4,21.1800003,26.4870205,0.0153293312,-0.0938117132,4.40948497e-06,30,1.11300004,1
686103400106565,245515175,2460209.6543662339,60209.151759300003,17.0462303,0.0243089721,0,zg,298.0037438,29.8706149,0.718999982,-0.0130000003,20230922151667,686,0x3,0x4,20.5599995,26.5300388,0.0198209528,-0.119687624,7.70551287e-06,30,1,1
686103400106565,245822310,2460212.7255532816,60212.223101900003,17.0841751,0.0245257188,32768,zg,298.00381370000002,29.8706028,1.097,0,20230925223102,686,0x3,0x4,20.5200005,26.5522575,0.0274474975,-0.154410809,1.40839184e-05,30,1.09399998,1
686103400106565,246015415,2460214.6565054851,60214.154155099997,17.0576324,0.0243733823,0,zg,298.00377500000002,29.870609000000002,1.43599999,0.057,20230927154144,686,0x3,0x4,20.3500004,26.5214272,0.0212199632,-0.118260063,8.56205679e-06,30,1.00399995,1
686103400106565,246220663,2460216.7088723122,60216.206631900001,17.0497169,0.0243286006,0,zg,298.00376610000001,29.870618799999999,0.684000015,-0.0329999998,20230929206620,686,0x3,0x4,20.1499996,26.4975967,0.0230025053,-0.102157012,1.00173474e-05,30,1.08000004,1
686103400106565,246620021,2460220.7022391851,60220.200219899998,17.0468063,0.0243122093,0,zg,298.00377459999999,29.870642499999999,0.93599999,0.00300000003,20231003200208,686,0x3,0x4,20.3500004,26.4778175,0.0201251321,-0.139016867,7.65484856e-06,30,1.09099996,1
686103400106565,246820090,2460222.7028079643,60222.200902800003,17.0186539,0.0241556764,0,zg,298.00372659999999,29.8706295,0.625,-0.00700000022,20231005200903,686,0x3,0x4,20.6299992,26.4775085,0.0250889566,-0.100211516,1.19760143e-05,30,1.10699999,1
686103400106565,247019339,2460224.6951806843,60224.193391200002,17.0741806,0.0244679637,32768,zg,298.00391739999998,29.870580700000001,2.37599993,0.0810000002,20231007193391,686,0x3,0x4,20.75,26.5941067,0.0268022418,-0.171975389,1.36940234e-05,30,1.102,1
686103400106565,247422554,2460228.7270935746,60228.225544000001,17.0236397,0.0241831299,0,zg,298.00373020000001,29.870614400000001,1.04799998,0.00200000009,20231011225544,686,0x3,0x4,20.6499996,26.4393826,0.019769134,-0.0786371306,7.45856278e-06,30,1.26100004,1
686103400106565,247718114,2460231.6825152482,60231.181145800001,17.0221214,0.024174761,0,zg,298.00374920000002,29.870635100000001,0.66900003,0.0109999999,20231014181146,686,0x3,0x4,21.1299992,26.4799175,0.0183055773,-0.106150761,6.35768538e-06,30,1.12100005,1
686103400106565,247920329,2460233.7045429396,60233.203298599998,17.0399189,0.0242735762,0,zg,298.00376679999999,29.870633699999999,0.82099998,-0.0520000011,20231016203287,686,0x3,0x4,20.9699993,26.4557571,0.0174841005,-0.0946221054,5.95960546e-06,30,1.22099996,1
686103400106565,248115616,2460235.6572913183,60235.156169000002,17.0216694,0.0241722669,0,zg,298.00376039999998,29.8706247,0.981999993,-0.0410000011,20231018156169,686,0x3,0x4,21.1299992,26.4723892,0.0178492367,-0.0926151052,6.12923077e-06,30,1.08399999,1
686103400106565,248314156,2460237.6425596424,60237.141562500001,17.0195103,0.0241603814,0,zg,298.00375059999999,29.870620899999999,1.19500005,-0.0189999994,20231020141551,686,0x3,0x4,21.2299995,26.4482784,0.0188559759,-0.0803929046,6.74810644e-06,30,1.06400001,1
686103400106565,248516186,2460239.66273217,60239.161863399997,17.06007,0.0243872348,0,zg,298.00376519999998,29.8706304,0.898999989,-0.0500000007,20231022161852,686,0x3,0x4,20.8400002,26.5310459,0.0197954867,-0.123987623,7.41523945e-06,30,1.12899995,1
686103400106565,248814009,2460242.640770691,60242.140092599999,17.0377846,0.0242616497,0,zg,298.00375550000001,29.8706265,0.704999983,-0.0410000011,20231025140093,686,0x3,0x4,20.5699997,26.4517422,0.0178587567,-0.0907953382,6.14924375e-06,30,1.09099996,1
686103400106565,249112438,2460245.6248723166,60245.1243866,17.0277176,0.0242056735,0,zg,298.00375869999999,29.8706356,0.790000021,-0.0270000007,20231028124375,686,0x3,0x4,20.0300007,26.4726295,0.0217806101,-0.0939332992,9.00003124e-06,30,1.074,1
686103400106565,249312124,2460247.6216064994,60247.121249999997,17.0966377,0.0245984066,0,zg,298.0037213,29.870686800000001,0.423000008,-0.0179999992,20231030121250,686,0x3,0x4,19.1399994,26.4407616,0.0411119983,-0.0874067843,3.37486199e-05,30,1.079,1
686103400106565,249513736,2460249.637586901,60249.137361100002,17.0012054,0.0240604747,0,zg,298.00375200000002,29.870618,1.05200005,0.00400000019,20231101137350,686,0x3,0x4,19.8999996,26.4528313,0.0268288981,-0.0795066059,1.3745841e-05,30,1.13699996,1
686103400106565,249712072,2460251.6208263673,60251.120729200004,17.0278454,0.0242063813,0,zg,298.00375819999999,29.8706228,0.944999993,-0.0270000007,20231103120729,686,0x3,0x4,21.1399994,26.4717255,0.0175993983,-0.0849983767,5.90553555e-06,30,1.10500002,1
686103400106565,249912199,2460253.6219581356,60253.121990699998,17.0340843,0.0242410209,0,zg,298.00375029999998,29.8706207,1.24199998,-0.0399999991,20231105121979,686,0x3,0x4,21.1299992,26.5000305,0.0187491793,-0.106485896,6.66952792e-06,30,1.12399995,1
686103400106565,250112196,2460255.6218056204,60255.121967599996,17.0412521,0.0242810398,0,zg,298.00376230000001,29.870626699999999,0.619000018,-0.0280000009,20231107121968,686,0x3,0x4,21.0900002,26.49016,0.0167757608,-0.0935409069,5.21748552e-06,30,1.14100003,1
686103400106565,250414412,2460258.6437636334,60258.1441204,17.0683708,0.0244346075,0,zg,298.00373130000003,29.8706371,0.528999984,0.0109999999,20231110144120,686,0x3,0x4,19.8799992,26.2185841,0.0263871662,-0.074635312,1.34382772e-05,30,1.26400006,1
686103400106565,250614350,2460260.6430220418,60260.1435069,17.0233593,0.0241815839,0,zg,298.00374349999998,29.8706213,0.797999978,-0.0130000003,20231112143495,686,0x3,0x4,20.25,26.4293499,0.0293471962,-0.0793625638,1.64681842e-05,30,1.28900003,1
686103400106565,250815700,2460262.6563892467,60262.157002300002,17.05653,0.0243671313,0,zg,298.0037815,29.870636600000001,0.323000014,0.0170000009,20231114156991,686,0x3,0x4,20.7099991,26.3805561,0.0215231348,-0.12360476,8.85933969e-06,30,1.40499997,1
686103400106565,251412479,2460268.6238051485,60268.1247917,17.035183,0.0242471341,0,zg,298.00374190000002,29.870629300000001,1.30599999,-0.0149999997,20231120124780,686,0x3,0x4,20.3299999,26.4502296,0.0200314801,-0.107272722,7.80454957e-06,30,1.30599999,1
686103400106565,253412126,2460288.6191385579,60288.121261599998,17.0737,0.0244651977,0,zg,298.00376870000002,29.8706277,0.160999998,0.00600000005,20231210121262,686,0x3,0x4,19.4899998,26.327177,0.0347623937,-0.0728787407,2.34043364e-05,30,1.73000002,1
686103400106565,261449597,2460368.9929391537,60368.495972199999,17.0216103,0.0241719428,32768,zg,298.00370249999997,29.8706481,0.787999988,0.0130000003,20240228495972,686,0x3,0x4,19.3700008,26.104784,0.0311306566,-0.0756036937,1.8553872e-05,30,2.27399993,1
686103400106565,263347796,2460387.9756975905,60387.477962999998,17.0142288,0.0241314024,0,zg,298.00373089999999,29.870646799999999,0.867999971,-0.0149999997,20240318477963,686,0x3,0x4,20.3600006,26.3244209,0.0219969973,-0.0885804668,9.27930068e-06,30,1.72300005,1
686103400106565,263545457,2460389.9524031174,60389.454571800001,17.0195141,0.0241604019,0,zg,298.00372529999999,29.870635,0.573000014,-0.00700000022,20240320454560,686,0x3,0x4,20.0599995,26.2146606,0.0293351226,-0.0687210634,1.59428655e-05,30,1.972,1
686103400106565,263751075,2460392.0086872047,60391.510752299997,17.0519753,0.0243413504,0,zg,298.00373589999998,29.870637800000001,0.549000025,-0.0109999999,20240322510752,686,0x3,0x4,20.3899994,26.3992481,0.0201695058,-0.098120831,7.70548468e-06,30,1.34500003,1
686103400106565,264242486,2460396.9230544772,60396.4248611,17.0820999,0.0245136842,32768,zg,298.003851,29.8706195,0.597000003,-0.0149999997,20240327424861,686,0x3,0x4,18.8899994,26.1845818,0.0620046742,-0.0752666742,7.62306518e-05,30,2.16300011,1
686103400106565,264946354,2460403.9621297717,60403.463541700003,17.0417328,0.0242837314,0,zg,298.00371419999999,29.870627899999999,0.787,-0.023,20240403463530,686,0x3,0x4,20.6800003,26.4189377,0.0182204414,-0.107066207,6.28856969e-06,30,1.44400001,1
686103400106565,265346766,2460407.9664854384,60407.467662000003,17.0785942,0.0244934037,0,zg,298.00371089999999,29.870659799999999,0.977999985,-0.00100000005,20240407467662,686,0x3,0x4,20.8700008,26.440012,0.0183888171,-0.137846783,6.37617632e-06,30,1.34200001,1
686103400106565,266645303,2460420.9526570658,60420.453032400001,17.0707436,0.0244482141,0,zg,298.00374240000002,29.870637899999998,0.194000006,-0.00899999961,20240420452986,686,0x3,0x4,20.4599991,26.4429913,0.020332139,-0.124333814,7.79145739e-06,30,1.23199999,1
686103400106565,266847700,2460422.9767552665,60422.477002300002,17.0613327,0.0243944172,0,zg,298.0037476,29.870629399999999,0.885999978,-0.0469999984,20240422476991,686,0x3,0x4,20.5200005,26.4384747,0.0185468383,-0.0999178365,6.53165989e-06,30,1.12300003,1
686103400106565,267444553,2460428.945665969,60428.445532400001,17.0662956,0.0244227387,0,zg,298.00372809999999,29.870647600000002,0.745000005,-0.0120000001,20240428445532,686,0x3,0x4,20.3199997,26.4736176,0.0218872651,-0.123755842,9.22391246e-06,30,1.17299998,1
686103400106565,267646798,2460430.9682489699,60430.467986099997,17.0568924,0.0243691895,0,zg,298.00374310000001,29.870643900000001,1.07799995,-0.0240000002,20240430467975,686,0x3,0x4,20.75,26.4940815,0.0187827665,-0.123613037,6.69327301e-06,30,1.08800006,1
686103400106565,267946961,2460433.9700726573,60433.469618100004,17.0319519,0.0242291614,0,zg,298.00373630000001,29.870617800000002,0.828000009,-0.0130000003,20240503469606,686,0x3,0x4,21.3199997,26.4389648,0.0169667657,-0.103140473,5.39419898e-06,30,1.06599998,1
686103400106565,268746261,2460441.9635759401,60441.462615700002,17.091156,0.0245663431,32768,zg,298.00372399999998,29.870564399999999,0.681999981,0.00899999961,20240511462616,686,0x3,0x4,20.3199997,26.5394459,0.0289259087,-0.182098821,1.59852243e-05,30,1.03900003,1
686103400106565,269046594,2460444.9670960633,60444.465949099998,17.1017418,0.0246283971,32768,zg,298.00386589999999,29.870598399999999,1.19799995,-0.00200000009,20240514465949,686,0x3,0x4,20.8999996,26.5810509,0.0245217737,-0.181124493,1.15602452e-05,30,1.02400005,1
686103400106565,269342184,2460447.9231685414,60447.421840299998,17.0453072,0.024303779,0,zg,298.00374040000003,29.870626699999999,0.968999982,-0.0450000018,20240517421829,686,0x3,0x4,21.0100002,26.4522266,0.0210283734,-0.109478921,8.40201847e-06,30,1.08700001,1
686103400106565,269743645,2460451.9380280124,60451.436458299999,17.0492897,0.0243261941,0,zg,298.00374879999998,29.870630500000001,0.638999999,-0.023,20240521436447,686,0x3,0x4,20.3500004,26.4064827,0.0209511872,-0.109656528,8.31702437e-06,30,1.03799999,1
686103400106565,270444469,2460458.9466743409,60458.4446991,17.0214806,0.0241712276,0,zg,298.00375389999999,29.870630800000001,0.727999985,-0.023,20240528444653,686,0x3,0x4,20.8899994,26.4673939,0.0175746791,-0.0917426944,5.80081905e-06,30,1.00800002,1
686103400106565,270642614,2460460.9282314121,60460.426145799996,17.0420113,0.0242852867,0,zg,298.00373769999999,29.8706292,0.763999999,-0.0430000015,20240530426134,686,0x3,0x4,20.9599991,26.458046,0.0194558389,-0.09598919,7.23935773e-06,30,1.01999998,1
686103400106565,270934144,2460463.8436908927,60463.341446799997,17.0511761,0.0243368335,0,zg,298.0037461,29.870615099999998,1.28799999,-0.0179999992,20240602341447,686,0x3,0x4,20.8199997,26.3991585,0.0196300596,-0.111894131,7.33534534e-06,30,1.20599997,1
686103400106565,271543681,2460469.9393761503,60469.436817100002,17.0436096,0.0242942497,0,zg,298.00375500000001,29.870616500000001,1.22399998,-0.0710000023,20240608436701,686,0x3,0x4,21.2199993,26.4194832,0.018252654,-0.0954391733,6.31844659e-06,30,1,1
686103400106565,271742165,2460471.9243114111,60471.421655099999,17.0500164,0.0243302938,0,zg,298.00375639999999,29.870620500000001,0.762000024,-0.0439999998,20240610421597,686,0x3,0x4,21.0599995,26.1469326,0.0269708186,-0.0897751302,1.39733675e-05,30,1.00199997,1
686103400106565,271948141,2460473.9841662846,60473.481412000001,17.0188923,0.0241569877,0,zg,298.003804,29.870638400000001,0.241999999,-0.00700000022,20240612481192,686,0x3,0x4,19.8500004,26.4336815,0.0265259817,-0.0983873233,1.34766024e-05,30,1.04100001,1
686103400106565,272940921,2460483.9123940892,60483.409212999999,17.0151634,0.0241365228,0,zg,298.00374310000001,29.8706213,0.689999998,-0.0460000001,20240622409190,686,0x3,0x4,20.1599998,26.4620285,0.0208183676,-0.0852848068,8.54871996e-06,30,1.00100005,1
686103400106565,273140457,2460485.9078289638,60485.404571799998,17.0561028,0.0243647061,0,zg,298.00375200000002,29.870622900000001,0.449000001,-0.0189999994,20240624404549,686,0x3,0x4,20.3500004,26.4501362,0.0196623057,-0.109748058,7.47781905e-06,30,1.00100005,1
686103400106565,273443664,2460488.9400096508,60488.436643499997,17.0208435,0.0241677221,0,zg,298.0037403,29.870640000000002,0.938000023,-0.0149999997,20240627436644,686,0x3,0x4,20.6700001,26.4307041,0.0190047082,-0.0569848381,6.96682037e-06,30,1.03499997,1
686103400106565,273635342,2460490.8568567382,60490.353425900001,17.0248795,0.0241899751,0,zg,298.00375489999999,29.8706347,0.703999996,-0.0729999989,20240629353403,686,0x3,0x4,21.1800003,26.4736919,0.01740578,-0.0807628706,5.7672296e-06,30,1.01100004,1
686103400106565,274041197,2460494.9155358141,60494.411979199998,17.0403671,0.0242760833,0,zg,298.00376449999999,29.8706125,0.749000013,-0.0299999993,20240703411979,686,0x3,0x4,21.2000008,26.4652309,0.0173529424,-0.0884257853,5.7480147e-06,30,1.02400005,1
686103400106565,274634982,2460500.8535385509,60500.349826400001,17.0352745,0.0242476482,0,zg,298.00375860000003,29.870625,0.663999975,-0.00600000005,20240709349826,686,0x3,0x4,21.1399994,26.4350872,0.0188277215,-0.111701258,6.78499964e-06,30,1,1
686103400106565,274840383,2460502.9075887972,60502.403831000003,17.043972,0.0242962819,0,zg,298.00377830000002,29.8706298,0.328999996,0.0199999996,20240711403831,686,0x3,0x4,20.9599991,26.3048401,0.0187327974,-0.109356582,6.74978537e-06,30,1.04299998,1
686103400106565,275032983,2460504.8336347374,60504.329837999998,17.0306568,0.0242219698,0,zg,298.00376649999998,29.870627899999999,0.615999997,-0.0109999999,20240713329792,686,0x3,0x4,21.3500004,26.3304844,0.0176235847,-0.0849760845,6.03793478e-06,30,1.00300002,1
686103400106565,275334957,2460507.8534219246,60507.349571799998,17.0631294,0.0244046599,0,zg,298.00376990000001,29.870626699999999,0.785000026,0.0189999994,20240716349560,686,0x3,0x4,21.1299992,26.5221691,0.0204960927,-0.143698841,8.20178957e-06,30,1.00300002,1
686103400106565,275539434,2460509.8982212069,60509.394340300001,17.0212631,0.0241700336,0,zg,298.00375639999999,29.8706286,0.953999996,-0.075000003,20240718394340,686,0x3,0x4,20.5900002,25.9872551,0.0396241099,-0.0971924439,2.92501591e-05,30,1.05999994,1
686103400106565,275741613,2460511.9200413595,60511.416134300001,17.0613956,0.0243947785,0,zg,298.00378410000002,29.870633699999999,0.545000017,-0.0120000001,20240720416123,686,0x3,0x4,19.8700008,26.3373928,0.0231451746,-0.107878551,1.05170966e-05,30,1.12800002,1
686103400106565,276041178,2460514.9157203482,60514.411782399999,17.0829258,0.0245184712,0,zg,298.00375279999997,29.870619999999999,1.13199997,-0.0780000016,20240723411771,686,0x3,0x4,20,26.3809967,0.0232201163,-0.121768638,1.01717696e-05,30,1.13999999,1
686103400106565,276232108,2460516.8250407255,60516.321087999997,17.0194893,0.0241602696,0,zg,298.00375430000003,29.870629900000001,1.17799997,0.0160000008,20240725321065,686,0x3,0x4,20.3899994,26.2192307,0.0200278759,-0.0727401152,7.82529605e-06,30,1.00199997,1
686103400106565,276540403,2460519.9080077135,60519.404039399997,17.0313225,0.0242256653,0,zg,298.00375910000002,29.870634800000001,0.586000025,-0.0399999991,20240728404039,686,0x3,0x4,20.9099998,26.4642696,0.0174461361,-0.094763875,5.82148414e-06,30,1.15900004,1
686103400106565,276734067,2460521.8446442517,60521.3406713,17.0478134,0.0243178774,0,zg,298.00374849999997,29.8706277,0.836000025,-0.023,20240730340671,686,0x3,0x4,21.2199993,26.4648361,0.0171675514,-0.0954888761,5.62174046e-06,30,1.02699995,1
686103400106565,277035628,2460524.8602567762,60524.356284699999,17.0264511,0.0241986662,0,zg,298.00376199999999,29.870619999999999,0.910000026,0.0450000018,20240802356215,686,0x3,0x4,21.2900009,26.4052429,0.0170919225,-0.0882053003,5.40472865e-06,30,1.06599998,1
686103400106565,277234039,2460526.8443596535,60526.340393500002,17.0313816,0.0242259949,0,zg,298.00376820000002,29.870631299999999,0.583000004,-0.0399999991,20240804340382,686,0x3,0x4,21.3400002,26.4772911,0.018208107,-0.100986443,6.28991074e-06,30,1.04700005,1
686103400106565,277628311,2460530.7870551827,60530.283113400001,17.0752716,0.0244742427,0,zg,298.00376,29.8706286,1.32700002,-0.0329999998,20240808283090,686,0x3,0x4,21.1100006,26.4634075,0.020600751,-0.128880501,8.07287142e-06,30,1.00199997,1
686103400106565,278930980,2460543.8135471195,60543.309803199998,17.0290833,0.0242132433,0,zg,298.00376240000003,29.870627299999999,0.686999977,0.0130000003,20240821309803,686,0x3,0x4,20.4099998,26.4489231,0.0211658403,-0.0859560221,8.2710776e-06,30,1.07799995,1
686103400106565,279528869,2460549.7922868617,60549.288692100003,17.045536,0.0243050661,0,zg,298.00376260000002,29.870617500000002,0.449000001,-0.0179999992,20240827288692,686,0x3,0x4,21.1100006,26.4955978,0.0183073487,-0.118389599,6.30463046e-06,30,1.06700003,1
686103400106565,279728196,2460551.7855047509,60551.2819676,17.0237846,0.0241839346,0,zg,298.00375539999999,29.870630299999998,0.561999977,-0.00700000022,20240829281968,686,0x3,0x4,21.3700008,26.4786892,0.0178168863,-0.0837895572,6.00076692e-06,30,1.06500006,1
686103400106565,279921561,2460553.7190909926,60553.215613400003,17.0469017,0.0243127476,0,zg,298.0037375,29.870629999999998,0.86500001,-0.00100000005,20240831215602,686,0x3,0x4,21.0699997,26.4829025,0.0181339998,-0.106225714,6.36681625e-06,30,1.00100005,1
686103400106565,280125431,2460555.7577280076,60555.2543171,17.0445557,0.024299562,0,zg,298.0037562,29.8706116,1.30900002,-0.0299999993,20240902254132,686,0x3,0x4,21.2700005,26.479475,0.0183032565,-0.109727517,6.35475863e-06,30,1.03600001,1
686103400106565,280326473,2460557.7680751318,60557.264733800002,17.0171432,0.024147382,0,zg,298.00374829999998,29.8706292,1.22099996,-0.0320000015,20240904264734,686,0x3,0x4,21.3400002,26.4219284,0.0179560557,-0.0833529532,6.09785366e-06,30,1.06299996,1
686103400106565,280527972,2460559.7829900743,60559.279722200001,16.9819832,0.0239571743,0,zg,298.00375339999999,29.870620200000001,0.648000002,0.00499999989,20240906279711,686,0x3,0x4,21.1399994,26.3625813,0.0170035474,-0.0735886917,5.36149219e-06,30,1.11199999,1
686103400106565,280725864,2460561.7618380091,60561.258645800001,17.0277901,0.0242060777,0,zg,298.00376160000002,29.870622900000001,1.39400005,-0.0540000014,20240908258634,686,0x3,0x4,21.0100002,26.2586403,0.0185395796,-0.0921060592,6.59623493e-06,30,1.07299995,1
686103400106565,280929835,2460563.801467103,60563.298356500003,17.0318928,0.024228828,32768,zg,298.00376019999999,29.870629699999999,1.11699998,0.0989999995,20240910298333,686,0x3,0x4,19.0499992,24.1518612,0.0461740233,-0.0175636895,4.02925871e-05,30,1.21599996,1
686103400106565,281225339,2460566.7563774041,60566.2533912,17.0463581,0.024309691,32768,zg,298.00376130000001,29.870630800000001,0.924000025,-0.0140000004,20240913253356,686,0x3,0x4,20,26.0774784,0.0228021368,-0.0855609179,9.88803731e-06,30,1.09300005,1
686103400106565,281425762,2460568.7605250538,60568.257627300001,17.0451221,0.0243027415,0,zg,298.0037585,29.870625799999999,0.672999978,-0.0439999998,20240915257616,686,0x3,0x4,20.3899994,26.4571476,0.0178961642,-0.0891262665,6.00715157e-06,30,1.11899996,1
686103400106565,281725837,2460571.7611390529,60571.258379600004,17.0459938,0.0243076384,0,zg,298.00376670000003,29.870637599999998,0.876999974,-0.0399999991,20240918258368,686,0x3,0x4,19.8500004,26.4841232,0.026335638,-0.124423526,1.28625452e-05,30,1.14699996,1
686103400106565,282527706,2460579.7794178408,60579.277060200002,17.0349655,0.0242459271,0,zg,298.00374699999998,29.870632799999999,0.734000027,0.00400000019,20240926277049,686,0x3,0x4,20.6499996,26.4079819,0.0215171799,-0.100869969,8.84596648e-06,30,1.33000004,1
686103400106565,283718185,2460591.6835391531,60591.181851900001,17.0345821,0.0242437888,0,zg,298.00375550000001,29.870629000000001,1.01600003,-0.0399999991,20241008181840,686,0x3,0x4,21.1100006,26.4264984,0.0186765771,-0.106567226,6.77540856e-06,30,1.08500004,1
686103400106565,283912486,2460593.6264321567,60593.124861099997,17.0594444,0.0243836734,0,zg,298.00376180000001,29.870627800000001,0.800000012,-0.0170000009,20241010124861,686,0x3,0x4,20.9400005,26.4826374,0.0178151205,-0.11104238,6.04085608e-06,30,1.00800002,1
686103400106565,284112516,2460595.6266117962,60595.125161999997,17.0503597,0.0243322309,0,zg,298.00377150000003,29.870618700000001,1.171,-0.0450000018,20241012125104,686,0x3,0x4,19.9500008,26.3434601,0.0245821644,-0.106994964,1.17567879e-05,30,1.01300001,1
686103400106565,284317402,2460597.6753518209,60597.1740278,17.0554085,0.0243607741,32768,zg,298.00377800000001,29.870639400000002,1.13600004,-0.0189999994,20241014174028,686,0x3,0x4,20.4599991,26.5716267,0.0227715801,-0.151778564,9.84155213e-06,30,1.10699999,1
686103400106565,284825540,2460602.7564113582,60602.255405099997,17.0254135,0.0241929274,0,zg,298.00368329999998,29.8706566,0.912,-0.0270000007,20241019255405,686,0x3,0x4,18.8299999,26.2804451,0.0462958515,-0.0836767256,4.41098164e-05,30,1.66400003,1
686103400106565,285013473,2460604.635620906,60604.134733799998,17.0337143,0.0242389571,0,zg,298.00376080000001,29.870636300000001,0.792999983,-0.0359999985,20241021134722,686,0x3,0x4,21.2199993,26.5019131,0.0178788267,-0.0990275815,6.03463195e-06,30,1.05999994,1
686103400106565,285218076,2460606.6815202804,60606.180763900004,17.0386086,0.0242662504,0,zg,298.00375159999999,29.870623299999998,0.312000006,-0.00499999989,20241023180729,686,0x3,0x4,20.9200001,26.4497375,0.0214654859,-0.0928196236,8.81994583e-06,30,1.21500003,1
686103400106565,285611380,2460610.6143111088,60610.113807900001,17.0403214,0.02427583,0,zg,298.00375769999999,29.870627299999999,0.739000022,-0.0170000009,20241027113808,686,0x3,0x4,21.3099995,26.4562683,0.0177366324,-0.0889446139,6.13550537e-06,30,1.051,1
686103400106565,286024407,2460614.7443095893,60614.244074100003,16.9970894,0.0240382161,0,zg,298.0037643,29.870634500000001,0.708000004,-0.0130000003,20241031244062,686,0x3,0x4,20.0499992,26.262085,0.0253867768,-0.0898281783,1.21607764e-05,30,1.94500005,1
686103400106565,286412018,2460618.6201693052,60618.120185200001,17.0390244,0.024268575,0,zg,298.00374410000001,29.870627599999999,0.298999995,-0.00200000009,20241104120185,686,0x3,0x4,20.7000008,26.4563217,0.0197937544,-0.113462642,7.56426562e-06,30,1.11600006,1
686103400106565,286617378,2460620.6736358143,60620.173784699997,17.0604248,0.0243892558,0,zg,298.0037663,29.870636300000001,1.03400004,0.0130000003,20241106173750,686,0x3,0x4,20.1499996,26.1626987,0.0243297406,-0.135641336,1.1391011e-05,30,1.38399994,1
686103400106565,287109754,2460625.5970807914,60625.0975463,17.0688725,0.0244374815,0,zg,298.0037605,29.8706277,0.791999996,-0,20241111097535,686,0x3,0x4,20.6100006,26.479229,0.0200778022,-0.120110266,7.5639341e-06,30,1.10599995,1
686103400106565,287315930,2460627.6587087447,60627.159305599998,17.043766,0.024295127,0,zg,298.00376010000002,29.870579200000002,0.583999991,-0.0199999996,20241113159306,686,0x3,0x4,18.9300003,26.3609581,0.0466248766,-0.0818170756,4.47580678e-05,30,1.41600001,1
686103400106565,287517400,2460629.6732804063,60629.174004599998,17.0690994,0.0244387873,0,zg,298.00372750000002,29.870633699999999,0.824999988,0.0260000005,20241115174005,686,0x3,0x4,19.3600006,26.391367,0.0324911475,-0.136614367,2.04541884e-05,30,1.58399999,1
686103400106565,287812533,2460632.6244269907,60632.125335600002,17.098568,0.024609739,0,zg,298.0037797,29.870641299999999,0.606000006,-0.00200000009,20241118125301,686,0x3,0x4,20.1800003,26.3531284,0.0435407422,-0.142025396,3.6200574e-05,30,1.28999996,1
686103400106565,288017442,2460634.6733862213,60634.174421299998,17.032959,0.0242347606,0,zg,298.00375609999998,29.870647300000002,0.486999989,0.00100000005,20241120174352,686,0x3,0x4,19.9899998,26.1031437,0.0231373832,-0.0920845121,1.01180403e-05,30,1.73699999,1
686103400106565,288209456,2460636.593408118,60636.094560199999,17.0576,0.0243732017,0,zg,298.00378549999999,29.8706268,0.418000013,-0.0109999999,20241122094549,686,0x3,0x4,20.7000008,26.4318123,0.0206234436,-0.128672361,8.09524499e-06,30,1.19700003,1
686103400106565,288514250,2460639.6411651252,60639.142500000002,17.0752869,0.024474334,32768,zg,298.00365429999999,29.870650900000001,0.792999983,-0.00700000022,20241125142465,686,0x3,0x4,19.1900005,25.64184,0.0547164679,-0.112416431,5.48241587e-05,30,1.54499996,1
686103400106565,289109592,2460645.5942469616,60645.095925900001,16.9684067,0.0238851979,32768,zg,298.00376990000001,29.870651800000001,0.660000026,-0.0450000018,20241201095926,686,0x3,0x4,18.3600006,24.7562523,0.0769108683,-0.0938563347,0.000237104716,30,1.324,1
686103400106565,289311728,2460647.6154887322,60647.117280099999,17.0441971,0.0242975485,0,zg,298.0037997,29.870639700000002,0.88499999,0.0140000004,20241203117280,686,0x3,0x4,20.3299999,26.2004051,0.0404582471,-0.112841152,3.07395239e-05,30,1.51499999,1
686103400106565,289710171,2460651.5997075127,60651.101712999996,17.0199471,0.0241627898,0,zg,298.00375919999999,29.870616500000001,0.779999971,-0.0260000005,20241207101713,686,0x3,0x4,20.4599991,26.3570957,0.0188293476,-0.0774900466,6.56052725e-06,30,1.47599995,1
686103400106565,289913501,2460653.6329008997,60653.135011600003,17.002636,0.0240682289,32768,zg,298.00376249999999,29.870629399999999,1.06500006,-0.0289999992,20241209135000,686,0x3,0x4,19.6100006,26.0576515,0.0312479995,-0.0541019998,1.87870955e-05,30,1.90499997,1
686103400106565,290111638,2460655.6141785583,60655.116388900002,16.9815559,0.0239549,0,zg,298.00380380000001,29.870647699999999,0.469000012,0.074000001,20241211116389,686,0x3,0x4,18.9099998,26.2685223,0.0462573394,-0.0815344229,4.22544799e-05,30,1.72899997,1
686103400106565,290414310,2460658.6407449353,60658.143101900001,17.039196,0.0242695361,0,zg,298.00376540000002,29.870636699999999,1.09300005,0.0189999994,20241214143102,686,0x3,0x4,18.8299999,26.2074471,0.0430182852,-0.0903549045,3.70453563e-05,30,2.30900002,1
686103400106565,290611009,2460660.6076442269,60660.1100926,17.0183735,0.024154136,0,zg,298.0037921,29.8706444,0.467000008,-0.00999999978,20241216110081,686,0x3,0x4,19.4699993,26.2765217,0.0276102033,-0.0797075033,1.43311536e-05,30,1.82299995,1
686103400106565,298554528,2460740.0424569347,60739.545289399997,17.0591564,0.0243820436,32768,zg,298.0037365,29.870650699999999,0.409000009,-0.00300000003,20250305545289,686,0x3,0x4,19.8999996,26.0653687,0.0248504225,-0.133479148,1.16988822e-05,30,1.42999995,1
686103400106565,299651671,2460751.014342288,60750.516712999997,17.0501423,0.0243310016,0,zg,298.0037375,29.8706146,0.797999978,-0.0299999993,20250316516701,686,0x3,0x4,19.4500008,26.3604832,0.0294190273,-0.0855478421,1.61303906e-05,30,1.41900003,1
686103400106565,300346540,2460757.9633753914,60757.465405100003,17.0377979,0.0242617223,0,zg,298.00372850000002,29.870643600000001,0.985000014,-0.0120000001,20250323465394,686,0x3,0x4,20.7299995,26.3328781,0.0203497056,-0.107012518,7.91805451e-06,30,1.71800005,1
686103400106565,300551437,2460760.0124522364,60759.514374999999,17.0695591,0.0244414173,0,zg,298.00374290000002,29.870635,0.843999982,0.00300000003,20250325514375,686,0x3,0x4,20.6900005,26.4796371,0.0232132915,-0.138697624,1.03056327e-05,30,1.28199995,1
686103400106565,301050370,2460765.0020520263,60764.5037037,17.0645962,0.0244130269,0,zg,298.00376080000001,29.870643000000001,1.03799999,0.00800000038,20250330503681,686,0x3,0x4,20.3700008,26.1949196,0.0257812403,-0.13131991,1.31037759e-05,30,1.26699996,1
686103400106565,301847157,2460772.9703824581,60772.471574100004,16.6573009,0.0224376861,32769,zg,298.00376890000001,29.870611700000001,0.77700001,0.0850000009,20250407471574,686,0x3,0x4,19.8400002,25.6758556,0.0435150191,-0.0900653154,4.30444015e-05,30,1.32299995,1
686103400106565,302044497,2460774.9439034341,60774.444976899998,17.0569344,0.0243694242,32768,zg,298.00372399999998,29.870652,1.023,0.00700000022,20250409444965,686,0x3,0x4,20.0200005,26.4172134,0.0267732926,-0.154078349,1.36644148e-05,30,1.46599996,1
686103400106565,302250290,2460777.0019564368,60776.502905100002,17.0698166,0.0244428925,0,zg,298.00376999999997,29.870631599999999,1.42700005,-0.0280000009,20250411502743,686,0x3,0x4,20.4500008,26.4819756,0.0209034141,-0.133158281,8.6252594e-06,30,1.13699996,1
686103400106565,303148870,2460785.9883140153,60785.488703700001,17.0725288,0.0244584605,0,zg,298.00372770000001,29.8706362,0.851999998,-0.0160000008,20250420488704,686,0x3,0x4,20.7199993,26.4718266,0.019335907,-0.112557188,6.999981e-06,30,1.10699999,1
686103400106565,304246322,2460796.9635392269,60796.463229200002,17.0780029,0.0244899914,32768,zg,298.00381190000002,29.8706335,1.31500006,-0.00200000009,20250501463229,686,0x3,0x4,21.2800007,26.5192852,0.0200006403,-0.156271443,7.61496767e-06,30,1.09500003,1
686103400106565,304844754,2460802.9482373698,60802.447546299998,17.0530396,0.0243473686,0,zg,298.00374849999997,29.8706347,0.617999971,-0.0289999992,20250507447546,686,0x3,0x4,21.3400002,26.4092579,0.0165209845,-0.10828764,5.17545277e-06,30,1.09300005,1
686103400106565,305145324,2460805.9541213275,60805.453240700001,17.0283546,0.0242092013,0,zg,298.00375550000001,29.8706204,0.522000015,0.0359999985,20250510453206,686,0x3,0x4,20.6100006,26.4592552,0.0187301692,-0.102653578,6.78627566e-06,30,1.06200004,1
686103400106565,305345560,2460807.9566078093,60807.455601900001,17.0686989,0.0244364906,0,zg,298.00376169999998,29.870626600000001,0.219999999,0.00499999989,20250512455602,686,0x3,0x4,19.5900002,26.3177719,0.0263919327,-0.0743338689,1.32163696e-05,30,1.04799998,1
686103400106565,305746981,2460811.9710688563,60811.469814800002,17.0329361,0.0242346339,0,zg,298.0037638,29.870632499999999,0.552999973,-0.0390000008,20250516469803,686,0x3,0x4,20.7000008,26.4629421,0.0184893757,-0.0947642401,6.51701384e-06,30,1.01499999,1
686103400106565,306236599,2460816.8675453095,60816.365995400003,17.0357265,0.0242501646,0,zg,298.00376199999999,29.870633300000001,0.948000014,-0.050999999,20250521365984,686,0x3,0x4,21.1599998,26.4336319,0.0175641757,-0.100321352,5.86293299e-06,30,1.24600005,1
686103400106565,306445255,2460818.9542312529,60818.452557899996,17.0375137,0.0242601372,0,zg,298.0037681,29.8705918,0.532000005,-0.00200000009,20250523452546,686,0x3,0x4,20.9300003,26.5024357,0.0178309381,-0.111492552,5.99796522e-06,30,1.01300001,1
686103400106565,306732827,2460821.8301157872,60821.328275499996,17.0623493,0.02440021,0,zg,298.00376419999998,29.8706362,0.609000027,-0.0189999994,20250526328275,686,0x3,0x4,20.8600006,26.390337,0.0233563092,-0.119667538,1.0364065e-05,30,1.38199997,1
686103400106565,306938447,2460823.8864365607,60823.384479200002,17.0639458,0.0244093128,0,zg,298.00375789999998,29.870615600000001,1.46000004,-0.00600000005,20250528384468,686,0x3,0x4,21.2199993,26.4460659,0.0214308705,-0.11735642,8.65207312e-06,30,1.10800004,1
686103400106565,307240740,2460826.9095328553,60826.407407400002,17.0667191,0.0244251601,32768,zg,298.00376080000001,29.870626000000001,0.751999974,0.00899999961,20250531407407,686,0x3,0x4,20.6200008,26.0067863,0.0433394536,-0.098549366,3.55639168e-05,30,1.04200006,1
686103400106565,307737859,2460831.8809900465,60831.3785995,17.0505409,0.0243332535,0,zg,298.00375330000003,29.870638499999998,1.11399996,-0.0430000015,20250605378565,686,0x3,0x4,21.1499996,26.4305935,0.018430423,-0.124424145,6.4642104e-06,30,1.06900001,1
686103400106565,307942634,2460833.9288379266,60833.426342600003,17.0414085,0.0242819134,0,zg,298.00374499999998,29.870627299999999,0.723999977,-0.0649999976,20250607426273,686,0x3,0x4,21.5100002,26.4643745,0.018977005,-0.0943010375,6.87608326e-06,30,1.00399995,1
686103400106565,308142182,2460835.9244234608,60835.421828699997,17.0220985,0.0241746306,0,zg,298.00376290000003,29.870628,0.703999996,-0.0379999988,20250609421713,686,0x3,0x4,20.7000008,26.4289856,0.0172601901,-0.0964634418,5.63935055e-06,30,1.00300002,1
686103400106565,308641028,2460840.9131206134,60840.410289400003,17.0406551,0.0242776945,0,zg,298.00374590000001,29.8706326,0.781000018,-0.0370000005,20250614410243,686,0x3,0x4,20.5300007,26.4575672,0.0184038002,-0.0840744674,6.3409243e-06,30,1.00199997,1
686103400106565,308929869,2460843.8016517973,60843.298692099997,17.0701809,0.0244449843,0,zg,298.00376690000002,29.870631100000001,0.829999983,-0.0160000008,20250617298692,686,0x3,0x4,20.7800007,26.4980755,0.0203346163,-0.130933911,7.89210753e-06,30,1.21700001,1
686103400106565,309133934,2460845.8423869228,60845.339340300001,17.049099,0.0243251175,0,zg,298.00375680000002,29.870626399999999,0.629999995,-0.0329999998,20250619339294,686,0x3,0x4,21.1800003,26.4370594,0.0169951636,-0.103056401,5.60152694e-06,30,1.07200003,1
686103400106565,309532248,2460849.8256948553,60849.322488400001,17.0831795,0.0245199427,32768,zg,298.00378549999999,29.8706496,1.33000004,-0.00300000003,20250623322488,686,0x3,0x4,21.0799999,26.4984016,0.0227157474,-0.147152185,9.8206965e-06,30,1.08500004,1
686103400106565,309930229,2460853.8056442882,60853.302291699998,17.0548706,0.0243577305,0,zg,298.00374440000002,29.870626600000001,0.989000022,-0.0149999997,20250627302292,686,0x3,0x4,20.7700005,26.4188843,0.0214496572,-0.10718593,8.92447497e-06,30,1.10899997,1
686103400106565,310138381,2460855.887242802,60855.383819399998,17.0405846,0.0242773015,0,zg,298.00377020000002,29.8706207,1.19500005,-0.0179999992,20250629383808,686,0x3,0x4,20.5300007,26.4695415,0.0303994734,-0.0880229026,1.76897483e-05,30,1,1
686103400106565,310343482,2460857.9383156383,60857.4348264,17.0293465,0.024214698,0,zg,298.00377580000003,29.870634599999999,0.456,-0.0260000005,20250701434595,686,0x3,0x4,21.2600002,26.4982624,0.0166854598,-0.10762988,5.27775137e-06,30,1.04799998,1
686103400106565,310539800,2460859.9015578851,60859.398009299999,17.0352592,0.0242475607,0,zg,298.00376540000002,29.870626699999999,0.763000011,-0.057,20250703397801,686,0x3,0x4,21.3199997,26.4462051,0.0165685937,-0.0866210163,5.13287296e-06,30,1.00999999,1
686103400106565,310742420,2460861.9278073655,60861.424201399997,17.0259647,0.0241959784,0,zg,298.00374399999998,29.8706356,0.726000011,0.0250000004,20250705424190,686,0x3,0x4,21.5,26.5049133,0.0204099268,-0.087963745,7.82449388e-06,30,1.04900002,1
686103400106565,310927689,2460863.7805530587,60863.276898099997,17.0216312,0.0241720565,0,zg,298.0037547,29.870624200000002,0.888999999,-0.0680000037,20250707276898,686,0x3,0x4,20.6700001,26.4254513,0.0175729617,-0.0705371797,5.96767131e-06,30,1.10399997,1
686103400106565,311134896,2460865.852675708,60865.348969899998,17.037735,0.0242613722,0,zg,298.00375580000002,29.870628700000001,0.954999983,-0.0689999983,20250709348970,686,0x3,0x4,20.6299992,26.4496078,0.0199170616,-0.0809581503,7.67005895e-06,30,1.00100005,1
686103400106565,311335521,2460867.8589708661,60867.355219899997,17.03479,0.0242449492,0,zg,298.00375910000002,29.870623999999999,0.742999971,-0.0250000004,20250711354977,686,0x3,0x4,20.2800007,26.4696102,0.0194092207,-0.0895246118,7.09614778e-06,30,1,1
686103400106565,311621796,2460870.7217713548,60870.217963000003,17.0459232,0.0243072435,0,zg,298.00374599999998,29.870628199999999,0.875,-0.0439999998,20250714217905,686,0x3,0x4,20.9300003,26.2398891,0.0196485016,-0.084586069,7.38418703e-06,30,1.24899995,1
686103400106565,311825449,2460872.7583348714,60872.254490699997,17.0087891,0.0241016857,0,zg,298.00374449999998,29.870628199999999,1.051,0.00499999989,20250716254468,686,0x3,0x4,21.2000008,26.2345409,0.0190983769,-0.0712379441,7.0793958e-06,30,1.09800005,1
686103400106565,312130438,2460875.8082763818,60875.304386600001,17.0144157,0.0241324268,0,zg,298.00376399999999,29.870631299999999,0.504000008,0.0299999993,20250719304375,686,0x3,0x4,21.4300003,26.4122162,0.0166562982,-0.0740617588,5.28902774e-06,30,1.00800002,1
686103400106565,312326660,2460877.7705227626,60877.266608799997,17.0388145,0.0242674034,0,zg,298.0037572,29.870622900000001,0.592999995,0.0199999996,20250721266435,686,0x3,0x4,21.4599991,26.3837605,0.0177190062,-0.094149828,6.07772563e-06,30,1.04400003,1
686103400106565,312529587,2460879.7998143015,60879.295879600002,17.0688858,0.0244375579,0,zg,298.0037615,29.870636399999999,0.677999973,-0.0189999994,20250723295833,686,0x3,0x4,21.2299995,26.5099506,0.018246606,-0.128585711,6.27509735e-06,30,1.00600004,1
686103400106565,312723634,2460881.7402930008,60881.236342600001,17.0451736,0.0243030302,0,zg,298.003738,29.870622399999998,0.335000008,0.00400000019,20250725236343,686,0x3,0x4,21.2399998,26.490181,0.0179082677,-0.105410919,6.07885113e-06,30,1.08200002,1
686103400106565,312931872,2460883.8226896939,60883.318726899997,17.0282745,0.0242087562,0,zg,298.00375709999997,29.870631299999999,0.748000026,-0.064000003,20250727318669,686,0x3,0x4,21.4599991,26.4992676,0.0169353765,-0.0916485339,5.41147256e-06,30,1.00199997,1
686103400106565,313128650,2460885.7904748018,60885.286504600001,17.0378304,0.0242619012,0,zg,298.0037633,29.870627599999999,0.930000007,-0.0250000004,20250729286435,686,0x3,0x4,21.4099998,26.5347328,0.01877027,-0.115414366,6.82052223e-06,30,1.00300002,1
686103400106565,313342260,2460887.9265776672,60887.422604200001,17.03405,0.0242408291,0,zg,298.00375819999999,29.870631100000001,0.479999989,-0.0149999997,20250731422373,686,0x3,0x4,21.0400009,26.4360428,0.0201652572,-0.0871018916,7.67791698e-06,30,1.26999998,1
686103400106565,315530363,2460909.8073617392,60909.303634299999,17.0630169,0.0244040154,0,zg,298.00376599999998,29.870620599999999,1.08899999,0.0109999999,20250822303634,686,0x3,0x4,21.1700001,26.428978,0.018316796,-0.111866087,6.44230204e-06,30,1.06900001,1
686103400106565,315723715,2460911.7408344396,60911.2371528,17.0159607,0.0241408944,0,zg,298.0037456,29.870635199999999,0.279000014,-0.00800000038,20250824237002,686,0x3,0x4,21.3099995,26.4197884,0.0175226443,-0.0819552988,5.89811089e-06,30,1.00100005,1
686103400106565,316219785,2460916.7014057725,60916.197858799998,17.0528183,0.0243461151,0,zg,298.00377479999997,29.8706368,1.27600002,-0.0289999992,20250829197859,686,0x3,0x4,21.2099991,26.508913,0.0185867976,-0.104712047,6.53971119e-06,30,1.00399995,1
686103400106565,316429994,2460918.8034247253,60918.299942099999,17.0355835,0.0242493674,0,zg,298.00375270000001,29.870636399999999,0.568000019,-0.0350000001,20250831299873,686,0x3,0x4,21.1700001,26.4354744,0.0180087257,-0.0857064649,6.1157034e-06,30,1.12100005,1
686103400106565,316629637,2460920.7997949515,60920.296377300001,17.0706215,0.0244475082,0,zg,298.00375220000001,29.870631899999999,0.667999983,-0.0610000007,20250902296366,686,0x3,0x4,20.8500004,26.3937435,0.0265769176,-0.108630084,1.37699035e-05,30,1.12699997,1
686103400106565,316817951,2460922.6828668928,60922.179513900002,17.0595188,0.0243841019,0,zg,298.0037375,29.8706344,0.728999972,-0.0130000003,20250904179109,686,0x3,0x4,20.5100002,26.4086418,0.0212980602,-0.114637673,8.68622647e-06,30,1.005,1
686103400106565,317022083,2460924.7241125223,60924.220833300002,17.0704575,0.0244465712,0,zg,298.00375009999999,29.870630899999998,1.54900002,-0.0209999997,20250906220822,686,0x3,0x4,20.0900002,26.4757137,0.02429373,-0.129022181,1.11022509e-05,30,1.00999999,1
686103400106565,317227915,2460926.7823561518,60926.279155099997,17.0359726,0.0242515393,0,zg,298.00374369999997,29.870623200000001,0.755999982,-0.0179999992,20250908279155,686,0x3,0x4,20.0499992,26.4480705,0.0223231576,-0.0996913761,9.53260587e-06,30,1.12399995,1
686103400106565,317428504,2460928.7881676406,60928.2850463,17.0260353,0.0241963677,0,zg,298.00377739999999,29.870627200000001,0.838999987,0.00400000019,20250910285046,686,0x3,0x4,20.5,26.4719982,0.0187456794,-0.0976393297,6.80564335e-06,30,1.16100001,1
686103400106565,317817945,2460932.6824129112,60932.179455999998,17.0361404,0.024252478,0,zg,298.0037552,29.8706301,0.783999979,-0.0270000007,20250914179433,686,0x3,0x4,21.4099998,26.4582539,0.018420985,-0.09303388,6.30651311e-06,30,1.00100005,1
686103400106565,319427826,2460948.7804187313,60948.2782639,17.0457764,0.0243064184,0,zg,298.00376130000001,29.870626399999999,0.754999995,-0.0109999999,20250930278252,686,0x3,0x4,21.1599998,26.4429989,0.0187339839,-0.106994502,6.57312557e-06,30,1.403,1
1684111300073857,58226569,2458336.7696532742,58336.265694399997,17.6164856,0.0262114406,0,zg,298.00252119999999,29.871487900000002,0.879000008,-0.0610000007,20180806265671,1684,0xb,0x3,21.1399994,26.400425,0.016927572,-0.0527523234,5.72000636e-06,30,1.00699997,2
1684111300073857,58226615,2458336.7701162724,58336.266157400001,17.6039124,0.0260681417,0,zg,298.00253959999998,29.871483999999999,0.921999991,-0.0850000009,20180806266146,1684,0xb,0x3,21.1299992,26.3977871,0.0174639896,-0.051728569,6.10623601e-06,30,1.00699997,2
1684111300073857,59628347,2458350.7872475232,58350.283472199997,17.6891556,0.0270695966,0,zg,298.00253029999999,29.8714735,1.352,-0.143999994,20180820283391,1684,0xb,0x3,20.7600002,26.360445,0.0241924506,-0.0580105744,1.13913447e-05,30,1.02600002,2
1684111300073857,62518653,2458379.6893238183,58379.186539399998,17.6390152,0.0264719967,0,zg,298.00253700000002,29.8714643,0.681999981,0.0350000001,20180918186528,1684,0xb,0x3,20.9500008,26.4093819,0.0170981102,-0.071278967,5.97490998e-06,30,1.00899994,2
1684111300073857,62723994,2458381.7426287089,58381.239942100001,17.6425323,0.0265131053,0,zg,298.00253509999999,29.871463800000001,1.06299996,0.0179999992,20180920239931,1684,0xb,0x3,20.4200001,26.3313866,0.020099869,-0.0579318181,8.12706094e-06,30,1.102,2
1684111300073857,62822714,2458382.7297797021,58382.227141199997,17.6192284,0.0262429044,0,zg,298.00253809999998,29.8714552,0.882000029,0.0130000003,20180921227130,1684,0xb,0x3,20.5100002,26.3400764,0.0176817421,-0.0621835068,6.2108038e-06,30,1.07700002,2
1684111300073857,63326362,2458387.7660051365,58387.263622699997,17.6617146,0.0267394595,0,zg,298.00250890000001,29.8714567,0.829999983,-0.0729999989,20180926263623,1684,0xb,0x3,19.9300003,26.3203926,0.0244869739,-0.0413364507,1.16163756e-05,30,1.25,2
1684111300073857,81347787,2458567.9759220458,58567.477870399998,17.5213928,0.0251637381,0,zg,298.0025723,29.871497999999999,1.48699999,-0.0930000022,20190325477870,1684,0xb,0x3,19.6000004,26.1393852,0.0329061151,-0.0167126898,2.0592026e-05,30,1.62100005,1
1684111300073857,90845753,2458662.9609114984,58662.457534699999,17.6441154,0.0265316516,0,zg,298.0025235,29.871452999999999,1.24199998,0.0289999992,20190628457535,1684,0xb,0x3,21.3400002,26.3639584,0.0202883743,-0.0706513077,8.2277229e-06,30,1.07200003,2
1684111300073857,90845798,2458662.9613629133,58662.457986100002,17.6415443,0.026501542,0,zg,298.00254489999998,29.871449500000001,1.02600002,-0.00300000003,20190628457986,1684,0xb,0x3,21.3899994,26.362402,0.0179247931,-0.080799289,6.43882277e-06,30,1.07299995,3
1684111300073857,92431291,2458678.8167184168,58678.312916700001,17.6173267,0.0262210872,0,zg,298.00254849999999,29.8714762,1.22500002,-0.0680000037,20190714312894,1684,0xb,0x3,20.4799995,26.3201885,0.0178061351,-0.0545711704,6.48754803e-06,30,1.01800001,2
1684111300073857,92535157,2458679.8553949627,58679.351574100001,17.5627232,0.0256089959,0,zg,298.00251209999999,29.871463599999998,0.640999973,-0.0869999975,20190715351435,1684,0xb,0x3,20.1900005,26.3111362,0.0198583696,-0.0452043787,7.67791971e-06,30,1.00300002,2
1684111300073857,92535202,2458679.855846372,58679.352025499997,17.570816,0.0256979801,0,zg,298.0025369,29.871451799999999,0.653999984,-0.0560000017,20190715352025,1684,0xb,0x3,20.2199993,26.3122673,0.0191099737,-0.0435041822,7.09927008e-06,30,1.00300002,3
1684111300073857,93039101,2458684.8949164706,58684.391018499999,17.6583786,0.0266998429,0,zg,298.00253629999997,29.8714595,0.609000027,-0,20190720391007,1684,0xb,0x3,19.9599991,26.3325882,0.0222656745,-0.0713343322,9.95140817e-06,30,1.05900002,2
1684111300073857,93039146,2458684.8953678748,58684.391469900002,17.693367,0.0271209348,0,zg,298.00253830000003,29.8714741,0.261000007,0.00200000009,20190720391470,1684,0xb,0x3,20.0300007,26.329792,0.0207045544,-0.062671043,8.38606411e-06,30,1.05900002,3
1684111300073857,97820761,2458732.7109127203,58732.207615699997,17.624157,0.02629962,0,zg,298.00253559999999,29.871464700000001,0.699999988,-0.0419999994,20190906207616,1684,0xb,0x3,20.9099998,26.2464657,0.0162971951,-0.0572929569,5.2867158e-06,30,1.00300002,2
1684111300073857,97820806,2458732.7113641039,58732.2080671,17.6492596,0.0265920777,0,zg,298.00253079999999,29.8714552,1.21200001,-0.0399999991,20190906208067,1684,0xb,0x3,21.0300007,26.2686977,0.0198416822,-0.0714653209,8.03989587e-06,30,1.00300002,3
1684111300073857,98024026,2458734.7434868775,58734.240266200002,17.6232357,0.026289003,0,zg,298.00252829999999,29.871457299999999,0.828000009,-0.0359999985,20190908240255,1684,0xb,0x3,20.4899998,26.2795429,0.0175000783,-0.0469534583,6.14383816e-06,30,1.03499997,2
1684111300073857,98024071,2458734.7439382598,58734.240717599998,17.6853313,0.0270231348,0,zg,298.00253679999997,29.871470500000001,0.82099998,-0.0529999994,20190908240718,1684,0xb,0x3,20.6700001,26.2989483,0.0173149481,-0.067641452,6.22358721e-06,30,1.03499997,3
1684111300073857,103411967,2458788.6199012813,58788.119675900001,17.6492043,0.0265914295,0,zg,298.00253429999998,29.871468199999999,1.27900004,-0.0590000004,20191101119676,1684,0xb,0x3,20.5200005,26.2909012,0.0204333365,-0.070875667,8.70643817e-06,30,1.08599997,2
1684111300073857,120949943,2458963.9993166262,58963.499432899996,17.6803246,0.0269625299,0,zg,298.00254289999998,29.871465300000001,0.598999977,0.0370000005,20200424499433,1684,0xb,0x3,20.8899994,26.3860435,0.0168274641,-0.0781557411,5.58559759e-06,30,1.06700003,2
1684111300073857,123048278,2458984.984000714,58984.482789399997,17.7056789,0.0272720456,0,zg,298.0025435,29.871465700000002,0.381999999,0.0280000009,20200515482789,1684,0xb,0x3,21.1100006,26.4481907,0.0160764568,-0.0762567669,5.04521404e-06,30,1.01100004,2
1684111300073857,123048326,2458984.9844752429,58984.483263900001,17.727684,0.0275459923,0,zg,298.00255479999998,29.871456299999998,0.381000012,-0.023,20200515483252,1684,0xb,0x3,21.0699997,26.457304,0.0177250151,-0.0855396539,6.16170246e-06,30,1.01100004,3
1684111300073857,125847277,2459012.9755328316,59012.472777800001,17.7207108,0.0274586454,0,zg,298.00254380000001,29.871449399999999,0.970000029,0.0659999996,20200612472407,1684,0xb,0x3,20.9799995,26.4991531,0.0186648946,-0.0823665187,7.04451986e-06,30,1.02699995,3
1684111300073857,128738436,2459041.8881211854,59041.3843634,17.5773239,0.0257699639,0,zg,298.00250629999999,29.871442200000001,2.58999991,-0.194999993,20200711384363,1684,0xb,0x3,20.2999992,26.3915977,0.0309247542,-0.0033379863,1.77645943e-05,30,1.01699996,3
1684111300073857,129639586,2459050.899775397,59050.3958681,17.692152,0.0271061081,0,zg,298.00251689999999,29.871464599999999,0.885999978,-0.0780000016,20200720395868,1684,0xb,0x3,21.2800007,26.4749527,0.0172412191,-0.0842283741,5.86360511e-06,30,1.07299995,3
1684111300073857,130631927,2459060.823243591,59060.319270799999,17.6124878,0.0261657238,0,zg,298.00254109999997,29.871465000000001,0.806999981,-0.0909999982,20200730319271,1684,0xb,0x3,20.5200005,26.4417419,0.0184185728,-0.0374107212,6.46626495e-06,30,1.00699997,3
1684111300073857,131234869,2459066.8526531947,59066.3486921,17.7056999,0.0272723064,0,zg,298.0025435,29.8714643,0.536000013,0.00700000022,20200805348692,1684,0xb,0x3,20.1700001,26.4261112,0.0180766676,-0.0648430437,6.71534326e-06,30,1.06500006,3
1684111300073857,131339239,2459067.8963508965,59067.392395800001,17.631218,0.0263812691,0,zg,298.00252310000002,29.871459300000001,0.495999992,0.0270000007,20200806392361,1684,0xb,0x3,20.1299992,26.4245872,0.0186758172,-0.0552871227,7.04536842e-06,30,1.20799994,2
1684111300073857,131339285,2459067.8968138932,59067.392858799998,17.6669922,0.0268023722,0,zg,298.0025291,29.871462600000001,0.808000028,-0.0670000017,20200806392859,1684,0xb,0x3,20.1700001,26.4205475,0.0186927132,-0.0534440763,7.0058727e-06,30,1.21000004,3
1684111300073857,131534706,2459069.8510010112,59069.347060200002,17.6420116,0.0265070088,0,zg,298.00253259999999,29.871465400000002,0.565999985,0.00400000019,20200808347060,1684,0xb,0x3,20.7600002,26.4704304,0.017072279,-0.0693153217,5.6760623e-06,30,1.08000004,2
1684111300073857,131534753,2459069.851475508,59069.347534699999,17.6930428,0.0271169748,0,zg,298.00254360000002,29.8714534,0.510999978,-0.00100000005,20200808347535,1684,0xb,0x3,20.7700005,26.4706821,0.0163258873,-0.0680365786,5.23786321e-06,30,1.08099997,3
1684111300073857,132832956,2459082.8333031517,59082.3295602,17.6230965,0.0262873936,32768,zg,298.00252519999998,29.871457299999999,0.926999986,-0.057,20200821329560,1684,0xb,0x3,20.7199993,25.8667946,0.0276816916,-0.052149944,1.49832567e-05,30,1.12800002,2
1684111300073857,132833003,2459082.8337776419,59082.330034699997,17.5934277,0.025949778,32768,zg,298.00254169999999,29.8714555,0.481999993,-0.0130000003,20200821330023,1684,0xb,0x3,20.2000008,25.4649868,0.13790445,0.00224894634,0.000380588055,30,1.12899995,3
1684111300073857,133230680,2459086.810452939,59086.306805599997,17.6844597,0.0270125698,0,zg,298.00252289999997,29.871457500000002,1.48899996,-0.0130000003,20200825306806,1684,0xb,0x3,21.2399998,26.3989792,0.016459262,-0.0838030353,5.50527648e-06,30,1.09500003,2
1684111300073857,133230726,2459086.8109158264,59086.307268500001,17.6496258,0.026596386,0,zg,298.00252719999997,29.8714659,0.889999986,-0.0410000011,20200825307269,1684,0xb,0x3,21.2000008,26.387991,0.0172974654,-0.0625563115,6.01628972e-06,30,1.09599996,3
1684111300073857,232343471,2460077.935747494,60077.434710599999,17.6822281,0.0269855466,0,zg,298.00252840000002,29.8714683,0.708999991,-0.050999999,20230513434699,1684,0xb,0x3,20.9699993,26.3958454,0.0157725066,-0.0671975464,5.08289622e-06,30,1.102,2
1684111300073857,234035271,2460094.8547605518,60094.352719900002,17.6984348,0.0271829441,0,zg,298.00256350000001,29.871465700000002,1.028,0.0309999995,20230530352720,1684,0xb,0x3,20.7099991,26.4207897,0.0171840061,-0.0891997516,5.92104925e-06,30,1.22899997,2
1684111300073857,236932918,2460123.8325613043,60123.329189800002,17.6472721,0.0265687034,0,zg,298.00255040000002,29.871468,0.903999984,-0.057,20230628329190,1684,0xb,0x3,20.8299999,26.4383926,0.0162776895,-0.0608335584,5.38472705e-06,30,1.05700004,2
1684111300073857,240537111,2460159.8750823857,60159.371111100001,17.6807499,0.0269676745,0,zg,298.00255170000003,29.871468499999999,0.552999973,0.00899999961,20230803371100,1684,0xb,0x3,20.0100002,26.4681988,0.0217696186,-0.083063893,9.7629927e-06,30,1.10000002,2
1684111300073857,243126320,2460185.7667653519,60185.263206000003,17.6698303,0.0268363208,0,zg,298.00253270000002,29.8714595,0.970000029,0.0900000036,20230829263194,1684,0xb,0x3,20.3500004,26.4525948,0.0211885087,-0.0625455156,9.24193773e-06,30,1.02900004,2
1684111300073857,243324729,2460187.7507913243,60187.247291699998,17.6885834,0.027062634,0,zg,298.0025377,29.8714671,0.838,-0.0649999976,20230831247280,1684,0xb,0x3,20.1200008,26.4404621,0.0209791623,-0.064607732,9.10366725e-06,30,1.01699996,2
1684111300073857,245522391,2460209.7265152214,60209.223912000001,17.7094498,0.0273186304,32768,zg,298.00252269999999,29.8714698,0.345999986,-0.00800000038,20230922223912,1684,0xb,0x3,19.8999996,25.8987026,0.0232582241,-0.101444378,1.12161733e-05,30,1.074,2
1684111300073857,246316696,2460217.6691555888,60217.166967600002,17.7244606,0.0275055468,0,zg,298.0025627,29.8714583,0.625,-0.0489999987,20230930166956,1684,0xb,0x3,20.1299992,26.4934158,0.0190283768,-0.0895679891,7.44204226e-06,30,1.01800001,2
